Date,Open,High,Low,Close,Adj Close,Volume
1990-01-02,7.234375,7.359375,7.218750,7.359375,3.349037,2910400
1990-01-03,7.421875,7.515625,7.421875,7.437500,3.384589,5712000
1990-01-04,7.437500,7.484375,7.421875,7.468750,3.398808,2397600
1990-01-05,7.468750,7.468750,7.390625,7.421875,3.377477,2043200
1990-01-08,7.421875,7.421875,7.328125,7.375000,3.356147,1340800
1990-01-09,7.375000,7.421875,7.312500,7.328125,3.334814,2283200
1990-01-10,7.328125,7.375000,7.296875,7.343750,3.341926,2684800
1990-01-11,7.343750,7.375000,7.328125,7.343750,3.341926,2259200
1990-01-12,7.328125,7.328125,7.203125,7.218750,3.285041,1362400
1990-01-15,7.203125,7.203125,7.156250,7.187500,3.270820,1007200
1990-01-16,7.156250,7.156250,7.078125,7.125000,3.259384,2668000
1990-01-17,7.046875,7.046875,6.812500,6.859375,3.137873,7724000
1990-01-18,6.859375,7.031250,6.687500,6.921875,3.166463,6443200
1990-01-19,6.921875,6.921875,6.843750,6.890625,3.152168,4531200
1990-01-22,6.890625,6.906250,6.765625,6.812500,3.116428,1825600
1990-01-23,6.812500,6.937500,6.796875,6.906250,3.159316,2964800
1990-01-24,6.906250,7.031250,6.781250,6.968750,3.187908,3203200
1990-01-25,6.968750,7.000000,6.890625,6.890625,3.152168,1330400
1990-01-26,6.890625,6.921875,6.812500,6.859375,3.137873,1689600
1990-01-29,6.859375,6.890625,6.765625,6.828125,3.123575,1153600
1990-01-30,6.828125,6.843750,6.734375,6.812500,3.116428,1355200
1990-01-31,6.828125,6.937500,6.828125,6.921875,3.166463,3260000
1990-02-01,6.937500,7.000000,6.937500,6.937500,3.173611,2389600
1990-02-02,6.937500,7.031250,6.875000,6.953125,3.180760,1966400
1990-02-05,6.953125,6.953125,6.875000,6.906250,3.159316,1725600
1990-02-06,6.890625,6.890625,6.828125,6.875000,3.145020,1142400
1990-02-07,6.875000,6.984375,6.781250,6.906250,3.159316,1573600
1990-02-08,6.906250,7.078125,6.906250,7.015625,3.209349,3035200
1990-02-09,7.015625,7.015625,6.921875,6.968750,3.187908,940800
1990-02-12,6.937500,6.937500,6.875000,6.921875,3.166463,1288000
1990-02-13,6.921875,6.921875,6.828125,6.921875,3.166463,1884800
1990-02-14,6.921875,6.968750,6.890625,6.937500,3.173611,1682400
1990-02-15,6.937500,7.031250,6.921875,6.984375,3.195053,1418400
1990-02-16,6.984375,7.078125,6.984375,7.031250,3.216498,2558400
1990-02-20,7.000000,7.000000,6.953125,7.000000,3.202203,1002400
1990-02-21,7.000000,7.109375,6.875000,7.093750,3.245090,1913600
1990-02-22,7.109375,7.281250,7.109375,7.187500,3.287974,3349600
1990-02-23,7.187500,7.250000,7.140625,7.218750,3.302270,1857600
1990-02-26,7.265625,7.421875,7.265625,7.390625,3.380896,4646400
1990-02-27,7.390625,7.562500,7.359375,7.515625,3.438077,6055200
1990-02-28,7.515625,7.578125,7.500000,7.578125,3.466668,3759200
1990-03-01,7.562500,7.562500,7.484375,7.546875,3.452374,2911200
1990-03-02,7.546875,7.765625,7.546875,7.765625,3.552444,7916800
1990-03-05,7.765625,7.796875,7.718750,7.796875,3.566738,2763200
1990-03-06,7.796875,7.843750,7.718750,7.843750,3.588184,3267200
1990-03-07,7.843750,7.859375,7.781250,7.796875,3.566738,2452000
1990-03-08,7.796875,7.812500,7.656250,7.796875,3.566738,3474400
1990-03-09,7.765625,7.765625,7.640625,7.750000,3.545296,3742400
1990-03-12,7.687500,7.687500,7.625000,7.656250,3.502407,2052800
1990-03-13,7.593750,7.593750,7.406250,7.531250,3.445226,8483200
1990-03-14,7.531250,7.531250,7.453125,7.531250,3.445226,4519200
1990-03-15,7.531250,7.593750,7.515625,7.578125,3.466668,3153600
1990-03-16,7.578125,7.609375,7.562500,7.593750,3.473818,2744800
1990-03-19,7.593750,7.687500,7.515625,7.687500,3.516705,1945600
1990-03-20,7.687500,7.750000,7.625000,7.640625,3.495263,2611200
1990-03-21,7.640625,7.671875,7.593750,7.609375,3.480963,1560000
1990-03-22,7.609375,7.609375,7.546875,7.578125,3.466668,2002400
1990-03-23,7.609375,7.703125,7.609375,7.703125,3.523853,2882400
1990-03-26,7.703125,7.750000,7.671875,7.734375,3.538149,2924000
1990-03-27,7.734375,7.734375,7.640625,7.703125,3.523853,1342400
1990-03-28,7.703125,7.718750,7.656250,7.656250,3.502407,1027200
1990-03-29,7.656250,7.656250,7.593750,7.656250,3.502407,778400
1990-03-30,7.656250,7.656250,7.593750,7.640625,3.495263,1112000
1990-04-02,7.578125,7.578125,7.484375,7.515625,3.438077,2544000
1990-04-03,7.531250,7.625000,7.531250,7.609375,3.480963,2569600
1990-04-04,7.609375,7.640625,7.578125,7.578125,3.466668,1610400
1990-04-05,7.578125,7.656250,7.562500,7.640625,3.495263,1200000
1990-04-06,7.593750,7.593750,7.500000,7.546875,3.452374,1929600
1990-04-09,7.546875,7.546875,7.500000,7.531250,3.445226,819200
1990-04-10,7.531250,7.546875,7.500000,7.531250,3.445226,1262400
1990-04-11,7.531250,7.546875,7.500000,7.531250,3.445226,903200
1990-04-12,7.531250,7.546875,7.484375,7.515625,3.438077,2324000
1990-04-16,7.515625,7.578125,7.515625,7.531250,3.445226,2777600
1990-04-17,7.515625,7.515625,7.421875,7.515625,3.455283,959200
1990-04-18,7.515625,7.515625,7.421875,7.421875,3.412181,1271200
1990-04-19,7.421875,7.515625,7.406250,7.484375,3.440916,2141600
1990-04-20,7.484375,7.656250,7.468750,7.562500,3.476836,8148000
1990-04-23,7.562500,7.656250,7.546875,7.578125,3.484016,5410400
1990-04-24,7.625000,7.734375,7.625000,7.656250,3.519933,4377600
1990-04-25,7.671875,7.812500,7.671875,7.781250,3.577403,5344800
1990-04-26,7.781250,7.859375,7.750000,7.812500,3.591773,4086400
1990-04-27,7.796875,7.796875,7.703125,7.718750,3.548669,2827200
1990-04-30,7.718750,7.734375,7.640625,7.671875,3.527119,1590400
1990-05-01,7.671875,7.718750,7.640625,7.656250,3.519933,1205600
1990-05-02,7.656250,7.828125,7.625000,7.828125,3.598954,4767200
1990-05-03,7.828125,7.921875,7.828125,7.843750,3.606140,2600000
1990-05-04,7.843750,7.890625,7.781250,7.859375,3.613320,3759200
1990-05-07,7.859375,8.078125,7.859375,8.046875,3.699522,3384000
1990-05-08,8.046875,8.078125,8.000000,8.078125,3.713888,2956800
1990-05-09,8.078125,8.156250,8.046875,8.125000,3.735441,5216000
1990-05-10,8.125000,8.125000,7.968750,7.968750,3.663605,3237600
1990-05-11,8.062500,8.328125,8.062500,8.281250,3.807276,5644800
1990-05-14,8.296875,8.515625,8.296875,8.406250,3.864745,8752000
1990-05-15,8.375000,8.375000,8.281250,8.328125,3.828827,4753600
1990-05-16,8.328125,8.343750,8.187500,8.203125,3.771359,4322400
1990-05-17,8.203125,8.296875,8.203125,8.250000,3.792909,6077600
1990-05-18,8.250000,8.265625,8.203125,8.250000,3.792909,3316800
1990-05-21,8.250000,8.406250,8.218750,8.375000,3.850376,6319200
1990-05-22,8.375000,8.546875,8.375000,8.421875,3.871931,8536000
1990-05-23,8.421875,8.484375,8.375000,8.468750,3.893477,4380000
1990-05-24,8.468750,8.484375,8.390625,8.468750,3.893477,3849600
1990-05-25,8.468750,8.468750,8.421875,8.453125,3.886298,1559200
1990-05-29,8.453125,8.453125,8.421875,8.453125,3.886298,2933600
1990-05-30,8.453125,8.500000,8.390625,8.437500,3.879112,3254400
1990-05-31,8.437500,8.437500,8.359375,8.375000,3.850376,1753600
1990-06-01,8.375000,8.406250,8.328125,8.359375,3.843195,1752000
1990-06-04,8.359375,8.390625,8.265625,8.390625,3.857562,4615200
1990-06-05,8.421875,8.562500,8.421875,8.468750,3.893477,5160000
1990-06-06,8.453125,8.453125,8.421875,8.453125,3.886298,2325600
1990-06-07,8.453125,8.468750,8.375000,8.390625,3.857562,1782400
1990-06-08,8.390625,8.406250,8.218750,8.312500,3.821644,1494400
1990-06-11,8.296875,8.296875,8.234375,8.234375,3.785726,2165600
1990-06-12,8.234375,8.265625,8.171875,8.250000,3.792909,3391200
1990-06-13,8.250000,8.312500,8.203125,8.218750,3.778542,2272800
1990-06-14,8.218750,8.250000,8.156250,8.250000,3.792909,2128800
1990-06-15,8.250000,8.250000,8.187500,8.203125,3.771359,3251200
1990-06-18,8.203125,8.203125,8.078125,8.078125,3.713888,3456800
1990-06-19,8.078125,8.109375,8.015625,8.046875,3.699522,3138400
1990-06-20,8.046875,8.156250,8.046875,8.140625,3.742625,3072800
1990-06-21,8.062500,8.062500,7.968750,8.031250,3.692340,5426400
1990-06-22,8.031250,8.046875,7.937500,7.937500,3.649239,2927200
1990-06-25,7.671875,7.671875,7.296875,7.312500,3.361897,15147200
1990-06-26,6.578125,6.578125,6.437500,6.562500,3.017088,39300800
1990-06-27,6.562500,6.562500,6.484375,6.531250,3.002719,11750400
1990-06-28,6.531250,6.562500,6.484375,6.546875,3.009904,7788800
1990-06-29,6.546875,6.593750,6.515625,6.578125,3.024271,5550400
1990-07-02,6.578125,6.656250,6.531250,6.625000,3.045822,7339200
1990-07-03,6.640625,6.750000,6.640625,6.750000,3.103291,4628800
1990-07-05,6.718750,6.718750,6.625000,6.687500,3.074555,2619200
1990-07-06,6.671875,6.671875,6.578125,6.609375,3.038638,3207200
1990-07-09,6.625000,6.703125,6.625000,6.687500,3.074555,2110400
1990-07-10,6.687500,6.796875,6.656250,6.656250,3.060189,5738400
1990-07-11,6.656250,6.781250,6.656250,6.781250,3.117655,3385600
1990-07-12,6.781250,6.796875,6.718750,6.796875,3.124840,2547200
1990-07-13,6.796875,6.812500,6.578125,6.593750,3.031453,4672000
1990-07-16,6.593750,6.687500,6.562500,6.671875,3.084917,4260000
1990-07-17,6.671875,6.718750,6.546875,6.593750,3.048791,4864800
1990-07-18,6.593750,6.625000,6.546875,6.578125,3.041570,2308800
1990-07-19,6.562500,6.562500,6.515625,6.562500,3.034343,2534400
1990-07-20,6.562500,6.640625,6.562500,6.562500,3.034343,3292000
1990-07-23,6.562500,6.562500,6.390625,6.484375,2.998221,2940800
1990-07-24,6.484375,6.500000,6.359375,6.375000,2.947648,3568800
1990-07-25,6.375000,6.406250,6.015625,6.234375,2.882627,8115200
1990-07-26,6.234375,6.234375,6.093750,6.125000,2.832054,5448000
1990-07-27,6.125000,6.125000,5.953125,6.000000,2.774258,4069600
1990-07-30,6.000000,6.140625,6.000000,6.109375,2.824829,2328800
1990-07-31,6.109375,6.140625,6.062500,6.109375,2.824829,2137600
1990-08-01,6.109375,6.156250,6.109375,6.156250,2.846504,1399200
1990-08-02,6.000000,6.000000,5.937500,5.953125,2.752584,3386400
1990-08-03,5.953125,5.968750,5.781250,5.890625,2.723685,3607200
1990-08-06,5.750000,5.750000,5.656250,5.656250,2.615315,2733600
1990-08-07,5.656250,5.734375,5.625000,5.656250,2.615315,4390400
1990-08-08,5.687500,5.937500,5.687500,5.828125,2.694788,3464800
1990-08-09,5.828125,5.921875,5.828125,5.921875,2.738135,1673600
1990-08-10,5.921875,5.953125,5.843750,5.875000,2.716460,1237600
1990-08-13,5.859375,5.859375,5.812500,5.828125,2.694788,2027200
1990-08-14,5.828125,5.921875,5.796875,5.921875,2.738135,1052800
1990-08-15,5.921875,5.968750,5.812500,5.843750,2.702012,2952800
1990-08-16,5.828125,5.828125,5.734375,5.750000,2.658664,1291200
1990-08-17,5.656250,5.656250,5.500000,5.578125,2.579192,2644800
1990-08-20,5.578125,5.671875,5.531250,5.656250,2.615315,1668800
1990-08-21,5.578125,5.578125,5.468750,5.484375,2.535845,2037600
1990-08-22,5.484375,5.531250,5.375000,5.375000,2.485272,1578400
1990-08-23,5.375000,5.390625,5.078125,5.296875,2.449149,5992000
1990-08-24,5.328125,5.484375,5.328125,5.484375,2.535845,1904000
1990-08-27,5.593750,5.718750,5.593750,5.593750,2.586417,2592800
1990-08-28,5.593750,5.625000,5.453125,5.484375,2.535845,1252000
1990-08-29,5.484375,5.546875,5.468750,5.468750,2.528620,1880800
1990-08-30,5.468750,5.468750,5.343750,5.343750,2.470822,1199200
1990-08-31,5.343750,5.375000,5.281250,5.375000,2.485272,620000
1990-09-04,5.375000,5.484375,5.375000,5.437500,2.514171,1190400
1990-09-05,5.437500,5.546875,5.375000,5.531250,2.557519,1434400
1990-09-06,5.531250,5.531250,5.343750,5.437500,2.514171,1294400
1990-09-07,5.437500,5.500000,5.421875,5.484375,2.535845,847200
1990-09-10,5.484375,5.593750,5.421875,5.437500,2.514171,3515200
1990-09-11,5.437500,5.437500,5.312500,5.343750,2.470822,3550400
1990-09-12,5.343750,5.375000,5.265625,5.343750,2.470822,1540000
1990-09-13,5.343750,5.359375,5.312500,5.343750,2.470822,900800
1990-09-14,5.312500,5.312500,5.171875,5.203125,2.405801,2049600
1990-09-17,5.203125,5.312500,5.156250,5.312500,2.456374,1546400
1990-09-18,5.312500,5.328125,5.234375,5.328125,2.463598,871200
1990-09-19,5.328125,5.328125,5.234375,5.265625,2.434701,1204000
1990-09-20,5.265625,5.265625,5.218750,5.250000,2.427475,1072000
1990-09-21,5.250000,5.296875,5.218750,5.234375,2.420251,2247200
1990-09-24,5.218750,5.218750,5.140625,5.187500,2.398576,2474400
1990-09-25,5.187500,5.281250,5.187500,5.265625,2.434701,1309600
1990-09-26,5.250000,5.250000,5.156250,5.203125,2.405801,1736000
1990-09-27,5.203125,5.265625,5.140625,5.203125,2.405801,1731200
1990-09-28,5.203125,5.312500,5.109375,5.281250,2.441924,2783200
1990-10-01,5.281250,5.421875,5.265625,5.343750,2.470822,1793600
1990-10-02,5.375000,5.531250,5.375000,5.421875,2.506948,2320000
1990-10-03,5.421875,5.500000,5.406250,5.500000,2.543070,2629600
1990-10-04,5.500000,5.500000,5.390625,5.390625,2.492497,4704000
1990-10-05,5.312500,5.312500,5.234375,5.281250,2.441924,2625600
1990-10-08,5.281250,5.343750,5.234375,5.250000,2.427475,969600
1990-10-09,5.234375,5.234375,4.968750,4.968750,2.297432,4763200
1990-10-10,4.921875,4.921875,4.843750,4.875000,2.254084,4448800
1990-10-11,4.875000,4.968750,4.781250,4.890625,2.261309,2772000
1990-10-12,4.890625,5.000000,4.875000,4.953125,2.290208,1552000
1990-10-15,4.953125,5.093750,4.937500,4.984375,2.304656,1926400
1990-10-16,4.890625,4.890625,4.765625,4.843750,2.256613,2320800
1990-10-17,4.843750,4.859375,4.781250,4.812500,2.242054,3465600
1990-10-18,4.953125,5.093750,4.953125,5.046875,2.351243,2463200
1990-10-19,5.093750,5.296875,5.093750,5.281250,2.460436,2676800
1990-10-22,5.281250,5.328125,5.218750,5.328125,2.482275,1761600
1990-10-23,5.328125,5.484375,5.312500,5.406250,2.518671,2084000
1990-10-24,5.406250,5.406250,5.312500,5.328125,2.482275,1229600
1990-10-25,5.312500,5.312500,5.218750,5.250000,2.445876,978400
1990-10-26,5.203125,5.203125,5.031250,5.046875,2.351243,847200
1990-10-29,5.046875,5.093750,5.000000,5.000000,2.329405,1860800
1990-10-30,5.000000,5.046875,4.937500,5.031250,2.343965,913600
1990-10-31,5.031250,5.125000,5.031250,5.093750,2.373082,1234400
1990-11-01,5.046875,5.046875,4.953125,5.015625,2.336686,2487200
1990-11-02,5.015625,5.187500,4.984375,5.171875,2.409479,2397600
1990-11-05,5.171875,5.171875,5.031250,5.062500,2.358524,2248000
1990-11-06,5.062500,5.156250,5.031250,5.062500,2.358524,1444000
1990-11-07,5.062500,5.109375,4.968750,4.984375,2.322128,3255200
1990-11-08,4.984375,5.062500,4.906250,4.968750,2.314849,1528000
1990-11-09,4.968750,5.156250,4.953125,5.140625,2.394922,2678400
1990-11-12,5.156250,5.421875,5.156250,5.406250,2.518671,2640000
1990-11-13,5.406250,5.437500,5.328125,5.390625,2.511391,2504800
1990-11-14,5.390625,5.468750,5.359375,5.453125,2.540509,1023200
1990-11-15,5.437500,5.437500,5.343750,5.390625,2.511391,1067200
1990-11-16,5.390625,5.437500,5.328125,5.375000,2.504112,739200
1990-11-19,5.390625,5.484375,5.390625,5.453125,2.540509,2272000
1990-11-20,5.453125,5.500000,5.281250,5.375000,2.504112,3161600
1990-11-21,5.375000,5.390625,5.250000,5.296875,2.467715,2436000
1990-11-23,5.125000,5.125000,4.906250,4.921875,2.293010,4577600
1990-11-26,4.921875,5.015625,4.921875,5.015625,2.336686,4036000
1990-11-27,5.031250,5.109375,5.031250,5.078125,2.365804,3588000
1990-11-28,5.078125,5.125000,5.046875,5.046875,2.351243,2092000
1990-11-29,5.046875,5.046875,4.968750,5.000000,2.329405,1948800
1990-11-30,5.000000,5.171875,5.000000,5.140625,2.394922,2613600
1990-12-03,5.218750,5.343750,5.218750,5.312500,2.474995,3143200
1990-12-04,5.312500,5.375000,5.187500,5.359375,2.496833,1881600
1990-12-05,5.359375,5.500000,5.281250,5.500000,2.562348,1208800
1990-12-06,5.531250,5.734375,5.531250,5.578125,2.598745,2690400
1990-12-07,5.578125,5.703125,5.578125,5.640625,2.627862,2260800
1990-12-10,5.656250,5.781250,5.656250,5.734375,2.671539,1817600
1990-12-11,5.703125,5.703125,5.609375,5.640625,2.627862,768000
1990-12-12,5.640625,5.812500,5.625000,5.781250,2.693377,1384000
1990-12-13,5.765625,5.765625,5.671875,5.718750,2.664258,1659200
1990-12-14,5.718750,5.718750,5.578125,5.640625,2.627862,1204800
1990-12-17,5.640625,5.640625,5.546875,5.578125,2.598745,955200
1990-12-18,5.578125,5.812500,5.531250,5.734375,2.671539,2716800
1990-12-19,5.750000,5.921875,5.750000,5.859375,2.729775,2508000
1990-12-20,5.859375,6.031250,5.718750,6.015625,2.802567,2395200
1990-12-21,6.015625,6.031250,5.875000,5.890625,2.744330,2540000
1990-12-24,5.859375,5.859375,5.812500,5.828125,2.715215,821600
1990-12-26,5.828125,5.843750,5.796875,5.812500,2.707935,1209600
1990-12-27,5.812500,5.875000,5.812500,5.812500,2.707935,1064800
1990-12-28,5.812500,5.875000,5.812500,5.828125,2.715215,1098400
1990-12-31,5.828125,5.875000,5.718750,5.875000,2.737052,1917600
1991-01-02,5.875000,5.890625,5.828125,5.828125,2.715215,1411200
1991-01-03,5.828125,5.828125,5.734375,5.734375,2.671539,1003200
1991-01-04,5.718750,5.718750,5.609375,5.640625,2.627862,990400
1991-01-07,5.593750,5.593750,5.515625,5.562500,2.591465,1822400
1991-01-08,5.562500,5.687500,5.546875,5.671875,2.642421,1609600
1991-01-09,5.671875,5.781250,5.515625,5.593750,2.606023,2950400
1991-01-10,5.593750,5.687500,5.578125,5.687500,2.649699,1009600
1991-01-11,5.687500,5.781250,5.671875,5.750000,2.678817,1012800
1991-01-14,5.750000,5.781250,5.687500,5.734375,2.671539,1252800
1991-01-15,5.734375,5.750000,5.656250,5.734375,2.689124,1581600
1991-01-16,5.609375,5.609375,5.406250,5.453125,2.557231,6082400
1991-01-17,5.562500,5.703125,5.562500,5.703125,2.674469,3179200
1991-01-18,5.703125,5.718750,5.500000,5.562500,2.608524,3467200
1991-01-21,5.562500,5.562500,5.515625,5.562500,2.608524,591200
1991-01-22,5.421875,5.421875,5.343750,5.359375,2.513269,2828800
1991-01-23,5.359375,5.500000,5.328125,5.484375,2.571887,2043200
1991-01-24,5.593750,5.859375,5.593750,5.781250,2.711105,3887200
1991-01-25,5.812500,5.984375,5.812500,5.843750,2.740415,2651200
1991-01-28,5.843750,6.000000,5.828125,6.000000,2.813688,3550400
1991-01-29,6.000000,6.125000,5.984375,6.125000,2.872306,2611200
1991-01-30,6.125000,6.312500,6.125000,6.218750,2.916270,3854400
1991-01-31,6.218750,6.265625,6.203125,6.218750,2.916270,3290400
1991-02-01,6.218750,6.312500,6.109375,6.171875,2.894287,2251200
1991-02-04,6.171875,6.281250,6.140625,6.265625,2.938252,1664000
1991-02-05,6.312500,6.375000,6.312500,6.359375,2.982217,3164000
1991-02-06,6.359375,6.359375,6.218750,6.234375,2.923599,2236000
1991-02-07,6.234375,6.250000,6.031250,6.062500,2.842998,3143200
1991-02-08,6.062500,6.078125,5.921875,5.984375,2.806361,2381600
1991-02-11,5.984375,6.125000,5.968750,6.109375,2.864981,5071200
1991-02-12,6.109375,6.250000,6.015625,6.234375,2.923599,6367200
1991-02-13,6.234375,6.328125,6.218750,6.296875,2.952907,1629600
1991-02-14,6.296875,6.390625,6.296875,6.343750,2.974888,3534400
1991-02-15,6.343750,6.406250,6.281250,6.390625,2.996871,2853600
1991-02-19,6.421875,6.515625,6.421875,6.468750,3.033508,2751200
1991-02-20,6.375000,6.375000,6.250000,6.328125,2.967562,4236800
1991-02-21,6.328125,6.406250,6.093750,6.218750,2.916270,4526400
1991-02-22,6.218750,6.234375,6.109375,6.203125,2.908945,4204800
1991-02-25,6.250000,6.359375,6.250000,6.328125,2.967562,3442400
1991-02-26,6.328125,6.328125,6.265625,6.281250,2.945580,1956800
1991-02-27,6.296875,6.859375,6.296875,6.687500,3.136090,10696000
1991-02-28,6.703125,6.984375,6.703125,6.828125,3.202035,8106400
1991-03-01,6.828125,6.890625,6.703125,6.875000,3.224018,3834400
1991-03-04,6.906250,7.125000,6.906250,6.937500,3.253327,6124800
1991-03-05,7.000000,7.171875,7.000000,7.078125,3.319273,5410400
1991-03-06,7.078125,7.203125,6.859375,6.859375,3.216691,8100000
1991-03-07,6.859375,6.906250,6.812500,6.843750,3.209363,3812800
1991-03-08,6.843750,6.984375,6.843750,6.843750,3.209363,1890400
1991-03-11,6.843750,6.937500,6.781250,6.937500,3.253327,2101600
1991-03-12,6.937500,6.984375,6.812500,6.812500,3.194708,2921600
1991-03-13,6.812500,6.890625,6.781250,6.859375,3.216691,1520000
1991-03-14,6.859375,6.937500,6.828125,6.843750,3.209363,2828000
1991-03-15,6.843750,6.843750,6.562500,6.671875,3.128762,6928000
1991-03-18,6.656250,6.656250,6.468750,6.515625,3.055490,2060000
1991-03-19,6.421875,6.421875,6.265625,6.296875,2.952907,4192800
1991-03-20,6.296875,6.312500,6.156250,6.265625,2.938252,3277600
1991-03-21,6.265625,6.296875,6.156250,6.171875,2.894287,2351200
1991-03-22,6.171875,6.171875,5.984375,6.031250,2.828343,3663200
1991-03-25,6.031250,6.140625,6.015625,6.125000,2.872306,2093600
1991-03-26,6.125000,6.125000,6.062500,6.109375,2.864981,3200800
1991-03-27,6.109375,6.187500,6.062500,6.078125,2.850325,2304000
1991-03-28,6.078125,6.234375,5.953125,5.984375,2.806361,1659200
1991-04-01,5.984375,5.984375,5.937500,5.937500,2.784380,1438400
1991-04-02,5.953125,6.046875,5.953125,6.000000,2.813688,1878400
1991-04-03,6.000000,6.187500,6.000000,6.062500,2.842998,3258400
1991-04-04,6.093750,6.187500,6.093750,6.093750,2.857651,2211200
1991-04-05,6.093750,6.109375,5.937500,5.937500,2.784380,2349600
1991-04-08,5.937500,6.015625,5.937500,6.015625,2.821015,1205600
1991-04-09,6.000000,6.000000,5.937500,5.937500,2.784380,1406400
1991-04-10,5.937500,5.984375,5.796875,5.859375,2.747744,2554400
1991-04-11,5.859375,5.937500,5.859375,5.906250,2.769725,2009600
1991-04-12,5.906250,5.968750,5.781250,5.859375,2.747744,1960800
1991-04-15,5.859375,5.859375,5.812500,5.859375,2.747744,1435200
1991-04-16,5.859375,6.203125,5.843750,6.203125,2.927682,2488800
1991-04-17,6.203125,6.234375,6.156250,6.187500,2.920306,2335200
1991-04-18,6.187500,6.390625,6.187500,6.312500,2.979303,3737600
1991-04-19,6.281250,6.281250,6.187500,6.187500,2.920306,1024800
1991-04-22,6.187500,6.234375,6.078125,6.125000,2.890806,2327200
1991-04-23,6.125000,6.187500,6.046875,6.093750,2.876058,2043200
1991-04-24,6.078125,6.078125,5.937500,6.031250,2.846560,1737600
1991-04-25,6.000000,6.000000,5.906250,5.968750,2.817061,1717600
1991-04-26,5.968750,5.968750,5.875000,5.937500,2.802315,833600
1991-04-29,5.937500,6.062500,5.921875,5.921875,2.794939,1160800
1991-04-30,5.921875,6.000000,5.890625,5.953125,2.809688,2476000
1991-05-01,5.984375,6.093750,5.984375,6.093750,2.876058,1036800
1991-05-02,6.109375,6.234375,6.109375,6.171875,2.912931,1527200
1991-05-03,6.250000,6.390625,6.250000,6.281250,2.964554,3572000
1991-05-06,6.281250,6.312500,6.171875,6.218750,2.935055,2314400
1991-05-07,6.265625,6.343750,6.265625,6.343750,2.994050,3559200
1991-05-08,6.343750,6.437500,6.328125,6.437500,3.038297,2764000
1991-05-09,6.437500,6.546875,6.421875,6.531250,3.082545,2522400
1991-05-10,6.531250,6.562500,6.390625,6.484375,3.060423,2012000
1991-05-13,6.484375,6.484375,6.390625,6.421875,3.030924,1440800
1991-05-14,6.390625,6.390625,6.281250,6.328125,2.986677,1693600
1991-05-15,6.328125,6.328125,6.171875,6.218750,2.935055,1932000
1991-05-16,6.218750,6.250000,6.171875,6.250000,2.949804,1835200
1991-05-17,6.250000,6.296875,6.187500,6.250000,2.949804,1694400
1991-05-20,6.250000,6.281250,6.171875,6.187500,2.920306,1069600
1991-05-21,6.156250,6.156250,5.984375,6.015625,2.839186,3941600
1991-05-22,6.015625,6.015625,5.843750,5.859375,2.765442,3570400
1991-05-23,5.859375,5.890625,5.718750,5.796875,2.735944,4782400
1991-05-24,5.796875,5.812500,5.765625,5.781250,2.728568,2568800
1991-05-28,5.781250,5.953125,5.781250,5.953125,2.809688,4444800
1991-05-29,5.953125,6.031250,5.890625,5.953125,2.809688,3298400
1991-05-30,5.968750,6.218750,5.968750,6.140625,2.898183,4867200
1991-05-31,6.203125,6.468750,6.203125,6.468750,3.053047,5884800
1991-06-03,6.468750,6.718750,6.453125,6.687500,3.156290,4033600
1991-06-04,6.671875,6.671875,6.578125,6.609375,3.119417,3937600
1991-06-05,6.562500,6.562500,6.453125,6.484375,3.060423,2163200
1991-06-06,6.484375,6.484375,6.421875,6.453125,3.045672,2290400
1991-06-07,6.453125,6.546875,6.406250,6.484375,3.060423,1560000
1991-06-10,6.500000,6.531250,6.500000,6.515625,3.075171,1092000
1991-06-11,6.531250,6.609375,6.531250,6.562500,3.097296,2225600
1991-06-12,6.562500,6.562500,6.421875,6.468750,3.053047,2360800
1991-06-13,6.468750,6.468750,6.406250,6.421875,3.030924,1194400
1991-06-14,6.453125,6.484375,6.453125,6.484375,3.060423,743200
1991-06-17,6.484375,6.484375,6.421875,6.453125,3.045672,639200
1991-06-18,6.453125,6.468750,6.359375,6.359375,3.001426,1295200
1991-06-19,6.265625,6.265625,6.171875,6.187500,2.920306,1592800
1991-06-20,6.171875,6.171875,6.109375,6.156250,2.905556,1385600
1991-06-21,6.171875,6.250000,6.171875,6.250000,2.949804,2070400
1991-06-24,6.218750,6.218750,6.078125,6.078125,2.868686,1020000
1991-06-25,6.093750,6.156250,6.093750,6.109375,2.883434,1113600
1991-06-26,6.109375,6.250000,6.109375,6.250000,2.949804,1304000
1991-06-27,6.250000,6.312500,6.203125,6.312500,2.979303,998400
1991-06-28,6.265625,6.265625,6.125000,6.171875,2.912931,1248800
1991-07-01,6.171875,6.218750,6.031250,6.218750,2.935055,1912800
1991-07-02,6.218750,6.218750,6.125000,6.218750,2.935055,1833600
1991-07-03,6.171875,6.171875,6.046875,6.093750,2.876058,1220800
1991-07-05,6.093750,6.093750,6.046875,6.062500,2.861310,1010400
1991-07-08,6.046875,6.046875,5.953125,5.968750,2.817061,2148000
1991-07-09,5.968750,5.968750,5.890625,5.890625,2.780190,1787200
1991-07-10,5.890625,6.031250,5.890625,5.906250,2.787565,2309600
1991-07-11,5.906250,5.984375,5.906250,5.906250,2.787565,1409600
1991-07-12,5.906250,6.031250,5.890625,6.000000,2.831811,981600
1991-07-15,6.000000,6.093750,6.000000,6.078125,2.868686,823200
1991-07-16,6.078125,6.093750,5.953125,5.953125,2.827130,1289600
1991-07-17,5.953125,6.031250,5.937500,5.968750,2.834549,1062400
1991-07-18,5.984375,6.109375,5.984375,6.046875,2.871652,1436000
1991-07-19,6.125000,6.187500,6.125000,6.156250,2.923595,1947200
1991-07-22,6.156250,6.281250,6.125000,6.250000,2.968116,2231200
1991-07-23,6.250000,6.296875,6.187500,6.187500,2.938435,1132800
1991-07-24,6.187500,6.218750,6.078125,6.078125,2.886493,2325600
1991-07-25,6.078125,6.203125,5.984375,6.187500,2.938435,1886400
1991-07-26,6.187500,6.218750,6.078125,6.093750,2.893912,658400
1991-07-29,6.093750,6.171875,6.031250,6.156250,2.923595,1148000
1991-07-30,6.203125,6.296875,6.203125,6.203125,2.945857,2344000
1991-07-31,6.203125,6.203125,6.093750,6.140625,2.916173,1496800
1991-08-01,6.140625,6.171875,6.109375,6.171875,2.931015,1577600
1991-08-02,6.187500,6.250000,6.187500,6.203125,2.945857,1515200
1991-08-05,6.203125,6.203125,6.093750,6.093750,2.893912,1771200
1991-08-06,6.093750,6.156250,6.078125,6.125000,2.908754,2101600
1991-08-07,6.125000,6.187500,6.109375,6.125000,2.908754,1081600
1991-08-08,6.125000,6.250000,6.109375,6.171875,2.931015,1551200
1991-08-09,6.171875,6.234375,6.093750,6.109375,2.901333,1754400
1991-08-12,6.093750,6.093750,6.046875,6.078125,2.886493,703200
1991-08-13,6.078125,6.078125,5.968750,5.984375,2.841971,1916000
1991-08-14,5.984375,6.031250,5.953125,5.968750,2.834549,1618400
1991-08-15,5.968750,6.000000,5.921875,5.921875,2.812290,1330400
1991-08-16,5.921875,5.953125,5.796875,5.859375,2.782610,4667200
1991-08-19,5.796875,5.796875,5.562500,5.671875,2.693565,2612800
1991-08-20,5.671875,5.734375,5.656250,5.703125,2.708405,3253600
1991-08-21,5.781250,5.875000,5.781250,5.859375,2.782610,2895200
1991-08-22,5.859375,5.937500,5.843750,5.890625,2.797449,1844000
1991-08-23,5.890625,6.093750,5.859375,6.031250,2.864233,3708000
1991-08-26,6.015625,6.015625,5.953125,5.968750,2.834549,773600
1991-08-27,5.968750,5.968750,5.843750,5.937500,2.819711,2436800
1991-08-28,5.937500,6.015625,5.875000,6.000000,2.849391,1054400
1991-08-29,6.000000,6.015625,5.921875,5.953125,2.827130,1780800
1991-08-30,5.953125,5.968750,5.890625,5.937500,2.819711,1347200
1991-09-03,5.937500,5.937500,5.875000,5.890625,2.797449,1626400
1991-09-04,5.859375,5.859375,5.812500,5.812500,2.760348,1552800
1991-09-05,5.812500,5.875000,5.812500,5.828125,2.767769,908000
1991-09-06,5.828125,5.906250,5.812500,5.843750,2.775188,1650400
1991-09-09,5.843750,5.875000,5.765625,5.812500,2.760348,888000
1991-09-10,5.812500,5.859375,5.765625,5.781250,2.745508,1105600
1991-09-11,5.781250,5.828125,5.734375,5.765625,2.738087,1285600
1991-09-12,5.765625,5.828125,5.750000,5.750000,2.730667,1261600
1991-09-13,5.734375,5.734375,5.609375,5.656250,2.686146,3304800
1991-09-16,5.656250,5.796875,5.656250,5.750000,2.730667,2196800
1991-09-17,5.750000,5.750000,5.703125,5.718750,2.715826,1225600
1991-09-18,5.718750,5.734375,5.703125,5.734375,2.723248,564000
1991-09-19,5.734375,5.781250,5.718750,5.718750,2.715826,1322400
1991-09-20,5.718750,5.781250,5.656250,5.718750,2.715826,2697600
1991-09-23,5.718750,5.718750,5.656250,5.656250,2.686146,1362400
1991-09-24,5.656250,5.765625,5.656250,5.703125,2.708405,1799200
1991-09-25,5.703125,5.734375,5.671875,5.718750,2.715826,1727200
1991-09-26,5.718750,5.718750,5.562500,5.562500,2.641624,1831200
1991-09-27,5.562500,5.609375,5.531250,5.609375,2.663884,1694400
1991-09-30,5.609375,5.625000,5.578125,5.578125,2.649044,1120000
1991-10-01,5.578125,5.578125,5.515625,5.531250,2.626784,2029600
1991-10-02,5.546875,5.593750,5.546875,5.562500,2.641624,1736800
1991-10-03,5.562500,5.578125,5.546875,5.562500,2.641624,1251200
1991-10-04,5.562500,5.593750,5.562500,5.562500,2.641624,1088000
1991-10-07,5.593750,5.656250,5.593750,5.656250,2.686146,1756000
1991-10-08,5.671875,5.765625,5.671875,5.765625,2.738087,2148000
1991-10-09,5.765625,5.781250,5.625000,5.625000,2.671304,1752800
1991-10-10,5.625000,5.656250,5.593750,5.640625,2.678724,1368000
1991-10-11,5.640625,5.703125,5.578125,5.609375,2.663884,3491200
1991-10-14,5.625000,5.671875,5.625000,5.671875,2.693565,1556000
1991-10-15,5.671875,5.687500,5.609375,5.640625,2.696554,2484000
1991-10-16,5.640625,5.765625,5.531250,5.765625,2.756310,2361600
1991-10-17,5.765625,5.937500,5.718750,5.937500,2.838478,3046400
1991-10-18,5.937500,6.078125,5.828125,6.078125,2.905704,4621600
1991-10-21,6.078125,6.140625,6.062500,6.109375,2.920645,5408800
1991-10-22,6.109375,6.171875,6.046875,6.125000,2.928113,2635200
1991-10-23,6.125000,6.156250,6.031250,6.093750,2.913173,2052800
1991-10-24,6.093750,6.109375,5.921875,6.000000,2.868356,2189600
1991-10-25,6.000000,6.031250,5.875000,5.937500,2.838478,1544000
1991-10-28,5.968750,6.046875,5.968750,6.000000,2.868356,2171200
1991-10-29,6.000000,6.046875,5.937500,5.953125,2.845947,2249600
1991-10-30,5.953125,5.968750,5.906250,5.968750,2.853415,1407200
1991-10-31,5.968750,6.062500,5.953125,6.000000,2.868356,1548800
1991-11-01,6.000000,6.062500,5.890625,5.906250,2.823538,1553600
1991-11-04,5.906250,6.062500,5.812500,6.062500,2.898236,1673600
1991-11-05,6.062500,6.062500,6.000000,6.031250,2.883296,1502400
1991-11-06,6.031250,6.046875,6.000000,6.015625,2.875825,1494400
1991-11-07,6.031250,6.062500,6.031250,6.062500,2.898236,1279200
1991-11-08,6.062500,6.109375,6.015625,6.046875,2.890763,991200
1991-11-11,6.031250,6.031250,5.984375,6.000000,2.868356,343200
1991-11-12,6.000000,6.046875,5.953125,6.000000,2.868356,1235200
1991-11-13,6.000000,6.000000,5.921875,6.000000,2.868356,772000
1991-11-14,5.656250,5.656250,5.500000,5.609375,2.681614,9000800
1991-11-15,5.609375,5.656250,5.500000,5.515625,2.636796,3069600
1991-11-18,5.515625,5.546875,5.390625,5.406250,2.584507,2736800
1991-11-19,5.375000,5.375000,5.140625,5.328125,2.547159,4388800
1991-11-20,5.328125,5.375000,5.218750,5.234375,2.502343,2501600
1991-11-21,5.234375,5.234375,5.140625,5.171875,2.472462,3529600
1991-11-22,5.171875,5.171875,5.078125,5.093750,2.435115,2825600
1991-11-25,5.078125,5.078125,4.906250,4.968750,2.375357,4100800
1991-11-26,4.968750,5.046875,4.703125,4.875000,2.330539,5288000
1991-11-27,4.890625,5.015625,4.890625,4.984375,2.382826,2950400
1991-11-29,5.031250,5.218750,5.031250,5.156250,2.464993,1904800
1991-12-02,5.156250,5.453125,5.140625,5.421875,2.591979,2951200
1991-12-03,5.421875,5.468750,5.156250,5.250000,2.509811,2316800
1991-12-04,5.250000,5.312500,5.187500,5.234375,2.502343,1596800
1991-12-05,5.234375,5.250000,5.125000,5.140625,2.457525,693600
1991-12-06,5.140625,5.218750,4.968750,4.968750,2.375357,3472800
1991-12-09,4.968750,5.000000,4.937500,4.953125,2.367887,1640000
1991-12-10,4.953125,4.984375,4.921875,4.921875,2.352948,2887200
1991-12-11,4.921875,4.968750,4.812500,4.875000,2.330539,6771200
1991-12-12,4.906250,5.062500,4.906250,5.046875,2.412706,3432800
1991-12-13,5.046875,5.125000,5.046875,5.062500,2.420176,3277600
1991-12-16,5.062500,5.078125,5.046875,5.062500,2.420176,2579200
1991-12-17,5.062500,5.078125,4.968750,5.000000,2.390296,2032800
1991-12-18,5.000000,5.015625,4.937500,4.937500,2.360417,3279200
1991-12-19,4.937500,4.937500,4.843750,4.875000,2.330539,2758400
1991-12-20,4.875000,4.984375,4.859375,4.890625,2.338010,3393600
1991-12-23,4.921875,5.203125,4.921875,5.187500,2.479933,2787200
1991-12-24,5.187500,5.296875,5.187500,5.250000,2.509811,1563200
1991-12-26,5.250000,5.437500,5.218750,5.421875,2.591979,1235200
1991-12-27,5.421875,5.500000,5.281250,5.312500,2.539690,1420000
1991-12-30,5.312500,5.359375,5.218750,5.343750,2.554629,2600800
1991-12-31,5.343750,5.500000,5.296875,5.484375,2.621856,1780000
1992-01-02,5.484375,5.562500,5.359375,5.453125,2.606917,1799200
1992-01-03,5.453125,5.562500,5.421875,5.437500,2.599447,2748800
1992-01-06,5.437500,5.609375,5.437500,5.453125,2.606917,1587200
1992-01-07,5.453125,5.500000,5.421875,5.484375,2.621856,1440800
1992-01-08,5.484375,5.500000,5.453125,5.453125,2.606917,2921600
1992-01-09,5.453125,5.484375,5.421875,5.453125,2.606917,1564000
1992-01-10,5.453125,5.453125,5.375000,5.390625,2.577038,1891200
1992-01-13,5.375000,5.375000,5.218750,5.218750,2.494873,2840000
1992-01-14,5.218750,5.328125,5.156250,5.328125,2.556345,2720800
1992-01-15,5.390625,5.671875,5.390625,5.640625,2.706277,4092000
1992-01-16,5.640625,5.968750,5.625000,5.890625,2.826222,6253600
1992-01-17,5.890625,5.953125,5.875000,5.937500,2.848712,4531200
1992-01-20,5.937500,6.046875,5.843750,6.031250,2.893691,4936000
1992-01-21,5.953125,5.953125,5.734375,5.843750,2.803732,5636000
1992-01-22,5.843750,5.890625,5.718750,5.859375,2.811230,3180000
1992-01-23,5.859375,5.890625,5.781250,5.859375,2.811230,2755200
1992-01-24,5.859375,5.890625,5.828125,5.843750,2.803732,1332800
1992-01-27,5.859375,5.937500,5.859375,5.937500,2.848712,1634400
1992-01-28,5.937500,5.937500,5.812500,5.843750,2.803732,2193600
1992-01-29,5.828125,5.828125,5.781250,5.796875,2.781244,3416000
1992-01-30,5.796875,5.843750,5.781250,5.843750,2.803732,1379200
1992-01-31,5.843750,5.843750,5.781250,5.843750,2.803732,1660800
1992-02-03,5.843750,5.921875,5.828125,5.843750,2.803732,2548800
1992-02-04,5.875000,5.968750,5.875000,5.968750,2.863704,3292800
1992-02-05,5.968750,6.046875,5.890625,6.015625,2.886195,4106400
1992-02-06,6.062500,6.125000,6.062500,6.125000,2.938672,3984000
1992-02-07,6.125000,6.125000,5.937500,5.937500,2.848712,3476800
1992-02-10,5.968750,6.234375,5.968750,6.234375,2.991148,2770400
1992-02-11,6.234375,6.234375,6.140625,6.156250,2.953666,3962400
1992-02-12,6.156250,6.406250,6.140625,6.343750,3.043624,4196800
1992-02-13,6.343750,6.390625,6.234375,6.265625,3.006140,3148800
1992-02-14,6.265625,6.359375,6.234375,6.328125,3.036127,1676800
1992-02-18,6.328125,6.437500,6.265625,6.406250,3.073612,3243200
1992-02-19,6.406250,6.593750,6.390625,6.578125,3.156073,2980800
1992-02-20,6.562500,6.562500,6.453125,6.531250,3.133585,4834400
1992-02-21,6.500000,6.500000,6.296875,6.343750,3.043624,3500800
1992-02-24,6.343750,6.468750,6.343750,6.437500,3.088603,1348800
1992-02-25,6.406250,6.406250,6.203125,6.250000,2.998645,3027200
1992-02-26,6.250000,6.312500,6.218750,6.296875,3.021134,2352800
1992-02-27,6.296875,6.296875,6.140625,6.140625,2.946168,1726400
1992-02-28,6.140625,6.234375,6.078125,6.109375,2.931174,1676000
1992-03-02,6.156250,6.359375,6.156250,6.359375,3.051119,1295200
1992-03-03,6.359375,6.484375,6.281250,6.312500,3.028631,3111200
1992-03-04,6.328125,6.421875,6.328125,6.375000,3.058616,2194400
1992-03-05,6.343750,6.343750,6.218750,6.234375,2.991148,2128800
1992-03-06,6.218750,6.218750,6.156250,6.187500,2.968659,1332800
1992-03-09,6.156250,6.156250,6.093750,6.140625,2.946168,1922400
1992-03-10,6.140625,6.171875,6.015625,6.031250,2.893691,3696800
1992-03-11,6.031250,6.109375,5.875000,5.968750,2.863704,3056800
1992-03-12,5.968750,5.984375,5.890625,5.937500,2.848712,2271200
1992-03-13,5.953125,6.125000,5.953125,6.125000,2.938672,873600
1992-03-16,6.125000,6.140625,6.078125,6.078125,2.916181,904000
1992-03-17,6.078125,6.078125,6.015625,6.015625,2.886195,1577600
1992-03-18,6.015625,6.265625,5.968750,6.203125,2.976155,1888800
1992-03-19,6.203125,6.281250,6.171875,6.203125,2.976155,1937600
1992-03-20,6.203125,6.234375,6.140625,6.218750,2.983651,1576000
1992-03-23,6.187500,6.187500,6.140625,6.187500,2.968659,648000
1992-03-24,6.187500,6.203125,6.140625,6.140625,2.946168,1316000
1992-03-25,6.140625,6.296875,6.140625,6.250000,2.998645,2431200
1992-03-26,6.250000,6.343750,6.250000,6.343750,3.043624,1640800
1992-03-27,6.296875,6.296875,6.234375,6.250000,2.998645,1276800
1992-03-30,6.250000,6.296875,6.250000,6.296875,3.021134,1681600
1992-03-31,6.296875,6.312500,6.250000,6.250000,2.998645,2166400
1992-04-01,6.218750,6.218750,6.093750,6.171875,2.961160,2507200
1992-04-02,6.171875,6.171875,6.015625,6.156250,2.953666,3516800
1992-04-03,6.156250,6.265625,6.031250,6.265625,3.006140,2826400
1992-04-06,6.265625,6.328125,6.171875,6.250000,2.998645,3516800
1992-04-07,6.250000,6.281250,6.140625,6.171875,2.961160,2319200
1992-04-08,6.156250,6.156250,5.890625,6.000000,2.878698,2242400
1992-04-09,6.000000,6.015625,5.953125,6.000000,2.878698,2015200
1992-04-10,6.031250,6.078125,6.031250,6.078125,2.916181,2380800
1992-04-13,6.078125,6.171875,6.062500,6.156250,2.962804,898400
1992-04-14,6.156250,6.218750,6.078125,6.187500,2.977845,1705600
1992-04-15,6.453125,6.750000,6.453125,6.734375,3.241037,10740800
1992-04-16,6.734375,6.750000,6.625000,6.687500,3.218478,3704000
1992-04-20,6.750000,7.015625,6.750000,7.000000,3.368874,4534400
1992-04-21,6.937500,6.937500,6.812500,6.843750,3.293675,5128000
1992-04-22,6.843750,7.156250,6.796875,7.093750,3.413994,8363200
1992-04-23,7.093750,7.140625,6.984375,7.093750,3.413994,4673600
1992-04-24,7.093750,7.156250,7.015625,7.078125,3.406474,1869600
1992-04-27,7.000000,7.000000,6.890625,6.953125,3.346316,2159200
1992-04-28,6.953125,7.015625,6.890625,6.968750,3.353833,2409600
1992-04-29,6.968750,7.015625,6.953125,7.000000,3.368874,1784800
1992-04-30,7.000000,7.031250,6.906250,7.015625,3.376393,2114400
1992-05-01,7.015625,7.015625,6.906250,6.906250,3.323754,2020800
1992-05-04,6.906250,7.015625,6.890625,7.015625,3.376393,1932800
1992-05-05,6.984375,6.984375,6.687500,6.687500,3.218478,2470400
1992-05-06,6.796875,7.031250,6.796875,7.000000,3.368874,3553600
1992-05-07,7.000000,7.062500,6.953125,6.953125,3.346316,2048000
1992-05-08,6.953125,7.031250,6.875000,6.937500,3.338794,995200
1992-05-11,6.984375,7.234375,6.984375,7.171875,3.451593,3412000
1992-05-12,7.171875,7.203125,7.109375,7.125000,3.429034,2802400
1992-05-13,7.109375,7.109375,7.031250,7.046875,3.391434,1644800
1992-05-14,7.046875,7.109375,7.015625,7.062500,3.398951,2807200
1992-05-15,7.000000,7.000000,6.906250,6.937500,3.338794,3433600
1992-05-18,6.968750,7.031250,6.968750,7.000000,3.368874,1538400
1992-05-19,7.031250,7.140625,7.031250,7.109375,3.421512,3346400
1992-05-20,7.109375,7.234375,7.109375,7.234375,3.481671,2699200
1992-05-21,7.234375,7.421875,7.218750,7.421875,3.571908,4482400
1992-05-22,7.406250,7.406250,7.281250,7.328125,3.526789,2259200
1992-05-26,7.328125,7.468750,7.328125,7.437500,3.579428,2611200
1992-05-27,7.437500,7.500000,7.375000,7.453125,3.586950,2085600
1992-05-28,7.453125,7.578125,7.421875,7.453125,3.586950,3897600
1992-05-29,7.453125,7.593750,7.406250,7.546875,3.632068,3823200
1992-06-01,7.546875,7.671875,7.531250,7.656250,3.684704,2948800
1992-06-02,7.671875,7.734375,7.671875,7.718750,3.714785,2960800
1992-06-03,7.718750,7.765625,7.703125,7.703125,3.707265,2997600
1992-06-04,7.703125,7.718750,7.625000,7.625000,3.669667,1196000
1992-06-05,7.609375,7.609375,7.421875,7.468750,3.594466,3882400
1992-06-08,7.453125,7.453125,7.359375,7.453125,3.586950,2332000
1992-06-09,7.453125,7.562500,7.406250,7.453125,3.586950,2260800
1992-06-10,7.406250,7.406250,7.312500,7.343750,3.534310,1838400
1992-06-11,7.343750,7.343750,7.031250,7.093750,3.413994,3339200
1992-06-12,7.093750,7.171875,7.015625,7.078125,3.406474,6044800
1992-06-15,7.078125,7.093750,7.015625,7.078125,3.406474,2488800
1992-06-16,7.078125,7.078125,7.031250,7.031250,3.383917,2284000
1992-06-17,7.031250,7.031250,6.687500,6.703125,3.225999,2566400
1992-06-18,6.703125,6.781250,6.593750,6.781250,3.263596,4136000
1992-06-19,6.781250,6.875000,6.750000,6.812500,3.278636,1630400
1992-06-22,6.796875,6.796875,6.609375,6.656250,3.203438,2351200
1992-06-23,6.703125,6.859375,6.703125,6.718750,3.233518,2250400
1992-06-24,6.718750,6.781250,6.703125,6.703125,3.225999,1571200
1992-06-25,6.703125,6.765625,6.484375,6.500000,3.128240,3388800
1992-06-26,6.500000,6.546875,6.312500,6.421875,3.090642,3681600
1992-06-29,6.500000,6.625000,6.500000,6.609375,3.180878,2652000
1992-06-30,6.609375,6.718750,6.593750,6.718750,3.233518,2325600
1992-07-01,6.718750,6.734375,6.421875,6.578125,3.165840,5095200
1992-07-02,6.578125,6.609375,6.453125,6.500000,3.128240,3923200
1992-07-06,6.500000,6.515625,6.406250,6.421875,3.090642,3644800
1992-07-07,6.421875,6.421875,6.312500,6.328125,3.045521,2881600
1992-07-08,6.328125,6.343750,6.156250,6.265625,3.015444,2643200
1992-07-09,6.328125,6.546875,6.328125,6.546875,3.150800,2164800
1992-07-10,6.578125,6.734375,6.578125,6.718750,3.233518,2140000
1992-07-13,6.718750,6.734375,6.640625,6.687500,3.218478,1297600
1992-07-14,6.687500,6.703125,6.609375,6.703125,3.235068,1841600
1992-07-15,6.718750,6.921875,6.718750,6.875000,3.318019,2701600
1992-07-16,6.875000,7.015625,6.796875,7.000000,3.378345,3320000
1992-07-17,6.968750,6.968750,6.796875,6.843750,3.302936,2575200
1992-07-20,6.734375,6.734375,6.687500,6.718750,3.242609,2209600
1992-07-21,6.703125,6.703125,6.640625,6.671875,3.219985,2021600
1992-07-22,6.671875,6.671875,6.562500,6.562500,3.167199,1195200
1992-07-23,6.562500,6.625000,6.531250,6.562500,3.167199,1350400
1992-07-24,6.562500,6.750000,6.562500,6.750000,3.257690,1139200
1992-07-27,6.781250,6.859375,6.781250,6.843750,3.302936,1348000
1992-07-28,6.843750,6.890625,6.765625,6.875000,3.318019,2249600
1992-07-29,6.875000,7.000000,6.875000,6.921875,3.340641,3088800
1992-07-30,6.921875,6.921875,6.906250,6.921875,3.340641,1232000
1992-07-31,6.921875,6.921875,6.875000,6.906250,3.333100,946400
1992-08-03,6.906250,6.906250,6.828125,6.843750,3.302936,1568800
1992-08-04,6.812500,6.812500,6.750000,6.765625,3.265232,835200
1992-08-05,6.765625,6.781250,6.687500,6.703125,3.235068,1131200
1992-08-06,6.640625,6.640625,6.578125,6.609375,3.189820,1005600
1992-08-07,6.609375,6.609375,6.468750,6.593750,3.182279,2784000
1992-08-10,6.578125,6.578125,6.531250,6.546875,3.159659,1263200
1992-08-11,6.546875,6.578125,6.453125,6.453125,3.114413,1309600
1992-08-12,6.421875,6.421875,6.250000,6.265625,3.023922,3132800
1992-08-13,6.265625,6.265625,6.203125,6.250000,3.016379,4679200
1992-08-14,6.250000,6.265625,6.156250,6.234375,3.008839,3091200
1992-08-17,6.156250,6.156250,5.984375,6.031250,2.910807,6632000
1992-08-18,6.031250,6.093750,5.984375,6.078125,2.933430,3749600
1992-08-19,6.078125,6.156250,6.062500,6.062500,2.925889,3185600
1992-08-20,6.062500,6.078125,5.968750,5.968750,2.880644,2032800
1992-08-21,5.968750,6.078125,5.843750,5.968750,2.880644,2312000
1992-08-24,5.953125,5.953125,5.843750,5.859375,2.827857,1525600
1992-08-25,5.859375,5.968750,5.828125,5.828125,2.812774,1940000
1992-08-26,5.828125,5.953125,5.828125,5.953125,2.873102,2792000
1992-08-27,5.984375,6.046875,5.984375,6.031250,2.910807,2213600
1992-08-28,6.031250,6.062500,6.031250,6.046875,2.918347,1503200
1992-08-31,6.046875,6.078125,6.000000,6.031250,2.910807,1112800
1992-09-01,6.031250,6.031250,5.968750,6.031250,2.910807,974400
1992-09-02,6.031250,6.125000,6.015625,6.109375,2.948511,1800800
1992-09-03,6.171875,6.312500,6.171875,6.187500,2.986216,2102400
1992-09-04,6.187500,6.234375,6.140625,6.156250,2.971135,1610400
1992-09-08,6.156250,6.156250,5.953125,5.968750,2.880644,1564000
1992-09-09,5.968750,6.031250,5.968750,6.031250,2.910807,1410400
1992-09-10,6.046875,6.171875,6.046875,6.171875,2.978676,2649600
1992-09-11,6.171875,6.203125,6.156250,6.171875,2.978676,1348000
1992-09-14,6.328125,6.687500,6.328125,6.625000,3.197363,5737600
1992-09-15,6.578125,6.578125,6.500000,6.531250,3.152117,4439200
1992-09-16,6.531250,6.546875,6.437500,6.468750,3.121954,7686400
1992-09-17,6.484375,6.562500,6.484375,6.531250,3.152117,3952000
1992-09-18,6.531250,6.562500,6.531250,6.546875,3.159659,3237600
1992-09-21,6.546875,6.562500,6.515625,6.546875,3.159659,1228800
1992-09-22,6.546875,6.546875,6.453125,6.468750,3.121954,1990400
1992-09-23,6.437500,6.437500,6.296875,6.343750,3.061625,2249600
1992-09-24,6.390625,6.484375,6.390625,6.453125,3.114413,1409600
1992-09-25,6.453125,6.578125,6.453125,6.500000,3.137035,2027200
1992-09-28,6.531250,6.671875,6.531250,6.671875,3.219985,1293600
1992-09-29,6.656250,6.656250,6.500000,6.515625,3.144577,1534400
1992-09-30,6.515625,6.562500,6.500000,6.515625,3.144577,1803200
1992-10-01,6.500000,6.500000,6.390625,6.421875,3.099331,1593600
1992-10-02,6.421875,6.421875,6.140625,6.203125,2.993757,4053600
1992-10-05,6.140625,6.140625,6.000000,6.140625,2.963595,4610400
1992-10-06,6.140625,6.203125,6.109375,6.156250,2.971135,2371200
1992-10-07,6.156250,6.187500,6.093750,6.109375,2.948511,1951200
1992-10-08,6.109375,6.171875,6.031250,6.093750,2.940970,2714400
1992-10-09,6.093750,6.187500,6.078125,6.078125,2.933430,1720000
1992-10-12,6.078125,6.203125,6.078125,6.203125,2.993757,1544800
1992-10-13,6.281250,6.437500,6.281250,6.375000,3.076707,2341600
1992-10-14,6.390625,6.484375,6.390625,6.437500,3.106872,4087200
1992-10-15,6.437500,6.468750,6.406250,6.453125,3.114413,4010400
1992-10-16,6.453125,6.453125,6.281250,6.406250,3.091791,1792000
1992-10-19,6.406250,6.578125,6.343750,6.578125,3.174740,2480000
1992-10-20,6.609375,6.718750,6.609375,6.671875,3.229190,3823200
1992-10-21,6.671875,6.671875,6.562500,6.609375,3.198940,1645600
1992-10-22,6.609375,6.703125,6.609375,6.687500,3.236753,4927200
1992-10-23,6.609375,6.609375,6.343750,6.531250,3.161128,5550400
1992-10-26,6.531250,6.546875,6.437500,6.500000,3.146002,3480000
1992-10-27,6.500000,6.546875,6.484375,6.515625,3.153565,1755200
1992-10-28,6.515625,6.578125,6.484375,6.531250,3.161128,2140000
1992-10-29,6.531250,6.578125,6.343750,6.484375,3.138440,2895200
1992-10-30,6.484375,6.546875,6.484375,6.531250,3.161128,1512800
1992-11-02,6.531250,6.593750,6.453125,6.593750,3.191376,2132000
1992-11-03,6.609375,6.750000,6.609375,6.734375,3.259441,3844800
1992-11-04,6.734375,6.875000,6.687500,6.703125,3.244316,5312800
1992-11-05,6.734375,6.843750,6.734375,6.843750,3.312378,2192800
1992-11-06,6.843750,6.875000,6.812500,6.859375,3.319941,2088800
1992-11-09,6.859375,6.906250,6.828125,6.843750,3.312378,1700800
1992-11-10,6.843750,6.875000,6.750000,6.750000,3.267002,1386400
1992-11-11,6.750000,6.765625,6.656250,6.671875,3.229190,1520000
1992-11-12,6.687500,6.734375,6.687500,6.718750,3.251878,1019200
1992-11-13,6.718750,6.734375,6.609375,6.625000,3.206503,1375200
1992-11-16,6.625000,6.656250,6.593750,6.609375,3.198940,1028000
1992-11-17,6.609375,6.671875,6.578125,6.625000,3.206503,2204000
1992-11-18,6.625000,6.671875,6.609375,6.656250,3.221628,1042400
1992-11-19,6.671875,6.734375,6.671875,6.687500,3.236753,3177600
1992-11-20,6.687500,6.750000,6.671875,6.703125,3.244316,2460000
1992-11-23,6.687500,6.687500,6.640625,6.640625,3.214063,977600
1992-11-24,6.640625,6.781250,6.640625,6.750000,3.267002,1699200
1992-11-25,6.750000,6.765625,6.734375,6.734375,3.259441,1369600
1992-11-27,6.734375,6.843750,6.734375,6.781250,3.282126,926400
1992-11-30,6.812500,7.093750,6.812500,7.093750,3.433378,3067200
1992-12-01,7.093750,7.109375,7.046875,7.078125,3.425816,2609600
1992-12-02,6.953125,6.953125,6.781250,6.781250,3.282126,4752000
1992-12-03,6.781250,6.781250,6.640625,6.640625,3.214063,4324000
1992-12-04,6.640625,6.671875,6.593750,6.640625,3.214063,2655200
1992-12-07,6.640625,6.671875,6.625000,6.640625,3.214063,1273600
1992-12-08,6.640625,6.781250,6.640625,6.750000,3.267002,1481600
1992-12-09,6.750000,6.828125,6.734375,6.781250,3.282126,1228800
1992-12-10,6.781250,6.812500,6.703125,6.734375,3.259441,1092000
1992-12-11,6.718750,6.718750,6.640625,6.656250,3.221628,709600
1992-12-14,6.656250,6.656250,6.609375,6.609375,3.198940,820800
1992-12-15,6.609375,6.656250,6.609375,6.656250,3.221628,1066400
1992-12-16,6.656250,6.656250,6.578125,6.609375,3.198940,1365600
1992-12-17,6.609375,6.656250,6.593750,6.640625,3.214063,1689600
1992-12-18,6.703125,6.843750,6.703125,6.812500,3.297252,2516000
1992-12-21,6.812500,6.843750,6.781250,6.812500,3.297252,1218400
1992-12-22,6.812500,6.843750,6.750000,6.781250,3.282126,1109600
1992-12-23,6.781250,6.843750,6.781250,6.796875,3.289690,916000
1992-12-24,6.796875,6.828125,6.765625,6.781250,3.282126,369600
1992-12-28,6.781250,6.796875,6.703125,6.718750,3.251878,579200
1992-12-29,6.718750,6.890625,6.703125,6.796875,3.289690,3119200
1992-12-30,6.796875,6.859375,6.765625,6.828125,3.304816,1393600
1992-12-31,6.828125,6.828125,6.703125,6.703125,3.244316,795200
1993-01-04,6.734375,6.812500,6.734375,6.796875,3.289690,1392000
1993-01-05,6.796875,6.859375,6.765625,6.812500,3.297252,719200
1993-01-06,6.843750,6.968750,6.843750,6.968750,3.372877,3518400
1993-01-07,6.984375,7.203125,6.984375,7.062500,3.418252,3789600
1993-01-08,7.062500,7.140625,7.046875,7.125000,3.448502,2525600
1993-01-11,7.125000,7.156250,7.078125,7.140625,3.456064,1303200
1993-01-12,7.140625,7.140625,7.031250,7.046875,3.410691,1228000
1993-01-13,7.000000,7.000000,6.921875,6.953125,3.374293,1910400
1993-01-14,6.953125,6.968750,6.906250,6.937500,3.366710,1187200
1993-01-15,6.953125,7.125000,6.953125,7.093750,3.442538,1779200
1993-01-18,7.093750,7.093750,7.046875,7.078125,3.434954,2005600
1993-01-19,7.078125,7.125000,7.031250,7.062500,3.427372,2134400
1993-01-20,7.062500,7.109375,7.000000,7.000000,3.397043,1703200
1993-01-21,6.921875,6.921875,6.812500,6.812500,3.306049,4277600
1993-01-22,6.812500,6.921875,6.812500,6.906250,3.351545,2133600
1993-01-25,6.906250,7.125000,6.765625,6.843750,3.321214,5190400
1993-01-26,6.906250,7.078125,6.906250,7.031250,3.412207,2633600
1993-01-27,7.046875,7.156250,7.046875,7.125000,3.457704,2438400
1993-01-28,7.109375,7.109375,7.031250,7.031250,3.412207,867200
1993-01-29,7.031250,7.078125,6.968750,7.015625,3.404625,1144000
1993-02-01,7.015625,7.046875,6.984375,7.000000,3.397043,932000
1993-02-02,7.015625,7.125000,7.015625,7.093750,3.442538,1416800
1993-02-03,7.093750,7.312500,7.093750,7.281250,3.533530,3037600
1993-02-04,7.281250,7.390625,7.234375,7.375000,3.579026,3324000
1993-02-05,7.375000,7.437500,7.328125,7.421875,3.601775,3313600
1993-02-08,7.359375,7.359375,7.296875,7.296875,3.541112,1189600
1993-02-09,7.250000,7.250000,7.203125,7.203125,3.495618,1307200
1993-02-10,7.187500,7.187500,7.015625,7.062500,3.427372,2071200
1993-02-11,7.062500,7.218750,7.062500,7.187500,3.488035,1112000
1993-02-12,7.187500,7.187500,7.078125,7.156250,3.472869,2405600
1993-02-16,7.125000,7.125000,6.968750,6.968750,3.381876,3858400
1993-02-17,6.968750,7.046875,6.953125,6.984375,3.389459,2675200
1993-02-18,7.015625,7.125000,7.015625,7.031250,3.412207,3110400
1993-02-19,7.031250,7.046875,6.937500,6.953125,3.374293,2276000
1993-02-22,6.953125,7.031250,6.906250,6.984375,3.389459,1625600
1993-02-23,6.984375,7.000000,6.906250,6.921875,3.359128,1938400
1993-02-24,6.937500,7.109375,6.937500,7.078125,3.434954,5100000
1993-02-25,7.078125,7.140625,7.031250,7.062500,3.427372,1560000
1993-02-26,7.093750,7.265625,7.093750,7.250000,3.518365,2514400
1993-03-01,7.250000,7.343750,7.203125,7.234375,3.510781,1964000
1993-03-02,7.234375,7.359375,7.187500,7.359375,3.571441,1990400
1993-03-03,7.359375,7.421875,7.296875,7.406250,3.594191,2596800
1993-03-04,7.406250,7.406250,7.312500,7.312500,3.548696,1244000
1993-03-05,7.328125,7.406250,7.328125,7.343750,3.563860,3344800
1993-03-08,7.343750,7.453125,7.328125,7.437500,3.609357,2450400
1993-03-09,7.437500,7.468750,7.406250,7.453125,3.616939,2798400
1993-03-10,7.453125,7.453125,7.390625,7.406250,3.594191,1620000
1993-03-11,7.406250,7.421875,7.312500,7.328125,3.556279,1579200
1993-03-12,7.234375,7.234375,7.109375,7.218750,3.503199,3956800
1993-03-15,7.218750,7.265625,7.203125,7.250000,3.518365,1596800
1993-03-16,7.250000,7.281250,7.203125,7.203125,3.495618,5005600
1993-03-17,7.203125,7.296875,7.203125,7.218750,3.503199,1003200
1993-03-18,7.218750,7.328125,7.218750,7.250000,3.518365,1567200
1993-03-19,7.250000,7.312500,7.218750,7.250000,3.518365,2337600
1993-03-22,7.250000,7.328125,7.218750,7.312500,3.548696,1592000
1993-03-23,7.312500,7.468750,7.296875,7.421875,3.601775,2774400
1993-03-24,7.437500,7.484375,7.437500,7.453125,3.616939,2788800
1993-03-25,7.453125,7.484375,7.437500,7.453125,3.616939,1631200
1993-03-26,7.453125,7.546875,7.437500,7.437500,3.609357,2547200
1993-03-29,7.437500,7.578125,7.406250,7.531250,3.654850,2479200
1993-03-30,7.531250,7.562500,7.500000,7.531250,3.654850,1378400
1993-03-31,7.531250,7.531250,7.390625,7.390625,3.586607,1973600
1993-04-01,7.390625,7.453125,7.375000,7.390625,3.586607,1955200
1993-04-02,7.343750,7.343750,7.265625,7.296875,3.541112,1704000
1993-04-05,7.296875,7.312500,7.203125,7.265625,3.525946,3388800
1993-04-06,7.296875,7.375000,7.296875,7.359375,3.571441,2448000
1993-04-07,7.421875,7.500000,7.421875,7.453125,3.616939,4337600
1993-04-08,7.453125,7.468750,7.406250,7.468750,3.624521,1941600
1993-04-12,7.484375,7.578125,7.484375,7.578125,3.677600,1460000
1993-04-13,7.578125,7.656250,7.562500,7.640625,3.707931,1969600
1993-04-14,7.640625,7.640625,7.562500,7.609375,3.692765,977600
1993-04-15,7.609375,7.718750,7.578125,7.703125,3.738262,2017600
1993-04-16,7.703125,7.734375,7.671875,7.703125,3.738262,1708800
1993-04-19,7.703125,7.843750,7.687500,7.781250,3.776175,3861600
1993-04-20,7.781250,7.812500,7.640625,7.687500,3.739691,3188000
1993-04-21,7.687500,7.828125,7.656250,7.781250,3.785296,3272800
1993-04-22,8.109375,8.500000,8.109375,8.437500,4.104537,16279200
1993-04-23,8.437500,8.468750,8.296875,8.359375,4.066532,10925600
1993-04-26,8.359375,8.421875,8.312500,8.375000,4.074135,4387200
1993-04-27,8.375000,8.390625,8.265625,8.375000,4.074135,3274400
1993-04-28,8.375000,8.390625,8.328125,8.390625,4.081737,2240800
1993-04-29,8.390625,8.671875,8.343750,8.609375,4.188151,8115200
1993-04-30,8.609375,8.671875,8.578125,8.656250,4.210954,4747200
1993-05-03,8.656250,8.656250,8.531250,8.609375,4.188151,4530400
1993-05-04,8.609375,8.640625,8.531250,8.546875,4.157748,2713600
1993-05-05,8.546875,8.656250,8.531250,8.593750,4.180549,1577600
1993-05-06,8.593750,8.609375,8.531250,8.562500,4.165346,3562400
1993-05-07,8.546875,8.546875,8.359375,8.484375,4.127342,2712000
1993-05-10,8.515625,8.718750,8.515625,8.609375,4.188151,3393600
1993-05-11,8.609375,8.718750,8.578125,8.718750,4.241355,2147200
1993-05-12,8.718750,8.750000,8.640625,8.734375,4.248958,4359200
1993-05-13,8.734375,8.859375,8.671875,8.781250,4.271761,6898400
1993-05-14,8.765625,8.765625,8.687500,8.687500,4.226155,2869600
1993-05-17,8.687500,8.687500,8.531250,8.625000,4.195751,2835200
1993-05-18,8.625000,8.640625,8.453125,8.500000,4.134944,3900000
1993-05-19,8.500000,8.609375,8.406250,8.593750,4.180549,3344800
1993-05-20,8.640625,8.781250,8.640625,8.703125,4.233755,5092800
1993-05-21,8.687500,8.687500,8.562500,8.640625,4.203352,3427200
1993-05-24,8.640625,8.703125,8.593750,8.671875,4.218551,4188000
1993-05-25,8.671875,8.734375,8.656250,8.734375,4.248958,4324000
1993-05-26,8.734375,8.859375,8.687500,8.796875,4.279361,5697600
1993-05-27,8.859375,9.125000,8.859375,9.093750,4.423780,5074400
1993-05-28,9.078125,9.078125,8.937500,8.953125,4.355372,2902400
1993-06-01,8.953125,9.468750,8.921875,9.281250,4.514990,5692800
1993-06-02,9.281250,9.390625,9.281250,9.343750,4.545396,4203200
1993-06-03,9.328125,9.328125,9.156250,9.250000,4.499792,3005600
1993-06-04,9.250000,9.343750,9.203125,9.343750,4.545396,1662400
1993-06-07,9.343750,9.484375,9.328125,9.437500,4.591002,5240000
1993-06-08,9.437500,9.437500,9.343750,9.406250,4.575799,3184000
1993-06-09,9.390625,9.390625,9.250000,9.265625,4.507394,3615200
1993-06-10,9.265625,9.406250,9.234375,9.390625,4.568198,4636800
1993-06-11,9.390625,9.500000,9.375000,9.484375,4.613804,5052800
1993-06-14,9.484375,9.781250,9.406250,9.718750,4.727820,6275200
1993-06-15,9.718750,9.734375,9.578125,9.703125,4.720219,6014400
1993-06-16,9.671875,9.671875,9.562500,9.640625,4.689815,5884000
1993-06-17,9.640625,9.671875,9.562500,9.671875,4.705017,3187200
1993-06-18,9.671875,9.765625,9.531250,9.656250,4.697418,4468800
1993-06-21,9.609375,9.609375,8.984375,9.468750,4.606207,9511200
1993-06-22,9.468750,9.468750,9.203125,9.281250,4.514990,3977600
1993-06-23,9.203125,9.203125,9.078125,9.109375,4.431385,3429600
1993-06-24,9.109375,9.140625,8.984375,9.093750,4.423780,2380000
1993-06-25,9.093750,9.234375,9.078125,9.078125,4.416178,1879200
1993-06-28,9.250000,9.421875,9.250000,9.406250,4.575799,3161600
1993-06-29,9.343750,9.343750,9.265625,9.312500,4.530195,1513600
1993-06-30,9.312500,9.359375,9.281250,9.359375,4.552999,1680800
1993-07-01,9.359375,9.359375,9.250000,9.250000,4.499792,1599200
1993-07-02,9.250000,9.250000,9.093750,9.140625,4.446584,2179200
1993-07-06,9.140625,9.218750,9.109375,9.187500,4.469385,1628000
1993-07-07,9.203125,9.406250,9.203125,9.359375,4.552999,3007200
1993-07-08,9.375000,9.468750,9.375000,9.390625,4.568198,2792000
1993-07-09,9.390625,9.421875,9.359375,9.390625,4.568198,1802400
1993-07-12,9.390625,9.546875,9.390625,9.515625,4.629006,2354400
1993-07-13,9.515625,9.609375,9.515625,9.546875,4.644209,1306400
1993-07-14,9.546875,9.609375,9.500000,9.562500,4.660967,1204000
1993-07-15,9.562500,9.718750,9.515625,9.640625,4.699044,4019200
1993-07-16,9.671875,9.828125,9.671875,9.750000,4.752354,3164000
1993-07-19,9.796875,9.968750,9.796875,9.953125,4.851364,3573600
1993-07-20,9.875000,9.875000,9.750000,9.750000,4.752354,4306400
1993-07-21,9.750000,9.828125,9.500000,9.781250,4.767588,6084000
1993-07-22,9.781250,9.828125,9.656250,9.703125,4.729508,3724800
1993-07-23,9.703125,10.031250,9.500000,10.031250,4.889444,7535200
1993-07-26,10.031250,10.031250,9.921875,9.968750,4.858979,4442400
1993-07-27,9.968750,10.031250,9.843750,9.875000,4.813284,3019200
1993-07-28,9.875000,9.875000,9.687500,9.734375,4.744741,2495200
1993-07-29,9.718750,9.718750,9.640625,9.671875,4.714276,2420000
1993-07-30,9.671875,9.687500,9.562500,9.609375,4.683813,1701600
1993-08-02,9.609375,9.828125,9.578125,9.765625,4.759973,3388800
1993-08-03,9.843750,10.046875,9.843750,9.984375,4.866596,4003200
1993-08-04,9.984375,10.015625,9.953125,9.984375,4.866596,2615200
1993-08-05,9.968750,9.968750,9.859375,9.875000,4.813284,1470400
1993-08-06,9.875000,9.921875,9.843750,9.859375,4.805668,929600
1993-08-09,9.859375,9.984375,9.828125,9.921875,4.836132,1545600
1993-08-10,9.921875,10.125000,9.906250,10.093750,4.919907,5660800
1993-08-11,10.093750,10.312500,10.046875,10.296875,5.018915,4725600
1993-08-12,10.250000,10.250000,10.062500,10.171875,4.957985,2612000
1993-08-13,10.171875,10.171875,10.078125,10.171875,4.957985,2137600
1993-08-16,10.171875,10.171875,10.078125,10.078125,4.912291,1252800
1993-08-17,10.078125,10.093750,9.984375,10.046875,4.897060,1740000
1993-08-18,10.078125,10.171875,10.078125,10.156250,4.950370,2876000
1993-08-19,10.156250,10.171875,10.093750,10.156250,4.950370,2950400
1993-08-20,10.156250,10.156250,10.062500,10.093750,4.919907,1517600
1993-08-23,10.093750,10.140625,9.968750,10.078125,4.912291,1615200
1993-08-24,10.156250,10.375000,10.156250,10.296875,5.018915,3980800
1993-08-25,10.296875,10.406250,10.265625,10.312500,5.026529,2580800
1993-08-26,10.312500,10.312500,10.218750,10.296875,5.018915,1776800
1993-08-27,10.296875,10.296875,10.234375,10.265625,5.003682,1496000
1993-08-30,10.265625,10.312500,10.187500,10.218750,4.980835,1095200
1993-08-31,10.218750,10.281250,10.187500,10.281250,5.011298,1824000
1993-09-01,10.281250,10.281250,10.187500,10.250000,4.996068,1133600
1993-09-02,10.234375,10.234375,10.031250,10.093750,4.919907,1476000
1993-09-03,10.046875,10.046875,9.953125,10.000000,4.874211,1772800
1993-09-07,10.000000,10.000000,9.843750,9.890625,4.820898,1465600
1993-09-08,9.890625,10.015625,9.781250,9.890625,4.820898,2251200
1993-09-09,9.890625,10.062500,9.875000,10.031250,4.889444,2416800
1993-09-10,10.015625,10.015625,9.953125,9.968750,4.858979,1713600
1993-09-13,10.000000,10.125000,10.000000,10.031250,4.889444,2816000
1993-09-14,9.984375,9.984375,9.937500,9.968750,4.858979,1600800
1993-09-15,9.968750,9.984375,9.875000,9.937500,4.843748,1457600
1993-09-16,9.937500,10.000000,9.875000,9.953125,4.851364,1539200
1993-09-17,9.953125,10.015625,9.953125,9.984375,4.866596,3197600
1993-09-20,9.984375,9.984375,9.796875,9.875000,4.813284,868800
1993-09-21,9.875000,9.890625,9.375000,9.640625,4.699044,6580000
1993-09-22,9.671875,9.781250,9.671875,9.718750,4.737125,3344000
1993-09-23,9.718750,9.718750,9.609375,9.625000,4.691432,3177600
1993-09-24,9.625000,9.843750,9.609375,9.765625,4.759973,1856800
1993-09-27,9.781250,9.890625,9.781250,9.890625,4.820898,2549600
1993-09-28,9.890625,9.921875,9.843750,9.921875,4.836132,1304000
1993-09-29,9.921875,10.000000,9.843750,9.875000,4.813284,1392000
1993-09-30,9.875000,9.921875,9.812500,9.875000,4.813284,2443200
1993-10-01,9.875000,10.218750,9.875000,10.031250,4.889444,6076800
1993-10-04,10.031250,10.171875,10.015625,10.125000,4.935140,3020000
1993-10-05,10.125000,10.203125,10.031250,10.093750,4.919907,1233600
1993-10-06,10.093750,10.140625,10.078125,10.125000,4.935140,1945600
1993-10-07,10.125000,10.171875,10.093750,10.125000,4.935140,1778400
1993-10-08,10.125000,10.203125,10.125000,10.140625,4.942755,1472800
1993-10-11,10.140625,10.171875,10.078125,10.125000,4.935140,670400
1993-10-12,10.125000,10.125000,10.000000,10.046875,4.897060,1113600
1993-10-13,10.046875,10.140625,10.015625,10.125000,4.935140,2816800
1993-10-14,10.093750,10.093750,10.031250,10.062500,4.904676,1633600
1993-10-15,10.062500,10.093750,10.000000,10.093750,4.919907,2085600
1993-10-18,10.093750,10.171875,10.078125,10.140625,4.942755,2056800
1993-10-19,10.140625,10.328125,10.109375,10.312500,5.035842,1830400
1993-10-20,10.312500,10.453125,10.312500,10.390625,5.073992,4016800
1993-10-21,10.468750,10.750000,10.468750,10.734375,5.241856,5994400
1993-10-22,10.828125,11.281250,10.828125,11.234375,5.486014,9568800
1993-10-25,11.234375,11.281250,11.093750,11.218750,5.478387,4524800
1993-10-26,11.218750,11.468750,11.109375,11.375000,5.554685,6049600
1993-10-27,11.359375,11.359375,11.250000,11.265625,5.501276,2941600
1993-10-28,11.265625,11.468750,11.140625,11.421875,5.577579,5022400
1993-10-29,11.421875,11.453125,11.343750,11.437500,5.585205,3135200
1993-11-01,11.437500,11.531250,11.359375,11.531250,5.630986,2836000
1993-11-02,11.531250,11.546875,11.406250,11.546875,5.638615,2973600
1993-11-03,11.546875,11.640625,11.375000,11.375000,5.554685,4109600
1993-11-04,11.375000,11.484375,11.203125,11.203125,5.470755,2352800
1993-11-05,11.203125,11.312500,10.953125,11.250000,5.493647,4826400
1993-11-08,11.250000,11.421875,11.203125,11.421875,5.577579,3280800
1993-11-09,11.421875,11.515625,11.234375,11.250000,5.493647,3419200
1993-11-10,11.250000,11.468750,11.203125,11.359375,5.547059,2727200
1993-11-11,11.359375,11.406250,11.250000,11.296875,5.516537,2155200
1993-11-12,11.296875,11.296875,11.078125,11.156250,5.447864,7355200
1993-11-15,11.203125,11.375000,11.203125,11.234375,5.486014,4559200
1993-11-16,11.109375,11.109375,10.781250,11.093750,5.417344,13015200
1993-11-17,11.093750,11.218750,10.906250,11.000000,5.371563,5612800
1993-11-18,11.000000,11.031250,10.718750,10.734375,5.241856,3636000
1993-11-19,10.734375,10.812500,10.578125,10.687500,5.218964,3768800
1993-11-22,10.578125,10.578125,10.343750,10.437500,5.096885,4909600
1993-11-23,10.437500,10.484375,10.390625,10.453125,5.104513,4181600
1993-11-24,10.500000,10.750000,10.500000,10.703125,5.226593,2663200
1993-11-26,10.703125,10.750000,10.671875,10.703125,5.226593,888000
1993-11-29,10.703125,10.875000,10.703125,10.734375,5.241856,3357600
1993-11-30,10.734375,10.765625,10.593750,10.656250,5.203705,1530400
1993-12-01,10.687500,10.765625,10.687500,10.734375,5.241856,2388800
1993-12-02,10.734375,10.859375,10.656250,10.765625,5.257112,2062400
1993-12-03,10.765625,10.796875,10.593750,10.687500,5.218964,1950400
1993-12-06,10.703125,10.843750,10.703125,10.734375,5.241856,1884800
1993-12-07,10.734375,10.843750,10.468750,10.500000,5.127402,4388000
1993-12-08,10.500000,10.671875,10.468750,10.640625,5.196074,3287200
1993-12-09,10.671875,10.890625,10.671875,10.750000,5.249485,2121600
1993-12-10,10.750000,10.812500,10.656250,10.734375,5.241856,2101600
1993-12-13,10.734375,10.765625,10.546875,10.687500,5.218964,2796800
1993-12-14,10.687500,10.718750,10.593750,10.593750,5.173185,2560800
1993-12-15,10.593750,10.875000,10.578125,10.703125,5.226593,3051200
1993-12-16,10.718750,10.890625,10.718750,10.781250,5.264746,2627200
1993-12-17,10.781250,10.828125,10.765625,10.796875,5.272370,2665600
1993-12-20,10.828125,10.953125,10.828125,10.953125,5.348675,1481600
1993-12-21,10.953125,10.953125,10.828125,10.875000,5.310525,1328800
1993-12-22,10.875000,10.984375,10.859375,10.921875,5.333415,4719200
1993-12-23,10.921875,11.031250,10.921875,10.984375,5.363935,1339200
1993-12-27,11.000000,11.328125,11.000000,11.250000,5.493647,1585600
1993-12-28,11.250000,11.312500,11.171875,11.296875,5.516537,1989600
1993-12-29,11.296875,11.328125,11.203125,11.312500,5.524167,2102400
1993-12-30,11.312500,11.343750,11.218750,11.265625,5.501276,1860000
1993-12-31,11.265625,11.328125,11.125000,11.125000,5.432606,1516800
1994-01-03,11.125000,11.234375,11.093750,11.171875,5.455495,1671200
1994-01-04,11.171875,11.421875,11.171875,11.375000,5.554685,2785600
1994-01-05,11.375000,11.453125,11.328125,11.375000,5.554685,5270400
1994-01-06,11.421875,11.500000,11.421875,11.437500,5.585205,2403200
1994-01-07,11.421875,11.421875,11.250000,11.296875,5.516537,2629600
1994-01-10,11.296875,11.328125,11.140625,11.312500,5.524167,4467200
1994-01-11,11.312500,11.359375,11.281250,11.328125,5.531796,2544800
1994-01-12,11.328125,11.406250,11.234375,11.328125,5.531796,4080800
1994-01-13,11.328125,11.359375,11.265625,11.328125,5.540967,1844800
1994-01-14,11.328125,11.343750,11.250000,11.312500,5.533325,2570400
1994-01-17,11.312500,11.625000,11.265625,11.562500,5.655608,3272800
1994-01-18,11.562500,11.703125,11.546875,11.593750,5.670896,3941600
1994-01-19,11.609375,11.765625,11.609375,11.703125,5.724395,4100800
1994-01-20,11.703125,11.953125,11.703125,11.750000,5.747319,3907200
1994-01-21,12.046875,12.375000,12.046875,12.328125,6.030102,1161600
1994-01-24,12.468750,12.656250,12.468750,12.531250,6.129457,9744000
1994-01-25,12.515625,12.515625,12.328125,12.328125,6.030102,4816000
1994-01-26,12.328125,12.453125,12.328125,12.406250,6.068315,4664800
1994-01-27,12.406250,12.781250,12.390625,12.687500,6.205882,5628000
1994-01-28,12.828125,12.953125,12.828125,12.953125,6.335809,4556800
1994-01-31,12.953125,13.156250,12.843750,13.015625,6.366379,5609600
1994-02-01,13.031250,13.203125,13.031250,13.203125,6.458093,5757600
1994-02-02,13.187500,13.187500,13.062500,13.078125,6.396950,3497600
1994-02-03,13.078125,13.171875,13.031250,13.171875,6.442810,2966400
1994-02-04,13.140625,13.140625,12.796875,12.812500,6.267025,4957600
1994-02-07,12.843750,13.156250,12.843750,13.156250,6.435166,7604000
1994-02-08,13.156250,13.562500,13.125000,13.500000,6.603306,4887200
1994-02-09,13.500000,13.640625,13.500000,13.609375,6.656802,4269600
1994-02-10,13.609375,13.671875,13.265625,13.265625,6.488659,4655200
1994-02-11,13.265625,13.265625,13.109375,13.140625,6.427519,5263200
1994-02-14,13.140625,13.312500,13.109375,13.250000,6.481020,3365600
1994-02-15,13.250000,13.453125,13.234375,13.437500,6.572734,3009600
1994-02-16,13.437500,13.468750,13.343750,13.421875,6.565092,3346400
1994-02-17,13.437500,13.625000,13.437500,13.593750,6.649161,4764000
1994-02-18,13.546875,13.546875,13.421875,13.515625,6.610945,4696000
1994-02-22,13.515625,13.843750,13.421875,13.828125,6.763801,6795200
1994-02-23,13.828125,14.015625,13.812500,13.828125,6.763801,5747200
1994-02-24,13.812500,13.812500,13.531250,13.578125,6.641519,5338400
1994-02-25,13.578125,13.640625,13.468750,13.468750,6.588019,3237600
1994-02-28,13.484375,13.640625,13.484375,13.546875,6.626233,2205600
1994-03-01,13.546875,13.671875,13.546875,13.609375,6.656802,3908000
1994-03-02,13.609375,14.000000,13.375000,14.000000,6.847870,4989600
1994-03-03,14.000000,14.484375,13.921875,14.093750,6.893727,6483200
1994-03-04,14.078125,14.078125,13.828125,14.015625,6.855513,4111200
1994-03-07,14.015625,14.281250,13.875000,14.265625,6.977798,3152000
1994-03-08,14.265625,14.390625,14.250000,14.312500,7.000719,4993600
1994-03-09,14.312500,14.375000,14.265625,14.328125,7.008369,3944000
1994-03-10,14.328125,14.375000,14.203125,14.375000,7.031298,3883200
1994-03-11,14.375000,14.562500,14.250000,14.562500,7.123008,4863200
1994-03-14,14.562500,14.671875,14.500000,14.625000,7.153580,3012000
1994-03-15,14.625000,14.687500,14.593750,14.656250,7.168865,2880000
1994-03-16,14.593750,14.593750,14.437500,14.531250,7.107721,2294400
1994-03-17,14.531250,14.937500,14.515625,14.937500,7.306435,2504800
1994-03-18,14.937500,15.031250,14.796875,14.890625,7.283506,9006400
1994-03-21,14.875000,14.875000,14.625000,14.796875,7.237650,3128800
1994-03-22,14.828125,14.937500,14.828125,14.843750,7.260577,2820000
1994-03-23,14.859375,15.187500,14.859375,15.093750,7.382862,4739200
1994-03-24,14.984375,14.984375,14.515625,14.609375,7.145936,6884000
1994-03-25,14.609375,14.718750,14.406250,14.578125,7.130656,3624800
1994-03-28,14.500000,14.500000,14.171875,14.250000,6.970152,5883200
1994-03-29,14.250000,14.281250,13.812500,13.859375,6.779086,4104800
1994-03-30,13.859375,13.984375,13.250000,13.687500,6.695016,9201600
1994-03-31,13.687500,14.078125,13.578125,14.046875,6.870802,6145600
1994-04-04,14.046875,14.250000,13.671875,14.156250,6.924298,7996800
1994-04-05,14.531250,14.671875,14.531250,14.531250,7.107721,5435200
1994-04-06,14.562500,15.156250,14.562500,15.000000,7.337006,4355200
1994-04-07,15.000000,15.015625,14.656250,14.812500,7.245292,4889600
1994-04-08,14.781250,14.781250,14.406250,14.671875,7.176507,3837600
1994-04-11,14.625000,14.625000,14.437500,14.484375,7.084795,2237600
1994-04-12,14.484375,14.562500,14.203125,14.343750,7.016016,2388800
1994-04-13,14.343750,14.406250,13.937500,14.187500,6.939583,3565600
1994-04-14,14.109375,14.109375,14.000000,14.015625,6.855513,2184000
1994-04-15,14.015625,14.015625,13.875000,13.984375,6.840228,3389600
1994-04-18,13.984375,14.109375,13.765625,13.828125,6.763801,2524800
1994-04-19,13.828125,13.843750,13.468750,13.546875,6.635229,7111200
1994-04-20,13.546875,13.843750,12.468750,12.937500,6.336757,19996800
1994-04-21,12.953125,13.343750,12.953125,13.328125,6.528083,10266400
1994-04-22,13.328125,13.656250,13.265625,13.484375,6.604618,4655200
1994-04-25,13.484375,13.890625,13.468750,13.890625,6.803598,3236800
1994-04-26,13.890625,14.062500,13.781250,13.828125,6.772984,4305600
1994-04-28,13.828125,13.843750,13.546875,13.609375,6.665843,2926400
1994-04-29,13.609375,13.765625,13.453125,13.734375,6.727067,2434400
1994-05-02,13.734375,13.906250,13.531250,13.812500,6.765334,3270400
1994-05-03,13.859375,14.093750,13.859375,14.046875,6.880132,2772000
1994-05-04,14.046875,14.062500,13.937500,14.015625,6.864823,1956800
1994-05-05,14.031250,14.171875,14.031250,14.062500,6.887783,3020000
1994-05-06,13.875000,13.875000,13.328125,13.515625,6.619924,6375200
1994-05-09,13.515625,13.515625,13.093750,13.203125,6.466860,4543200
1994-05-10,13.250000,13.500000,13.250000,13.343750,6.535738,4870400
1994-05-11,13.343750,13.609375,13.343750,13.390625,6.558695,5338400
1994-05-12,13.390625,13.609375,13.281250,13.312500,6.520434,2730400
1994-05-13,13.312500,13.500000,13.140625,13.484375,6.604618,3026400
1994-05-16,13.484375,13.796875,13.406250,13.765625,6.742372,4971200
1994-05-17,13.765625,14.031250,13.734375,13.906250,6.811251,5553600
1994-05-18,13.906250,14.015625,13.656250,13.843750,6.780639,4385600
1994-05-19,13.843750,13.890625,13.656250,13.812500,6.765334,2889600
1994-05-20,13.796875,13.796875,13.734375,13.765625,6.742372,3049600
1994-05-23,13.765625,13.859375,13.687500,13.812500,6.765334,4015200
1994-05-24,13.812500,13.968750,13.359375,13.531250,6.627575,5931200
1994-05-25,13.531250,13.531250,13.359375,13.500000,6.612269,2927200
1994-05-26,13.500000,13.703125,13.343750,13.437500,6.581663,3933600
1994-05-27,13.437500,13.484375,13.328125,13.437500,6.581663,1941600
1994-05-31,13.437500,13.468750,13.296875,13.359375,6.543390,3903200
1994-06-01,13.281250,13.281250,13.000000,13.187500,6.459208,4810400
1994-06-02,13.187500,13.390625,13.078125,13.328125,6.528083,3791200
1994-06-03,13.328125,13.437500,13.234375,13.437500,6.581663,2937600
1994-06-06,13.468750,13.609375,13.468750,13.531250,6.627575,2200000
1994-06-07,13.515625,13.515625,13.250000,13.250000,6.489819,4004800
1994-06-08,13.250000,13.281250,12.953125,13.046875,6.390329,5444000
1994-06-09,13.046875,13.078125,12.921875,12.937500,6.336757,3006400
1994-06-10,12.937500,13.203125,12.921875,13.140625,6.436249,2157600
1994-06-13,13.140625,13.343750,13.093750,13.250000,6.489819,2713600
1994-06-14,13.250000,13.718750,13.156250,13.671875,6.696455,4096800
1994-06-15,13.671875,13.843750,13.578125,13.625000,6.673495,2328800
1994-06-16,13.625000,13.718750,13.578125,13.640625,6.681149,1735200
1994-06-17,13.640625,13.687500,13.578125,13.593750,6.658190,2808800
1994-06-20,13.484375,13.484375,13.281250,13.296875,6.512778,3152800
1994-06-21,13.218750,13.218750,12.765625,12.765625,6.252577,6817600
1994-06-22,12.765625,13.046875,12.750000,12.828125,6.283188,4209600
1994-06-23,12.828125,12.984375,12.750000,12.750000,6.244922,2343200
1994-06-24,12.750000,12.828125,12.515625,12.640625,6.191350,2988000
1994-06-27,12.640625,13.171875,12.562500,13.140625,6.436249,3057600
1994-06-28,13.140625,13.281250,12.859375,13.015625,6.375024,4150400
1994-06-29,13.015625,13.125000,12.703125,12.765625,6.252577,2269600
1994-06-30,12.765625,12.937500,12.500000,12.500000,6.122470,3136800
1994-07-01,12.500000,12.703125,12.500000,12.578125,6.160736,3443200
1994-07-05,12.578125,12.812500,12.500000,12.718750,6.229614,2310400
1994-07-06,12.718750,13.125000,12.718750,13.062500,6.397984,3562400
1994-07-07,13.062500,13.187500,12.968750,13.046875,6.390329,3219200
1994-07-08,13.046875,13.312500,13.015625,13.218750,6.474517,2581600
1994-07-11,13.328125,13.468750,13.328125,13.421875,6.574007,3600000
1994-07-12,13.421875,13.671875,13.296875,13.656250,6.688800,3496800
1994-07-13,13.656250,13.890625,13.609375,13.625000,6.673495,6184800
1994-07-14,13.625000,13.625000,13.546875,13.546875,6.653542,1917600
1994-07-15,13.546875,13.546875,13.406250,13.546875,6.653542,1887200
1994-07-18,13.546875,13.656250,13.546875,13.562500,6.661213,1556000
1994-07-19,13.562500,13.671875,13.531250,13.640625,6.699589,1637600
1994-07-20,13.640625,13.671875,13.328125,13.453125,6.607498,2415200
1994-07-21,13.453125,13.562500,13.250000,13.296875,6.530755,3930400
1994-07-22,13.296875,13.375000,13.171875,13.328125,6.546102,1618400
1994-07-25,13.328125,13.437500,13.265625,13.390625,6.576798,1808000
1994-07-26,13.406250,13.500000,13.406250,13.500000,6.630518,1355200
1994-07-27,13.484375,13.484375,13.328125,13.328125,6.546102,1493600
1994-07-28,13.328125,13.421875,13.328125,13.406250,6.584475,1430400
1994-07-29,13.406250,13.609375,13.390625,13.546875,6.653542,2139200
1994-08-01,13.578125,13.734375,13.578125,13.734375,6.745633,2276000
1994-08-02,13.734375,13.781250,13.656250,13.671875,6.714936,2178400
1994-08-03,13.640625,13.640625,13.554688,13.578125,6.668892,1452800
1994-08-04,13.578125,13.609375,13.453125,13.453125,6.607498,1197600
1994-08-05,13.281250,13.281250,13.062500,13.093750,6.430988,6441600
1994-08-08,13.078125,13.078125,12.953125,12.953125,6.361922,3182400
1994-08-09,12.968750,13.031250,12.968750,13.015625,6.392618,1860000
1994-08-10,13.015625,13.078125,12.984375,13.062500,6.415642,1529600
1994-08-11,13.062500,13.140625,12.859375,12.875000,6.323548,3469600
1994-08-12,12.906250,13.187500,12.906250,13.140625,6.454012,3894400
1994-08-15,13.203125,13.328125,13.203125,13.281250,6.523077,1991200
1994-08-16,13.281250,13.640625,13.234375,13.609375,6.684241,3776800
1994-08-17,13.609375,13.750000,13.609375,13.718750,6.737958,4194400
1994-08-18,13.703125,13.703125,13.468750,13.484375,6.622846,4358400
1994-08-19,13.484375,13.531250,13.437500,13.484375,6.622846,1629600
1994-08-22,13.406250,13.406250,13.328125,13.406250,6.584475,1735200
1994-08-23,13.515625,14.093750,13.515625,13.953125,6.853070,5813600
1994-08-24,13.953125,14.343750,13.859375,14.296875,7.021904,3632000
1994-08-25,14.296875,14.296875,13.953125,14.000000,6.876094,3914400
1994-08-26,14.125000,14.453125,14.125000,14.453125,7.098647,5255200
1994-08-29,14.453125,14.453125,14.312500,14.453125,7.098647,3157600
1994-08-30,14.437500,14.437500,14.203125,14.437500,7.090976,4242400
1994-08-31,14.437500,14.562500,14.265625,14.421875,7.083301,4060000
1994-09-01,14.359375,14.359375,14.218750,14.296875,7.021904,1875200
1994-09-02,14.296875,14.421875,14.093750,14.156250,6.952834,2548800
1994-09-06,14.156250,14.156250,13.812500,14.000000,6.876094,1794400
1994-09-07,14.000000,14.031250,13.562500,13.781250,6.768656,3180000
1994-09-08,13.781250,13.875000,13.562500,13.812500,6.784005,2020000
1994-09-09,13.812500,13.843750,13.656250,13.843750,6.799353,2030400
1994-09-12,13.843750,13.937500,13.343750,13.375000,6.569127,3794800
1994-09-13,13.375000,13.656250,13.375000,13.406250,6.584475,2629600
1994-09-14,13.406250,13.843750,13.406250,13.781250,6.768656,1967200
1994-09-15,13.843750,14.468750,13.843750,14.437500,7.090976,3133200
1994-09-16,14.375000,14.375000,14.093750,14.093750,6.922136,6142000
1994-09-19,14.125000,14.343750,14.125000,14.156250,6.952834,1942800
1994-09-20,14.156250,14.156250,13.812500,13.843750,6.799353,2455600
1994-09-21,13.843750,14.000000,13.437500,13.531250,6.645867,6433200
1994-09-22,13.531250,13.687500,13.531250,13.562500,6.661213,3312400
1994-09-23,13.562500,13.781250,13.500000,13.531250,6.645867,2812800
1994-09-26,13.531250,13.593750,13.281250,13.375000,6.569127,3008400
1994-09-27,13.375000,13.468750,13.187500,13.250000,6.507732,2372000
1994-09-28,13.375000,13.812500,13.375000,13.656250,6.707264,3877200
1994-09-29,13.656250,13.687500,13.437500,13.531250,6.645867,3177600
1994-09-30,13.531250,13.843750,13.500000,13.531250,6.645867,2158000
1994-10-03,13.531250,13.656250,13.312500,13.593750,6.676566,2096400
1994-10-04,13.593750,13.781250,13.531250,13.531250,6.645867,2294000
1994-10-05,13.531250,13.531250,13.093750,13.312500,6.538430,6438800
1994-10-06,13.312500,13.375000,13.156250,13.187500,6.477033,2658400
1994-10-07,13.187500,13.562500,13.156250,13.375000,6.569127,2966800
1994-10-10,13.375000,13.531250,13.312500,13.312500,6.538430,1471200
1994-10-11,13.406250,13.937500,13.406250,13.906250,6.830046,3049600
1994-10-12,13.906250,13.937500,13.687500,13.781250,6.768656,3023600
1994-10-13,13.812500,14.156250,13.812500,13.843750,6.799353,3140800
1994-10-14,13.843750,13.937500,13.718750,13.875000,6.814701,1914800
1994-10-17,13.875000,14.031250,13.781250,13.906250,6.830046,1250000
1994-10-18,13.906250,14.000000,13.750000,13.968750,6.879298,1524400
1994-10-19,13.968750,14.187500,13.906250,14.031250,6.910076,2052800
1994-10-20,14.031250,14.125000,13.812500,13.906250,6.848515,1633200
1994-10-21,13.906250,14.093750,13.718750,14.093750,6.940856,3715600
1994-10-24,14.437500,14.812500,14.437500,14.562500,7.171706,8847600
1994-10-25,14.562500,14.562500,14.281250,14.406250,7.094755,5456800
1994-10-26,14.375000,14.375000,14.187500,14.281250,7.033195,2810400
1994-10-27,14.281250,14.468750,14.281250,14.375000,7.079367,2348800
1994-10-28,14.437500,14.968750,14.437500,14.843750,7.310215,4927200
1994-10-31,14.875000,15.000000,14.875000,14.937500,7.356381,3513600
1994-11-01,14.937500,14.937500,14.406250,14.406250,7.094755,4489600
1994-11-02,14.468750,14.750000,14.468750,14.625000,7.202483,4801600
1994-11-03,14.625000,14.687500,14.437500,14.531250,7.156315,2994000
1994-11-04,14.531250,14.531250,14.343750,14.343750,7.063981,2060800
1994-11-07,14.343750,14.375000,14.312500,14.375000,7.079367,2241600
1994-11-08,14.375000,14.468750,14.312500,14.312500,7.048583,4961600
1994-11-09,14.375000,14.656250,14.375000,14.593750,7.187095,3357200
1994-11-10,14.593750,14.812500,14.406250,14.562500,7.171706,2352400
1994-11-11,14.562500,14.593750,14.250000,14.281250,7.033195,1813200
1994-11-14,14.312500,14.468750,14.312500,14.375000,7.079367,2067200
1994-11-15,14.375000,14.437500,14.031250,14.062500,6.925468,4696000
1994-11-16,14.062500,14.125000,13.937500,14.125000,6.956243,3713600
1994-11-17,14.125000,14.312500,14.031250,14.093750,6.940856,3488000
1994-11-18,14.093750,14.125000,13.875000,13.906250,6.848515,3144800
1994-11-21,13.906250,14.031250,13.687500,13.718750,6.756179,2582000
1994-11-22,13.656250,13.656250,12.906250,12.906250,6.356042,5804800
1994-11-23,12.906250,13.218750,12.843750,13.156250,6.479157,6545200
1994-11-25,13.218750,13.375000,13.218750,13.343750,6.571499,1332400
1994-11-28,13.343750,13.625000,13.343750,13.500000,6.648447,4500400
1994-11-29,13.500000,13.531250,13.250000,13.312500,6.556107,2626000
1994-11-30,13.437500,13.562500,13.437500,13.531250,6.663837,3372000
1994-12-01,13.468750,13.468750,13.187500,13.187500,6.494546,3123600
1994-12-02,13.187500,13.343750,13.156250,13.343750,6.571499,2552400
1994-12-05,13.343750,13.531250,13.281250,13.468750,6.633058,1650000
1994-12-06,13.406250,13.406250,13.093750,13.218750,6.509937,3126000
1994-12-07,13.125000,13.125000,12.937500,13.000000,6.402209,3942800
1994-12-08,13.000000,13.062500,12.875000,12.937500,6.371427,2432400
1994-12-09,12.875000,12.875000,12.656250,12.718750,6.263699,3206800
1994-12-12,12.843750,13.000000,12.843750,12.906250,6.356042,3687600
1994-12-13,12.906250,13.000000,12.781250,12.812500,6.309870,4464000
1994-12-14,12.812500,13.250000,12.781250,13.093750,6.448380,5580800
1994-12-15,13.187500,13.406250,13.187500,13.343750,6.571499,2771200
1994-12-16,13.343750,13.437500,13.093750,13.312500,6.556107,3522000
1994-12-19,13.218750,13.218750,12.937500,13.031250,6.417597,2534000
1994-12-20,13.031250,13.187500,13.031250,13.093750,6.448380,2144800
1994-12-21,13.187500,13.468750,13.187500,13.375000,6.586890,2556800
1994-12-22,13.406250,13.593750,13.406250,13.562500,6.679230,1814800
1994-12-23,13.562500,13.718750,13.531250,13.593750,6.694616,1210800
1994-12-27,13.625000,13.843750,13.625000,13.812500,6.802343,1220000
1994-12-28,13.687500,13.687500,13.468750,13.562500,6.679230,1472000
1994-12-29,13.562500,13.625000,13.468750,13.625000,6.710004,897200
1994-12-30,13.625000,13.812500,13.625000,13.781250,6.786958,1366000
1995-01-03,13.781250,13.781250,13.656250,13.750000,6.771564,2124400
1995-01-04,13.718750,13.718750,13.500000,13.718750,6.756179,2604800
1995-01-05,13.718750,13.906250,13.718750,13.906250,6.848515,2305600
1995-01-06,13.906250,14.343750,13.812500,14.156250,6.971637,3176800
1995-01-09,14.156250,14.468750,14.062500,14.437500,7.110147,3139200
1995-01-10,14.437500,14.718750,14.437500,14.593750,7.187095,3478800
1995-01-11,14.593750,14.656250,14.218750,14.468750,7.125533,2608800
1995-01-12,14.468750,14.468750,14.156250,14.187500,6.987024,2497200
1995-01-13,14.187500,14.312500,13.968750,14.281250,7.064316,2226000
1995-01-16,14.281250,14.312500,13.906250,14.281250,7.064316,3230400
1995-01-17,14.281250,14.625000,14.218750,14.562500,7.203441,3481200
1995-01-18,14.562500,14.656250,14.500000,14.656250,7.249812,2818000
1995-01-19,14.468750,14.468750,13.656250,13.687500,6.770617,13997600
1995-01-20,13.500000,13.500000,13.062500,13.156250,6.507827,11540000
1995-01-23,13.156250,13.187500,12.906250,13.187500,6.523284,6229600
1995-01-24,13.218750,13.437500,13.218750,13.281250,6.569659,4504400
1995-01-25,13.281250,13.562500,13.125000,13.406250,6.631492,2944000
1995-01-26,13.406250,13.468750,13.281250,13.437500,6.646952,2143200
1995-01-27,13.437500,13.687500,13.156250,13.187500,6.523284,2834400
1995-01-30,13.125000,13.125000,12.906250,12.906250,6.384166,2610400
1995-01-31,12.906250,13.062500,12.843750,12.843750,6.353245,4162800
1995-02-01,12.843750,13.125000,12.781250,12.875000,6.368702,6764800
1995-02-02,12.875000,13.125000,12.812500,13.062500,6.461450,2526800
1995-02-03,13.156250,13.562500,13.156250,13.250000,6.554201,5642000
1995-02-06,13.250000,13.468750,13.218750,13.437500,6.646952,2848400
1995-02-07,13.437500,13.500000,13.187500,13.375000,6.616034,2728400
1995-02-08,13.375000,13.406250,13.250000,13.312500,6.585114,1566800
1995-02-09,13.312500,13.437500,12.968750,13.156250,6.507827,2737600
1995-02-10,13.156250,13.343750,13.093750,13.281250,6.569659,1953200
1995-02-13,13.281250,13.343750,13.187500,13.343750,6.600576,2391200
1995-02-14,13.343750,13.437500,13.281250,13.406250,6.631492,1853200
1995-02-15,13.406250,13.593750,13.312500,13.312500,6.585114,2147200
1995-02-16,13.312500,13.312500,13.062500,13.312500,6.585114,2502000
1995-02-17,13.281250,13.281250,13.093750,13.093750,6.476913,1781600
1995-02-21,13.093750,13.156250,12.937500,13.000000,6.430536,3207600
1995-02-22,13.062500,13.250000,13.062500,13.218750,6.538743,3591600
1995-02-23,13.218750,13.375000,13.187500,13.250000,6.554201,3578400
1995-02-24,13.187500,13.187500,12.906250,12.937500,6.399619,4492000
1995-02-27,12.937500,12.968750,12.687500,12.781250,6.322334,4053200
1995-02-28,12.781250,12.906250,12.718750,12.906250,6.384166,2706800
1995-03-01,12.781250,12.781250,12.500000,12.562500,6.214127,11499600
1995-03-02,12.562500,12.562500,12.125000,12.187500,6.028629,10558800
1995-03-03,12.187500,12.375000,12.093750,12.250000,6.059546,5893600
1995-03-06,12.218750,12.218750,12.093750,12.187500,6.028629,5266800
1995-03-07,12.187500,12.312500,12.062500,12.125000,5.997713,3485200
1995-03-08,12.125000,12.250000,12.093750,12.093750,5.982251,3062400
1995-03-09,12.187500,12.343750,12.187500,12.281250,6.075003,2686800
1995-03-10,12.343750,12.531250,12.343750,12.468750,6.167750,4359600
1995-03-13,12.468750,12.500000,12.156250,12.187500,6.028629,3688000
1995-03-14,12.250000,12.468750,12.250000,12.250000,6.059546,3887600
1995-03-15,12.281250,12.500000,12.281250,12.437500,6.152293,3401600
1995-03-16,12.437500,12.843750,12.437500,12.750000,6.306873,4313600
1995-03-17,12.750000,12.968750,12.718750,12.875000,6.368702,3884400
1995-03-20,12.875000,12.906250,12.718750,12.781250,6.322334,1583200
1995-03-21,12.750000,12.750000,12.531250,12.593750,6.229583,6490400
1995-03-22,12.562500,12.562500,12.312500,12.406250,6.136836,5817600
1995-03-23,12.406250,12.437500,12.250000,12.375000,6.121377,4060800
1995-03-24,12.406250,12.750000,12.406250,12.750000,6.306873,4978400
1995-03-27,12.750000,13.031250,12.687500,13.031250,6.445994,2540800
1995-03-28,13.031250,13.093750,12.843750,12.968750,6.415082,1425200
1995-03-29,13.406250,13.875000,13.406250,13.468750,6.662408,7374000
1995-03-30,13.562500,14.343750,13.562500,14.093750,6.971564,6781600
1995-03-31,14.000000,14.000000,13.625000,13.875000,6.863361,3420000
1995-04-03,13.875000,14.031250,13.843750,14.000000,6.925191,2574800
1995-04-04,14.000000,14.031250,13.843750,14.031250,6.940650,3403600
1995-04-05,14.031250,14.093750,13.937500,13.937500,6.894279,2754800
1995-04-06,13.968750,14.187500,13.968750,14.000000,6.925191,3607200
1995-04-07,14.000000,14.031250,13.906250,13.968750,6.909737,1903200
1995-04-10,13.968750,14.000000,13.750000,14.000000,6.925191,2342000
1995-04-11,14.000000,14.062500,13.781250,13.781250,6.816988,2774800
1995-04-12,13.906250,14.000000,13.906250,13.968750,6.909737,5361600
1995-04-13,13.968750,14.000000,13.812500,13.875000,6.863361,2632800
1995-04-17,14.000000,14.250000,14.000000,14.093750,6.971564,4721600
1995-04-18,14.093750,14.312500,14.062500,14.093750,7.002622,2904400
1995-04-19,14.093750,14.375000,13.781250,14.343750,7.126839,5451600
1995-04-20,14.343750,14.375000,14.000000,14.031250,6.971565,3861600
1995-04-21,14.031250,14.156250,13.875000,13.937500,6.924988,2379600
1995-04-24,13.937500,14.062500,13.906250,13.937500,6.924988,2469600
1995-04-25,13.937500,14.218750,13.937500,14.093750,7.002622,3268800
1995-04-26,14.093750,14.156250,14.015625,14.093750,7.002622,2615600
1995-04-27,14.093750,14.218750,14.000000,14.187500,7.049204,1867600
1995-04-28,14.187500,14.625000,14.187500,14.625000,7.266575,3802400
1995-05-01,14.562500,14.562500,14.281250,14.375000,7.142365,3361200
1995-05-02,14.375000,14.406250,14.187500,14.312500,7.111311,1662400
1995-05-03,14.312500,14.437500,14.281250,14.375000,7.142365,1554000
1995-05-04,14.375000,14.406250,14.062500,14.093750,7.002622,3045600
1995-05-05,14.093750,14.125000,13.812500,13.937500,6.924988,2774400
1995-05-08,13.937500,14.218750,13.875000,14.187500,7.049204,2044000
1995-05-09,14.250000,14.593750,14.250000,14.468750,7.188942,3828400
1995-05-10,14.468750,14.718750,14.375000,14.687500,7.297631,3870800
1995-05-11,14.687500,14.937500,14.687500,14.750000,7.328687,3381600
1995-05-12,14.750000,15.718750,14.562500,15.718750,7.810019,9172000
1995-05-15,15.718750,15.968750,15.500000,15.562500,7.732380,7962800
1995-05-16,15.562500,15.593750,15.406250,15.562500,7.732380,3690800
1995-05-17,15.562500,15.843750,15.468750,15.687500,7.794491,3930000
1995-05-18,15.562500,15.562500,15.156250,15.218750,7.561589,5475200
1995-05-19,15.187500,15.187500,14.750000,14.937500,7.421845,5631200
1995-05-22,15.000000,15.843750,15.000000,15.625000,7.763438,4222400
1995-05-23,15.437500,15.437500,14.937500,15.062500,7.483955,9915200
1995-05-24,15.062500,15.250000,15.031250,15.062500,7.483955,4099600
1995-05-25,15.062500,15.062500,14.656250,14.781250,7.344213,2792000
1995-05-26,14.718750,14.718750,14.250000,14.343750,7.126839,3823200
1995-05-30,14.343750,14.656250,14.281250,14.593750,7.251048,3297200
1995-05-31,14.593750,15.062500,14.437500,15.062500,7.483955,2719200
1995-06-01,15.062500,15.218750,14.937500,15.125000,7.515008,3289200
1995-06-02,15.125000,15.156250,14.718750,14.812500,7.359743,6353200
1995-06-05,14.812500,15.156250,14.750000,14.968750,7.437372,2009600
1995-06-06,15.000000,15.156250,15.000000,15.031250,7.468430,1741200
1995-06-07,15.031250,15.343750,14.906250,15.187500,7.546061,4624800
1995-06-08,15.312500,15.625000,15.312500,15.500000,7.701333,4194000
1995-06-09,15.500000,15.562500,15.250000,15.375000,7.639226,2295200
1995-06-12,15.375000,15.562500,15.218750,15.218750,7.561589,3050000
1995-06-13,15.218750,15.750000,15.187500,15.687500,7.794491,2593600
1995-06-14,15.687500,15.843750,15.625000,15.812500,7.856601,4117200
1995-06-15,15.781250,15.781250,15.625000,15.718750,7.810019,1780800
1995-06-16,15.718750,15.843750,15.656250,15.656250,7.778970,2511600
1995-06-19,15.750000,16.312500,15.750000,16.250000,8.073974,1925600
1995-06-20,16.187500,16.187500,15.937500,16.031250,7.965289,3343200
1995-06-21,15.750000,15.750000,15.562500,15.687500,7.794491,4840000
1995-06-22,15.656250,15.656250,15.500000,15.625000,7.763438,5078800
1995-06-23,15.625000,15.718750,15.468750,15.687500,7.794491,2937200
1995-06-26,15.687500,15.781250,15.562500,15.562500,7.732380,2174400
1995-06-27,15.562500,15.781250,15.562500,15.750000,7.825544,2228400
1995-06-28,15.687500,15.687500,15.437500,15.593750,7.747907,2408800
1995-06-29,15.593750,15.625000,15.406250,15.562500,7.732380,1212800
1995-06-30,15.593750,16.125000,15.593750,16.062500,7.980816,4457200
1995-07-03,16.062500,16.093750,16.031250,16.093750,7.996342,861200
1995-07-05,16.093750,16.531250,16.062500,16.500000,8.198192,4053200
1995-07-06,16.500000,17.125000,16.406250,17.093750,8.493201,5032800
1995-07-07,17.093750,18.062500,17.031250,17.750000,8.819264,5728400
1995-07-10,17.718750,17.718750,17.468750,17.562500,8.726105,3457200
1995-07-11,17.562500,17.718750,17.500000,17.562500,8.726105,2111200
1995-07-12,17.562500,17.906250,17.500000,17.906250,8.896900,1578800
1995-07-13,17.906250,18.156250,17.781250,18.093750,8.990060,2476000
1995-07-14,18.093750,18.187500,17.968750,18.125000,9.005584,1380000
1995-07-17,18.125000,18.812500,18.031250,18.468750,9.176382,3234800
1995-07-18,18.062500,18.062500,17.812500,17.843750,8.908052,2951200
1995-07-19,17.437500,17.437500,16.656250,17.281250,8.627235,6454800
1995-07-20,17.250000,17.250000,16.562500,16.875000,8.424425,7407200
1995-07-21,16.875000,17.000000,16.718750,16.875000,8.424425,4312800
1995-07-24,16.875000,17.281250,16.843750,17.250000,8.611632,2162400
1995-07-25,17.250000,17.500000,17.062500,17.468750,8.720844,2363200
1995-07-26,17.468750,17.562500,17.281250,17.468750,8.720844,1558400
1995-07-27,17.531250,17.718750,17.531250,17.562500,8.767649,1165200
1995-07-28,17.562500,17.593750,17.281250,17.312500,8.642836,1448000
1995-07-31,17.312500,17.656250,17.218750,17.593750,8.783247,1445200
1995-08-01,17.562500,17.562500,16.875000,17.031250,8.502434,2475200
1995-08-02,17.031250,17.406250,16.812500,16.812500,8.393225,2673200
1995-08-03,16.812500,17.062500,16.562500,17.000000,8.486829,2035200
1995-08-04,17.000000,17.125000,16.750000,16.781250,8.377623,1071200
1995-08-07,16.781250,16.843750,16.531250,16.562500,8.268419,1995200
1995-08-08,16.562500,16.593750,16.156250,16.531250,8.252814,2300000
1995-08-09,16.531250,16.562500,16.125000,16.250000,8.112408,2950000
1995-08-10,16.187500,16.187500,15.906250,15.906250,7.940801,5111200
1995-08-11,15.906250,16.000000,15.562500,15.843750,7.909600,2550800
1995-08-14,16.000000,16.500000,16.000000,16.500000,8.237218,2319600
1995-08-15,16.500000,16.500000,16.187500,16.437500,8.206016,2189600
1995-08-16,16.656250,17.031250,16.656250,17.000000,8.486829,3944400
1995-08-17,17.000000,17.250000,16.750000,17.187500,8.580436,3975200
1995-08-18,17.156250,17.156250,16.906250,16.937500,8.455623,5903600
1995-08-21,16.937500,17.031250,16.875000,16.906250,8.440026,3500800
1995-08-22,16.875000,16.875000,16.562500,16.687500,8.330822,2990000
1995-08-23,16.656250,16.656250,16.250000,16.343750,8.159215,4591200
1995-08-24,16.343750,16.343750,15.968750,16.093750,8.034407,4195200
1995-08-25,16.125000,16.343750,16.125000,16.250000,8.112408,2162800
1995-08-28,16.250000,16.437500,16.156250,16.343750,8.159215,1484400
1995-08-29,16.375000,16.750000,16.375000,16.750000,8.362022,1958400
1995-08-30,16.750000,16.906250,16.593750,16.687500,8.330822,2383600
1995-08-31,16.687500,16.906250,16.687500,16.781250,8.377623,1488800
1995-09-01,16.781250,17.093750,16.718750,17.093750,8.533629,1115600
1995-09-05,17.093750,17.187500,16.906250,17.125000,8.549234,1696400
1995-09-06,17.125000,17.343750,17.093750,17.343750,8.658438,1868400
1995-09-07,17.343750,17.500000,17.312500,17.343750,8.658438,2987200
1995-09-08,17.343750,17.406250,17.156250,17.281250,8.627235,1842800
1995-09-11,17.281250,17.343750,17.000000,17.031250,8.502434,1293200
1995-09-12,17.000000,17.000000,16.750000,16.843750,8.408831,1852400
1995-09-13,16.750000,16.750000,16.625000,16.750000,8.362022,1934400
1995-09-14,16.750000,16.750000,16.218750,16.250000,8.112408,4240400
1995-09-15,16.250000,16.437500,16.250000,16.312500,8.143615,3852400
1995-09-18,16.312500,16.406250,16.250000,16.343750,8.159215,1999200
1995-09-19,14.968750,14.968750,14.468750,14.718750,7.347972,19483200
1995-09-20,14.875000,15.062500,14.875000,14.968750,7.472776,9081200
1995-09-21,14.937500,14.937500,14.718750,14.718750,7.347972,5008000
1995-09-22,14.718750,14.875000,14.656250,14.718750,7.347972,2566400
1995-09-25,14.718750,14.812500,14.500000,14.531250,7.254369,1924400
1995-09-26,14.531250,14.687500,14.500000,14.531250,7.254369,3429600
1995-09-27,14.500000,14.500000,14.031250,14.031250,7.004755,5075600
1995-09-28,14.187500,14.375000,14.187500,14.375000,7.176365,4480400
1995-09-29,14.375000,14.531250,14.218750,14.218750,7.098360,3096400
1995-10-02,14.218750,14.250000,13.781250,13.812500,6.895549,5115600
1995-10-03,13.812500,14.000000,13.718750,13.843750,6.911150,4278000
1995-10-04,13.843750,13.843750,13.625000,13.687500,6.833148,5644800
1995-10-05,13.687500,13.906250,13.687500,13.781250,6.879948,5118800
1995-10-06,13.781250,13.812500,13.531250,13.531250,6.755142,2690800
1995-10-09,13.343750,13.343750,12.937500,13.156250,6.567929,4963600
1995-10-10,13.156250,13.406250,12.687500,13.156250,6.567929,5307600
1995-10-11,13.156250,13.375000,12.906250,13.031250,6.505527,3386400
1995-10-12,13.093750,13.406250,13.093750,13.343750,6.661538,3218800
1995-10-13,13.343750,13.968750,13.343750,13.875000,6.926747,5668000
1995-10-16,13.875000,14.000000,13.656250,13.875000,6.926747,3138400
1995-10-17,13.875000,13.968750,13.500000,13.531250,6.755142,3674800
1995-10-18,13.500000,13.500000,12.781250,12.875000,6.427525,7730400
1995-10-19,12.968750,13.218750,12.968750,13.125000,6.597166,4964000
1995-10-20,13.187500,13.375000,13.187500,13.281250,6.675705,4236000
1995-10-23,13.281250,13.375000,13.156250,13.218750,6.644288,2256400
1995-10-24,13.281250,13.687500,13.281250,13.593750,6.832782,3166000
1995-10-25,13.593750,13.750000,13.218750,13.218750,6.644288,2854000
1995-10-26,13.281250,13.531250,13.281250,13.406250,6.738536,2429600
1995-10-27,13.406250,13.687500,13.406250,13.656250,6.864194,2978800
1995-10-30,13.656250,13.906250,13.593750,13.750000,6.911318,3084400
1995-10-31,13.937500,14.250000,13.937500,14.187500,7.131222,3815600
1995-11-01,14.187500,14.375000,14.000000,14.125000,7.099808,2937600
1995-11-02,14.156250,14.375000,14.156250,14.312500,7.194052,2752800
1995-11-03,14.312500,14.468750,13.968750,14.000000,7.036975,5108400
1995-11-06,14.000000,14.375000,14.000000,14.281250,7.178343,2806000
1995-11-07,14.281250,14.343750,14.156250,14.281250,7.178343,1774400
1995-11-08,14.062500,14.062500,13.843750,13.875000,6.974145,3327600
1995-11-09,13.968750,14.281250,13.968750,14.218750,7.146932,2540000
1995-11-10,14.218750,14.250000,14.125000,14.156250,7.115516,2154800
1995-11-13,14.156250,14.250000,13.968750,14.093750,7.084097,2142000
1995-11-14,14.093750,14.250000,14.000000,14.000000,7.036975,1303200
1995-11-15,14.000000,14.093750,13.781250,14.000000,7.036975,2278400
1995-11-16,14.000000,14.000000,13.781250,13.812500,6.942733,2285600
1995-11-17,13.843750,14.000000,13.843750,13.875000,6.974145,2664800
1995-11-20,13.875000,14.250000,13.843750,13.906250,6.989855,2925600
1995-11-21,14.250000,14.937500,14.250000,14.843750,7.461083,6520400
1995-11-22,14.843750,15.031250,14.562500,14.937500,7.508201,4496800
1995-11-24,14.937500,15.000000,14.906250,14.937500,7.508201,1150000
1995-11-27,15.031250,15.468750,15.031250,15.343750,7.712402,3972800
1995-11-28,15.343750,15.531250,15.312500,15.531250,7.806648,2560000
1995-11-29,15.531250,15.593750,15.250000,15.500000,7.790941,2629600
1995-11-30,15.500000,15.531250,15.312500,15.343750,7.712402,1912000
1995-12-01,15.343750,15.406250,15.250000,15.250000,7.665280,2207200
1995-12-04,15.250000,15.500000,15.250000,15.375000,7.728113,1774400
1995-12-05,15.375000,15.781250,15.187500,15.625000,7.853773,3022000
1995-12-06,15.625000,15.750000,15.468750,15.625000,7.853773,1770800
1995-12-07,15.562500,15.562500,15.187500,15.187500,7.633866,1622800
1995-12-08,15.187500,15.312500,15.125000,15.218750,7.649570,1358000
1995-12-11,15.218750,15.468750,15.156250,15.437500,7.759522,1258800
1995-12-12,15.437500,15.500000,15.312500,15.312500,7.696693,1448000
1995-12-13,15.312500,15.468750,15.156250,15.437500,7.759522,2878800
1995-12-14,15.437500,15.687500,15.437500,15.500000,7.790941,3988000
1995-12-15,15.500000,15.531250,14.937500,15.000000,7.539623,3891600
1995-12-18,14.968750,14.968750,14.437500,14.437500,7.256884,5345600
1995-12-19,14.437500,15.250000,14.312500,15.218750,7.649570,4606800
1995-12-20,15.218750,15.250000,15.000000,15.000000,7.539623,3174000
1995-12-21,15.031250,15.375000,15.031250,15.375000,7.728113,1872800
1995-12-22,15.343750,15.343750,15.062500,15.218750,7.649570,1458800
1995-12-26,15.218750,15.218750,14.812500,14.843750,7.461083,920800
1995-12-27,14.843750,14.843750,14.718750,14.750000,7.413957,2015200
1995-12-28,14.750000,14.875000,14.531250,14.593750,7.335420,1647200
1995-12-29,14.593750,14.718750,14.593750,14.687500,7.382545,2208000
1996-01-02,14.687500,14.937500,14.562500,14.875000,7.476789,4534000
1996-01-03,14.875000,15.312500,14.843750,15.125000,7.602448,5097200
1996-01-04,15.125000,15.125000,14.843750,15.000000,7.539623,4061600
1996-01-05,15.000000,15.312500,14.843750,15.250000,7.665280,2788000
1996-01-08,15.250000,15.281250,15.093750,15.187500,7.633866,1199600
1996-01-09,15.187500,15.312500,14.781250,14.781250,7.429669,2748400
1996-01-10,14.781250,15.156250,14.531250,14.625000,7.351126,4288800
1996-01-11,14.656250,14.875000,14.656250,14.843750,7.461083,2500000
1996-01-12,14.843750,14.937500,14.562500,14.625000,7.351126,2382400
1996-01-15,14.531250,14.531250,14.187500,14.218750,7.146932,3422400
1996-01-16,14.218750,14.250000,13.593750,13.875000,6.974145,7181600
1996-01-17,13.875000,13.937500,13.500000,13.562500,6.817070,6114400
1996-01-18,14.031250,15.250000,14.031250,14.812500,7.493718,17313600
1996-01-19,14.812500,14.906250,14.593750,14.750000,7.462099,7396000
1996-01-22,14.750000,15.750000,14.750000,15.687500,7.936387,6558400
1996-01-23,15.625000,15.625000,15.281250,15.625000,7.904765,6574400
1996-01-24,15.625000,15.625000,15.406250,15.500000,7.841532,2549200
1996-01-25,15.468750,15.468750,15.093750,15.156250,7.667624,2800400
1996-01-26,15.156250,15.562500,15.031250,15.562500,7.873147,3100000
1996-01-29,15.562500,15.968750,15.562500,15.937500,8.062865,4029200
1996-01-30,15.937500,16.156250,15.906250,16.093750,8.141914,4122400
1996-01-31,16.093750,16.218750,15.781250,16.093750,8.141914,6088400
1996-02-01,16.093750,16.093750,15.843750,16.031250,8.110294,2006800
1996-02-02,16.031250,16.062500,15.656250,15.843750,8.015433,2576800
1996-02-05,15.843750,15.843750,15.406250,15.687500,7.936387,3753200
1996-02-06,15.687500,15.906250,15.687500,15.875000,8.031248,2945600
1996-02-07,15.906250,16.156250,15.906250,15.968750,8.078675,2755200
1996-02-08,15.968750,16.281250,15.937500,16.281250,8.236767,3288000
1996-02-09,16.281250,16.406250,16.093750,16.156250,8.173528,4370000
1996-02-12,16.156250,16.968750,16.156250,16.906250,8.552958,5484000
1996-02-13,16.875000,16.875000,16.531250,16.875000,8.537147,4714800
1996-02-14,16.875000,16.937500,16.625000,16.750000,8.473911,2642400
1996-02-15,16.750000,16.843750,16.593750,16.656250,8.426480,4382400
1996-02-16,16.656250,16.812500,16.406250,16.750000,8.473911,3848000
1996-02-20,16.750000,17.000000,16.593750,16.968750,8.584579,3654000
1996-02-21,17.031250,17.375000,17.031250,17.218750,8.711056,4449200
1996-02-22,17.312500,17.593750,17.312500,17.562500,8.884960,3827600
1996-02-23,17.562500,18.000000,17.281250,17.500000,8.853339,3818000
1996-02-26,17.500000,17.562500,17.281250,17.312500,8.758485,3305600
1996-02-27,17.312500,17.468750,17.062500,17.343750,8.774291,2235600
1996-02-28,17.343750,17.500000,16.875000,16.937500,8.568770,2842000
1996-02-29,16.937500,16.968750,16.656250,16.687500,8.442292,2937600
1996-03-01,16.687500,16.968750,16.375000,16.875000,8.537147,2830000
1996-03-04,16.875000,17.156250,16.781250,16.968750,8.584579,3146000
1996-03-05,16.937500,16.937500,16.718750,16.937500,8.568770,3389200
1996-03-06,16.937500,17.093750,16.781250,16.937500,8.568770,3079200
1996-03-07,16.937500,17.125000,16.718750,16.937500,8.568770,3221600
1996-03-08,16.937500,17.125000,16.468750,16.812500,8.505530,3876000
1996-03-11,16.812500,17.468750,16.656250,17.468750,8.837531,3638800
1996-03-12,17.468750,17.656250,16.843750,17.593750,8.900771,4683200
1996-03-13,17.593750,17.656250,17.312500,17.656250,8.932393,2544000
1996-03-14,17.656250,17.843750,17.656250,17.718750,8.964007,3598000
1996-03-15,17.718750,18.125000,17.687500,18.000000,9.106294,3878000
1996-03-18,18.000000,18.406250,17.906250,18.375000,9.296007,4014400
1996-03-19,18.375000,18.468750,17.937500,18.093750,9.153720,5062400
1996-03-20,18.093750,18.187500,17.562500,17.718750,8.964007,3674000
1996-03-21,17.687500,17.687500,17.468750,17.500000,8.853339,1518800
1996-03-22,17.500000,17.593750,17.218750,17.312500,8.758485,1745600
1996-03-25,17.312500,17.437500,17.156250,17.343750,8.774291,2327600
1996-03-26,17.343750,17.625000,17.218750,17.468750,8.837531,2084400
1996-03-27,17.468750,17.687500,17.218750,17.375000,8.790101,1397200
1996-03-28,17.312500,17.312500,16.906250,17.125000,8.663627,1776800
1996-03-29,17.125000,17.156250,16.937500,17.000000,8.600389,1836000
1996-04-01,17.000000,17.062500,16.750000,16.875000,8.537147,1832400
1996-04-02,16.875000,16.968750,16.468750,16.656250,8.426480,2808000
1996-04-03,16.656250,17.093750,16.656250,17.062500,8.632010,1655600
1996-04-04,17.062500,17.375000,17.062500,17.156250,8.679434,1339600
1996-04-08,17.062500,17.062500,16.750000,16.906250,8.552958,2050400
1996-04-09,16.906250,16.937500,16.656250,16.687500,8.442292,1882400
1996-04-10,16.687500,16.906250,16.562500,16.625000,8.410672,1648400
1996-04-11,16.625000,17.156250,16.625000,17.156250,8.679434,3116000
1996-04-12,17.156250,17.656250,17.156250,17.562500,8.884960,3159600
1996-04-15,17.562500,17.968750,17.531250,17.906250,9.058867,2591200
1996-04-16,17.875000,17.875000,17.406250,17.625000,8.916584,4186800
1996-04-17,17.500000,17.500000,16.843750,16.937500,8.568770,3632800
1996-04-18,16.750000,16.750000,16.156250,16.343750,8.311328,5103600
1996-04-19,16.343750,16.406250,16.218750,16.250000,8.263650,7505200
1996-04-22,16.281250,16.437500,16.281250,16.375000,8.327218,2652800
1996-04-23,16.375000,16.562500,16.343750,16.343750,8.311328,2362000
1996-04-24,16.343750,16.437500,16.031250,16.187500,8.231865,1889600
1996-04-25,16.187500,16.687500,16.031250,16.656250,8.470237,2538400
1996-04-26,16.656250,16.656250,16.218750,16.218750,8.247762,2229200
1996-04-29,16.218750,16.218750,15.906250,16.062500,8.168300,1796800
1996-04-30,16.062500,16.218750,15.937500,16.031250,8.152408,1694800
1996-05-01,16.031250,16.343750,15.906250,16.156250,8.215974,3099200
1996-05-02,16.156250,16.437500,16.000000,16.156250,8.215974,4316800
1996-05-03,16.156250,16.281250,15.843750,15.937500,8.104734,3529200
1996-05-06,15.937500,15.968750,15.750000,15.968750,8.120628,2586000
1996-05-07,15.968750,15.968750,15.750000,15.781250,8.025274,3583200
1996-05-08,15.781250,15.843750,15.500000,15.750000,8.009382,2446000
1996-05-09,15.750000,16.000000,15.687500,15.843750,8.057060,2398400
1996-05-10,15.875000,16.031250,15.875000,15.906250,8.088836,1634400
1996-05-13,15.906250,16.062500,15.875000,16.031250,8.152408,1833600
1996-05-14,16.156250,16.406250,16.156250,16.312500,8.295430,4389600
1996-05-15,16.437500,16.781250,16.437500,16.687500,8.486133,3393600
1996-05-16,16.687500,17.281250,16.625000,17.187500,8.740400,3786800
1996-05-17,17.187500,17.343750,17.187500,17.218750,8.756290,2852400
1996-05-20,17.218750,17.312500,16.937500,16.968750,8.629159,2428800
1996-05-21,17.031250,17.218750,17.031250,17.125000,8.708616,2910000
1996-05-22,17.125000,17.343750,16.968750,17.312500,8.803967,2563200
1996-05-23,17.312500,17.406250,16.906250,16.906250,8.597375,3072000
1996-05-24,16.906250,17.093750,16.843750,17.093750,8.692725,3006000
1996-05-28,17.093750,17.093750,16.906250,16.937500,8.613268,2190800
1996-05-29,16.937500,17.031250,16.937500,17.000000,8.645049,1509600
1996-05-30,16.812500,16.812500,16.500000,16.593750,8.438456,5463600
1996-05-31,16.437500,16.437500,16.312500,16.406250,8.343106,3132000
1996-06-03,16.375000,16.375000,16.062500,16.093750,8.184192,2794800
1996-06-04,16.125000,16.500000,16.125000,16.437500,8.359003,3534800
1996-06-05,16.437500,16.562500,16.312500,16.531250,8.406673,1700000
1996-06-06,16.531250,16.562500,16.218750,16.218750,8.247762,2041600
1996-06-07,16.218750,16.500000,16.031250,16.406250,8.343106,2415200
1996-06-10,16.406250,16.656250,16.218750,16.250000,8.263650,1575600
1996-06-11,16.281250,16.625000,16.281250,16.500000,8.390779,1345200
1996-06-12,16.500000,16.718750,16.156250,16.187500,8.231865,1739600
1996-06-13,16.187500,16.343750,16.062500,16.156250,8.215974,1739600
1996-06-14,16.312500,16.500000,16.312500,16.312500,8.295430,1965200
1996-06-17,16.312500,16.468750,16.250000,16.343750,8.311328,1398400
1996-06-18,16.375000,16.843750,16.375000,16.406250,8.343106,2332400
1996-06-19,16.406250,16.687500,16.343750,16.500000,8.390779,2883600
1996-06-20,16.500000,17.000000,16.500000,16.781250,8.533805,2510000
1996-06-21,16.812500,17.250000,16.812500,17.187500,8.740400,3808800
1996-06-24,17.187500,17.437500,17.156250,17.312500,8.803967,2184400
1996-06-25,17.312500,17.312500,16.968750,17.062500,8.676837,2345200
1996-06-26,17.062500,17.125000,16.687500,16.750000,8.517915,2334400
1996-06-27,16.750000,16.937500,16.750000,16.812500,8.549699,4665200
1996-06-28,16.812500,16.968750,16.625000,16.937500,8.613268,3232800
1996-07-01,16.937500,17.562500,16.718750,17.500000,8.899315,3609200
1996-07-02,17.500000,17.500000,17.218750,17.468750,8.883422,1948800
1996-07-03,17.468750,17.718750,17.406250,17.531250,8.915206,1759600
1996-07-05,17.531250,17.531250,16.937500,17.093750,8.692725,1741600
1996-07-08,17.125000,17.437500,17.125000,17.312500,8.803967,2392800
1996-07-09,17.406250,17.625000,17.406250,17.468750,8.883422,1992000
1996-07-10,17.468750,17.562500,17.093750,17.312500,8.803967,2967600
1996-07-11,17.312500,17.437500,17.031250,17.187500,8.740400,2578800
1996-07-12,17.156250,17.156250,16.625000,16.781250,8.533805,2359600
1996-07-15,16.781250,16.781250,15.937500,15.937500,8.104734,3540800
1996-07-16,15.937500,16.781250,15.687500,16.593750,8.438456,7524800
1996-07-17,16.593750,16.593750,16.281250,16.437500,8.359003,5973200
1996-07-18,16.437500,16.875000,16.343750,16.875000,8.634006,5460800
1996-07-19,16.875000,16.937500,16.593750,16.750000,8.570052,3749200
1996-07-22,16.687500,16.687500,16.406250,16.406250,8.394175,4594000
1996-07-23,16.406250,16.468750,16.125000,16.187500,8.282249,3579600
1996-07-24,16.187500,16.375000,15.718750,16.343750,8.362202,4344800
1996-07-25,16.343750,16.500000,15.812500,16.031250,8.202308,2094800
1996-07-26,16.093750,16.656250,16.093750,16.562500,8.474118,1694000
1996-07-29,16.437500,16.437500,16.250000,16.250000,8.314231,1650800
1996-07-30,16.250000,16.343750,16.062500,16.125000,8.250276,1847600
1996-07-31,16.187500,16.593750,16.187500,16.468750,8.426157,2217200
1996-08-01,16.468750,16.906250,16.437500,16.812500,8.602032,2494000
1996-08-02,16.812500,17.000000,16.812500,17.000000,8.697967,2221600
1996-08-05,17.000000,17.218750,17.000000,17.218750,8.809887,1372400
1996-08-06,17.218750,17.281250,17.031250,17.281250,8.841866,2540400
1996-08-07,17.281250,17.437500,17.250000,17.406250,8.905825,2852400
1996-08-08,17.406250,17.531250,17.187500,17.468750,8.937796,3006400
1996-08-09,17.468750,17.468750,17.375000,17.468750,8.937796,1503200
1996-08-12,17.468750,17.750000,17.437500,17.750000,9.081697,2911600
1996-08-13,17.750000,17.750000,17.531250,17.562500,8.985765,1934000
1996-08-14,17.562500,17.593750,17.437500,17.468750,8.937796,1189200
1996-08-15,17.468750,17.500000,17.281250,17.406250,8.905825,1543200
1996-08-16,17.406250,17.468750,17.375000,17.437500,8.921807,1712800
1996-08-19,17.437500,17.656250,17.406250,17.593750,9.001753,2316400
1996-08-20,17.593750,17.843750,17.562500,17.843750,9.129664,2171600
1996-08-21,17.843750,17.968750,17.718750,17.843750,9.129664,2520000
1996-08-22,17.906250,18.031250,17.906250,17.968750,9.193616,2664400
1996-08-23,17.968750,18.000000,17.718750,17.812500,9.113678,1086400
1996-08-26,17.812500,17.843750,17.625000,17.812500,9.113678,1252000
1996-08-27,17.812500,17.875000,17.656250,17.750000,9.081697,1338400
1996-08-28,17.750000,17.781250,17.468750,17.531250,8.969775,1804400
1996-08-29,17.500000,17.500000,17.281250,17.343750,8.873843,1434800
1996-08-30,17.343750,17.343750,17.156250,17.218750,8.809887,865600
1996-09-03,17.218750,17.406250,16.875000,17.343750,8.873843,2185600
1996-09-04,17.343750,17.781250,17.312500,17.750000,9.081697,2328000
1996-09-05,17.750000,17.812500,17.468750,17.562500,8.985765,2000400
1996-09-06,17.562500,18.093750,17.500000,17.937500,9.177629,2054800
1996-09-09,18.031250,18.406250,18.031250,18.375000,9.401477,2522400
1996-09-10,18.375000,18.437500,18.062500,18.125000,9.273562,2119200
1996-09-11,18.125000,18.312500,18.031250,18.031250,9.225601,1582800
1996-09-12,18.031250,18.312500,17.906250,17.968750,9.193616,1502400
1996-09-13,18.093750,18.531250,18.093750,18.531250,9.481418,2532800
1996-09-16,18.531250,18.750000,18.531250,18.656250,9.545376,2096800
1996-09-17,18.656250,18.750000,18.250000,18.375000,9.401477,1951600
1996-09-18,18.375000,18.500000,18.218750,18.281250,9.353511,1732000
1996-09-19,18.281250,18.625000,18.125000,18.625000,9.529387,1881200
1996-09-20,18.750000,18.906250,18.750000,18.781250,9.609338,2666000
1996-09-23,18.781250,18.781250,18.625000,18.750000,9.593343,1619200
1996-09-24,18.750000,18.968750,18.656250,18.843750,9.641314,1993200
1996-09-25,18.843750,18.843750,18.656250,18.687500,9.561368,1478000
1996-09-26,18.687500,18.687500,18.468750,18.562500,9.497412,2356400
1996-09-27,18.562500,18.625000,18.406250,18.500000,9.465425,1967200
1996-09-30,18.500000,18.875000,18.468750,18.843750,9.641314,2434800
1996-10-01,18.812500,18.812500,18.437500,18.437500,9.433455,1754800
1996-10-02,18.468750,18.656250,18.468750,18.531250,9.481418,1762800
1996-10-03,18.531250,18.593750,18.343750,18.468750,9.449440,1392400
1996-10-04,18.468750,18.468750,18.156250,18.375000,9.401477,3433600
1996-10-07,18.343750,18.343750,18.062500,18.218750,9.321527,2161600
1996-10-08,18.218750,18.250000,18.031250,18.062500,9.241587,2260400
1996-10-09,18.031250,18.031250,17.843750,17.968750,9.193616,2341200
1996-10-10,17.968750,18.093750,17.859375,18.000000,9.209612,2863600
1996-10-11,18.062500,18.437500,18.062500,18.312500,9.369496,2793200
1996-10-14,18.312500,18.687500,18.312500,18.531250,9.481418,2230000
1996-10-15,18.718750,19.375000,18.718750,19.062500,9.753233,4994800
1996-10-16,19.062500,19.062500,18.531250,18.687500,9.561368,4221200
1996-10-17,18.687500,18.718750,18.437500,18.593750,9.564584,2267600
1996-10-18,18.593750,18.593750,18.468750,18.531250,9.532427,2910800
1996-10-21,18.531250,18.687500,18.437500,18.500000,9.516353,1853200
1996-10-22,18.500000,18.500000,18.218750,18.281250,9.403835,1275200
1996-10-23,18.218750,18.218750,17.906250,18.000000,9.259158,5954400
1996-10-24,18.000000,18.031250,17.843750,17.906250,9.210936,6227600
1996-10-25,17.906250,18.031250,17.593750,17.593750,9.050185,1954000
1996-10-28,17.593750,17.593750,17.312500,17.312500,8.905509,3350400
1996-10-29,17.312500,17.593750,17.250000,17.312500,8.905509,3969200
1996-10-30,17.312500,17.562500,17.125000,17.187500,8.841211,4102400
1996-10-31,17.187500,17.312500,17.062500,17.156250,8.825134,5308000
1996-11-01,17.218750,17.531250,17.218750,17.375000,8.937661,4331200
1996-11-04,17.437500,17.843750,17.437500,17.718750,9.114483,4358000
1996-11-05,17.781250,17.937500,17.781250,17.875000,9.194854,4170400
1996-11-06,17.875000,18.187500,17.843750,18.125000,9.323459,3630400
1996-11-07,18.125000,18.406250,17.937500,18.375000,9.452053,3992000
1996-11-08,18.375000,18.375000,18.062500,18.375000,9.452053,1837200
1996-11-11,18.375000,18.375000,18.281250,18.312500,9.419906,878000
1996-11-12,18.312500,18.437500,18.093750,18.437500,9.484203,2601200
1996-11-13,18.437500,18.875000,18.406250,18.843750,9.693180,3699600
1996-11-14,18.843750,18.875000,18.625000,18.687500,9.612806,3026400
1996-11-15,18.687500,18.812500,18.250000,18.375000,9.452053,3563600
1996-11-18,18.375000,18.593750,18.281250,18.406250,9.468130,4267200
1996-11-19,18.437500,18.593750,18.437500,18.500000,9.516353,1557200
1996-11-20,19.093750,19.718750,19.093750,19.687500,10.127204,5612800
1996-11-21,19.593750,19.593750,19.250000,19.375000,9.966455,5390000
1996-11-22,19.625000,20.250000,19.625000,20.000000,10.287954,3612000
1996-11-25,20.000000,20.031250,19.625000,20.031250,10.304026,2535200
1996-11-26,20.031250,20.093750,19.468750,19.531250,10.046828,3257600
1996-11-27,19.562500,19.937500,19.562500,19.906250,10.239724,2324000
1996-11-29,19.906250,19.968750,19.781250,19.781250,10.175426,820800
1996-12-02,19.781250,19.906250,19.468750,19.750000,10.159351,1925200
1996-12-03,19.750000,19.843750,19.375000,19.375000,9.966455,2420000
1996-12-04,19.375000,19.531250,19.218750,19.250000,9.902153,2560000
1996-12-05,19.250000,19.437500,19.093750,19.437500,9.998607,2595600
1996-12-06,19.437500,19.468750,19.000000,19.250000,9.902153,2858400
1996-12-09,19.250000,19.437500,19.250000,19.375000,9.966455,1250800
1996-12-10,19.375000,19.843750,19.375000,19.687500,10.127204,1954400
1996-12-11,19.531250,19.531250,19.000000,19.250000,9.902153,3702800
1996-12-12,19.250000,19.375000,19.125000,19.125000,9.837852,2121200
1996-12-13,19.125000,19.281250,18.937500,19.031250,9.789627,2422000
1996-12-16,19.031250,19.218750,18.687500,18.687500,9.612806,1940400
1996-12-17,18.656250,18.656250,18.375000,18.468750,9.500277,3529200
1996-12-18,18.468750,18.781250,18.437500,18.562500,9.548505,2355600
1996-12-19,18.656250,19.062500,18.656250,18.750000,9.644953,3186000
1996-12-20,18.781250,19.031250,18.781250,18.875000,9.709253,4808400
1996-12-23,18.875000,19.281250,18.875000,19.187500,9.870003,2170400
1996-12-24,19.187500,19.218750,19.062500,19.093750,9.821781,639200
1996-12-26,19.093750,19.312500,19.093750,19.187500,9.870003,1649200
1996-12-27,19.187500,19.250000,19.093750,19.187500,9.870003,1908800
1996-12-30,19.187500,19.218750,18.968750,19.000000,9.773553,1566800
1996-12-31,19.000000,19.125000,18.781250,18.812500,9.677105,1630400
1997-01-02,18.531250,18.531250,18.125000,18.250000,9.387757,4976800
1997-01-03,18.375000,18.812500,18.375000,18.687500,9.612806,3602800
1997-01-06,18.687500,19.093750,18.625000,18.781250,9.661034,2596800
1997-01-07,18.781250,18.843750,18.500000,18.843750,9.693180,1981600
1997-01-08,18.843750,19.187500,18.781250,18.781250,9.661034,2281200
1997-01-09,18.781250,19.312500,18.750000,19.031250,9.789627,2854800
1997-01-10,19.031250,19.500000,18.687500,19.500000,10.030753,2810000
1997-01-13,19.656250,19.906250,19.656250,19.843750,10.207581,2962000
1997-01-14,19.843750,19.937500,19.562500,19.562500,10.062902,2094000
1997-01-15,19.531250,19.531250,19.375000,19.375000,9.966455,1277200
1997-01-16,19.375000,19.437500,19.187500,19.437500,10.050480,1544800
1997-01-17,19.437500,19.687500,19.312500,19.687500,10.179745,2290000
1997-01-20,19.687500,19.718750,19.531250,19.625000,10.147424,2191200
1997-01-21,19.375000,19.375000,19.000000,19.093750,9.872736,8047600
1997-01-22,19.093750,19.343750,18.937500,18.968750,9.808104,5375600
1997-01-23,18.968750,19.250000,18.812500,18.843750,9.743469,5138800
1997-01-24,18.843750,18.937500,18.656250,18.812500,9.727310,5725600
1997-01-27,18.812500,19.031250,18.781250,18.968750,9.808104,4845600
1997-01-28,18.968750,19.281250,18.843750,18.937500,9.791940,2250000
1997-01-29,18.937500,19.062500,18.875000,19.000000,9.824258,4508000
1997-01-30,19.031250,19.343750,19.031250,19.312500,9.985847,3437200
1997-01-31,19.343750,19.531250,19.343750,19.406250,10.034314,2492800
1997-02-03,19.375000,19.375000,19.062500,19.156250,9.905051,1745600
1997-02-04,19.156250,19.468750,19.093750,19.375000,10.018162,2097200
1997-02-05,19.375000,19.656250,19.375000,19.406250,10.034314,2664400
1997-02-06,19.406250,19.500000,19.312500,19.437500,10.050480,1992800
1997-02-07,19.500000,19.875000,19.500000,19.875000,10.276698,1752000
1997-02-10,19.875000,20.078125,19.750000,19.781250,10.228215,2420000
1997-02-11,19.781250,19.843750,19.562500,19.781250,10.228215,1576400
1997-02-12,19.781250,19.875000,19.625000,19.875000,10.276698,1856000
1997-02-13,19.875000,20.843750,19.812500,20.781250,10.745290,4056000
1997-02-14,20.781250,20.781250,19.937500,19.937500,10.309007,3254800
1997-02-18,19.937500,19.968750,19.656250,19.968750,10.325172,3345600
1997-02-19,19.968750,20.406250,19.875000,20.093750,10.389801,2011600
1997-02-20,20.031250,20.031250,19.687500,19.687500,10.179745,2542000
1997-02-21,19.718750,19.937500,19.718750,19.906250,10.292849,1776400
1997-02-24,19.906250,20.218750,19.781250,20.218750,10.454440,2583200
1997-02-25,20.218750,20.281250,20.031250,20.187500,10.438276,1229200
1997-02-26,20.187500,20.343750,19.875000,20.156250,10.422119,2026400
1997-02-27,20.093750,20.093750,19.875000,19.906250,10.292849,1660800
1997-02-28,19.875000,19.875000,19.562500,19.562500,10.115108,1650800
1997-03-03,19.562500,19.718750,19.437500,19.687500,10.179745,1607200
1997-03-04,19.687500,19.906250,19.500000,19.531250,10.098952,1567200
1997-03-05,19.593750,20.000000,19.593750,19.968750,10.325172,1416400
1997-03-06,19.968750,20.187500,19.906250,20.093750,10.389801,3484000
1997-03-07,20.093750,20.437500,20.093750,20.375000,10.535221,1282800
1997-03-10,20.375000,20.406250,20.062500,20.406250,10.551384,1680800
1997-03-11,20.375000,20.375000,20.062500,20.062500,10.373640,1405600
1997-03-12,20.062500,20.281250,19.968750,20.156250,10.422119,1468000
1997-03-13,20.125000,20.125000,19.781250,19.937500,10.309007,2328800
1997-03-14,19.968750,20.312500,19.968750,20.281250,10.486751,1394400
1997-03-17,20.281250,20.343750,20.125000,20.125000,10.405965,2118000
1997-03-18,20.125000,20.218750,19.937500,20.031250,10.357484,1991600
1997-03-19,20.031250,20.156250,19.937500,20.156250,10.422119,1285600
1997-03-20,20.156250,20.218750,19.906250,20.156250,10.422119,1518400
1997-03-21,20.156250,20.312500,20.156250,20.281250,10.486751,1478800
1997-03-24,20.281250,20.937500,20.156250,20.843750,10.777603,1894000
1997-03-25,20.843750,20.843750,20.468750,20.570313,10.636213,2379200
1997-03-26,20.570313,20.593750,20.218750,20.250000,10.470594,3053600
1997-03-27,20.250000,20.406250,19.968750,20.031250,10.357484,1777200
1997-03-31,20.031250,20.218750,19.843750,20.062500,10.373640,2098400
1997-04-01,20.062500,20.062500,19.687500,19.750000,10.212059,2216400
1997-04-02,19.750000,20.000000,19.562500,19.593750,10.131269,2036000
1997-04-03,19.593750,19.625000,19.312500,19.312500,9.985847,2724800
1997-04-04,19.312500,19.875000,19.093750,19.781250,10.228215,1886000
1997-04-07,19.781250,19.843750,19.593750,19.687500,10.179745,1009200
1997-04-08,19.593750,19.593750,19.406250,19.468750,10.066637,1867200
1997-04-09,19.500000,19.687500,19.500000,19.562500,10.115108,1677600
1997-04-10,19.562500,19.562500,19.343750,19.437500,10.050480,1726000
1997-04-11,19.406250,19.406250,19.187500,19.218750,9.937366,1229600
1997-04-14,19.218750,19.968750,19.125000,19.843750,10.260537,1275200
1997-04-15,20.062500,20.781250,20.062500,20.750000,10.729123,4507200
1997-04-16,20.750000,21.406250,20.625000,21.156250,10.939184,4518800
1997-04-17,21.156250,21.406250,20.968750,21.406250,11.121016,2514400
1997-04-18,21.406250,21.468750,20.937500,21.031250,10.926192,1482800
1997-04-21,21.031250,21.281250,20.906250,21.062500,10.942428,1665200
1997-04-22,21.062500,21.843750,20.937500,21.750000,11.299600,2032000
1997-04-23,21.750000,22.437500,21.687500,22.281250,11.575598,2754000
1997-04-24,22.281250,22.656250,21.781250,21.812500,11.332074,3488800
1997-04-25,21.812500,22.093750,21.593750,21.781250,11.315842,1624400
1997-04-28,21.781250,22.156250,21.750000,22.062500,11.461953,1176400
1997-04-29,22.062500,22.375000,21.906250,21.968750,11.413249,1990400
1997-04-30,22.000000,22.718750,22.000000,22.250000,11.559364,2520400
1997-05-01,22.250000,22.687500,22.187500,22.687500,11.786652,1916000
1997-05-02,22.687500,23.406250,22.500000,23.343750,12.127583,2656800
1997-05-05,23.343750,23.937500,23.218750,23.906250,12.419816,2783200
1997-05-06,23.906250,23.968750,23.500000,23.593750,12.257465,2909200
1997-05-07,23.531250,23.531250,23.093750,23.093750,11.997711,2206800
1997-05-08,23.125000,23.812500,23.125000,23.562500,12.241241,2438000
1997-05-09,23.687500,24.218750,23.687500,24.156250,12.549705,2463600
1997-05-12,24.156250,24.156250,23.562500,24.062500,12.500997,4339600
1997-05-13,24.062500,24.468750,23.906250,24.281250,12.614641,4728400
1997-05-14,24.281250,24.812500,23.937500,23.968750,12.452292,3125600
1997-05-15,23.968750,24.625000,23.906250,24.593750,12.776994,2544000
1997-05-16,24.593750,24.937500,24.375000,24.625000,12.793230,3684800
1997-05-19,24.625000,24.625000,24.093750,24.500000,12.728285,2057200
1997-05-20,24.375000,24.375000,23.937500,24.250000,12.598403,2964800
1997-05-21,24.250000,24.906250,24.156250,24.187500,12.565930,3183200
1997-05-22,24.312500,24.625000,24.312500,24.375000,12.663346,2825600
1997-05-23,24.375000,24.500000,24.125000,24.375000,12.663346,1413200
1997-05-27,24.375000,24.593750,24.187500,24.406250,12.679583,3052000
1997-05-28,24.406250,24.531250,24.187500,24.468750,12.712052,1858800
1997-05-29,24.468750,24.593750,24.250000,24.437500,12.695816,2618000
1997-05-30,24.437500,24.531250,24.187500,24.406250,12.679583,1871200
1997-06-02,24.406250,24.718750,24.250000,24.437500,12.695816,2430000
1997-06-03,24.437500,24.781250,24.250000,24.281250,12.614641,1461600
1997-06-04,24.281250,24.593750,24.187500,24.531250,12.744523,3090400
1997-06-05,24.531250,24.968750,24.500000,24.843750,12.906868,4568800
1997-06-06,24.843750,25.531250,24.781250,25.031250,13.004277,4148800
1997-06-09,25.031250,25.468750,24.968750,25.468750,13.231578,2533600
1997-06-10,25.468750,26.187500,25.468750,25.906250,13.458868,3492400
1997-06-11,25.906250,26.156250,25.656250,25.875000,13.442624,3858400
1997-06-12,26.000000,26.500000,26.000000,26.437500,13.734858,3646000
1997-06-13,26.468750,27.343750,26.468750,27.187500,14.124506,3680400
1997-06-16,27.187500,27.187500,26.937500,26.968750,14.010859,2969600
1997-06-17,26.968750,27.093750,26.812500,26.968750,14.010859,1834800
1997-06-18,26.968750,26.968750,26.781250,26.937500,13.994622,1504000
1997-06-19,26.937500,27.125000,26.812500,26.906250,13.978386,2359200
1997-06-20,26.906250,27.000000,26.781250,26.781250,13.913446,2460000
1997-06-23,26.781250,26.937500,26.343750,26.343750,13.686153,1773600
1997-06-24,26.421875,27.156250,26.421875,27.093750,14.075791,2710400
1997-06-25,27.093750,27.218750,26.656250,26.781250,13.913446,2221200
1997-06-26,26.781250,26.937500,26.250000,26.406250,13.718623,1830000
1997-06-27,26.406250,27.234375,26.406250,27.000000,14.027096,1918800
1997-06-30,27.000000,27.093750,26.421875,26.843750,13.945923,3142800
1997-07-01,26.843750,26.875000,26.250000,26.312500,13.669926,2950800
1997-07-02,26.312500,26.937500,26.125000,26.812500,13.929681,2858000
1997-07-03,27.062500,27.359375,27.062500,27.265625,14.165088,1311600
1997-07-07,27.265625,27.406250,27.062500,27.062500,14.059564,2512400
1997-07-08,27.062500,27.843750,27.062500,27.750000,14.416733,3866800
1997-07-09,27.750000,28.062500,27.562500,27.671875,14.376143,4871600
1997-07-10,27.671875,28.203125,27.562500,28.203125,14.652133,3986000
1997-07-11,28.265625,28.875000,28.265625,28.718750,14.920022,3940800
1997-07-14,28.656250,28.656250,27.937500,28.062500,14.579081,2591000
1997-07-15,28.062500,28.062500,27.468750,27.750000,14.416733,2497200
1997-07-16,27.781250,28.437500,27.781250,28.343750,14.725197,2754600
1997-07-17,28.343750,28.500000,28.000000,28.031250,14.627360,2450800
1997-07-18,27.843750,27.843750,27.156250,27.187500,14.187074,3058200
1997-07-21,27.250000,28.531250,27.250000,28.375000,14.806738,3328800
1997-07-22,28.375000,28.718750,27.312500,28.093750,14.659972,3832400
1997-07-23,28.093750,28.718750,27.562500,27.843750,14.529517,3382800
1997-07-24,27.843750,27.906250,27.281250,27.500000,14.350141,3041600
1997-07-25,28.031250,28.562500,28.031250,28.406250,14.823034,3127600
1997-07-28,28.406250,28.968750,28.250000,28.781250,15.018728,3727400
1997-07-29,28.875000,29.906250,28.875000,29.875000,15.589462,3282600
1997-07-30,29.875000,29.968750,29.531250,29.750000,15.524243,1595800
1997-07-31,29.750000,29.750000,28.000000,28.000000,14.611048,3323000
1997-08-01,28.625000,29.687500,28.625000,29.468750,15.377485,3805200
1997-08-04,29.468750,29.468750,28.718750,29.437500,15.361169,2469000
1997-08-05,29.437500,29.500000,29.062500,29.250000,15.263326,1869000
1997-08-06,29.250000,29.750000,28.937500,29.250000,15.263326,2215800
1997-08-07,30.250000,30.812500,30.250000,30.343750,15.834076,2760200
1997-08-08,30.031250,30.031250,29.000000,29.187500,15.230718,3426600
1997-08-11,29.218750,29.843750,29.218750,29.625000,15.459013,2014200
1997-08-12,29.625000,29.687500,29.093750,29.281250,15.279640,2108400
1997-08-13,29.281250,29.781250,29.187500,29.656250,15.475328,2742800
1997-08-14,29.656250,29.906250,29.156250,29.718750,15.507937,2274200
1997-08-15,29.500000,29.500000,29.031250,29.031250,15.149180,1902200
1997-08-18,29.031250,29.218750,28.687500,29.187500,15.230718,2445000
1997-08-19,29.218750,29.781250,29.218750,29.781250,15.540549,2097200
1997-08-20,29.781250,30.468750,29.406250,30.468750,15.899303,2460600
1997-08-21,30.468750,30.656250,29.750000,30.062500,15.687310,2108800
1997-08-22,29.812500,29.812500,28.812500,29.625000,15.459013,2511200
1997-08-25,29.625000,30.125000,29.625000,29.875000,15.589462,1360800
1997-08-26,29.875000,29.968750,29.125000,29.312500,15.295948,1445600
1997-08-27,29.312500,30.156250,29.187500,30.031250,15.671009,2114800
1997-08-28,29.968750,29.968750,28.875000,28.906250,15.083948,2784800
1997-08-29,28.906250,29.375000,28.562500,29.031250,15.149180,2630000
1997-09-02,29.031250,29.687500,28.906250,29.218750,15.247020,2245600
1997-09-03,29.312500,29.968750,29.312500,29.906250,15.605775,2161000
1997-09-04,28.875000,28.875000,28.000000,28.187500,14.708892,6638200
1997-09-05,28.187500,28.656250,28.031250,28.437500,14.839348,3403400
1997-09-08,28.437500,28.531250,28.125000,28.187500,14.708892,1554200
1997-09-09,28.031250,28.031250,27.562500,27.656250,14.431677,2471200
1997-09-10,27.593750,27.593750,26.625000,26.718750,13.942472,3916600
1997-09-11,26.718750,27.031250,26.500000,26.812500,13.991386,2911000
1997-09-12,26.812500,27.125000,26.687500,27.000000,14.089230,1875800
1997-09-15,27.000000,27.062500,26.593750,26.750000,13.958773,2078200
1997-09-16,27.000000,28.093750,27.000000,27.843750,14.529517,2581200
1997-09-17,27.843750,27.875000,27.062500,27.656250,14.431677,2258000
1997-09-18,27.968750,28.531250,27.968750,28.281250,14.757812,2481400
1997-09-19,28.031250,28.031250,27.718750,27.906250,14.562134,2210000
1997-09-22,27.906250,28.375000,27.750000,28.281250,14.757812,1919400
1997-09-23,28.281250,28.312500,27.562500,27.750000,14.480595,1502800
1997-09-24,27.750000,28.000000,27.031250,27.093750,14.138149,2345800
1997-09-25,27.093750,27.562500,26.781250,26.781250,13.975080,2126800
1997-09-26,26.875000,27.250000,26.875000,27.031250,14.105531,2173800
1997-09-29,27.031250,27.218750,26.781250,27.031250,14.105531,1580200
1997-09-30,27.031250,27.343750,26.937500,26.968750,14.072919,1520000
1997-10-01,27.000000,28.000000,27.000000,27.750000,14.480595,2479400
1997-10-02,27.718750,27.718750,27.125000,27.468750,14.333837,1455800
1997-10-03,27.468750,28.125000,27.093750,27.562500,14.382752,1758800
1997-10-06,27.812500,28.687500,27.812500,28.625000,14.937193,2194800
1997-10-07,28.625000,28.968750,28.343750,28.906250,15.083948,1769800
1997-10-08,28.906250,28.937500,28.468750,28.750000,15.002428,1110400
1997-10-09,28.750000,29.218750,27.937500,29.187500,15.230718,1678200
1997-10-10,29.187500,29.343750,28.781250,29.312500,15.295948,1423000
1997-10-13,29.375000,29.937500,29.375000,29.906250,15.605775,1515200
1997-10-14,29.906250,30.437500,29.812500,30.375000,15.850380,3843600
1997-10-15,30.250000,30.250000,29.531250,30.000000,15.654696,4311400
1997-10-16,30.000000,30.468750,29.250000,29.625000,15.523697,3232800
1997-10-17,29.468750,29.468750,28.875000,29.187500,15.294450,1572600
1997-10-20,29.187500,29.562500,28.812500,29.406250,15.409067,1283800
1997-10-21,29.406250,29.562500,29.281250,29.500000,15.458192,983800
1997-10-22,29.500000,30.218750,29.500000,30.062500,15.752950,2842200
1997-10-23,29.906250,29.906250,29.062500,29.562500,15.490942,3119200
1997-10-24,29.562500,30.062500,28.906250,28.968750,15.179824,3338000
1997-10-27,28.812500,28.812500,26.375000,26.406250,13.837050,4595800
1997-10-28,26.406250,27.500000,24.875000,27.125000,14.213683,7763000
1997-10-29,27.093750,27.093750,26.281250,26.500000,13.886178,3924600
1997-10-30,26.500000,26.625000,25.968750,26.062500,13.656923,3328400
1997-10-31,26.062500,26.343750,25.437500,25.625000,13.427670,2743200
1997-11-03,25.906250,26.468750,25.906250,26.125000,13.689668,2711800
1997-11-04,26.125000,26.687500,25.937500,26.062500,13.656923,2077600
1997-11-05,26.218750,27.500000,26.218750,26.593750,13.935295,2486000
1997-11-06,26.531250,26.531250,25.937500,26.000000,13.624181,2948600
1997-11-07,25.625000,25.625000,25.000000,25.468750,13.345794,4297000
1997-11-10,25.468750,25.875000,25.000000,25.093750,13.149291,2625200
1997-11-11,24.625000,24.625000,23.343750,24.093750,12.625281,9920400
1997-11-12,23.750000,23.750000,22.093750,22.375000,11.724650,10503200
1997-11-13,22.375000,22.937500,22.000000,22.656250,11.872026,8663800
1997-11-14,22.656250,23.437500,22.250000,22.968750,12.035777,6787600
1997-11-17,23.218750,23.750000,23.218750,23.562500,12.346906,5917800
1997-11-18,23.562500,23.937500,23.187500,23.312500,12.215907,4481800
1997-11-19,23.312500,23.437500,22.843750,23.312500,12.215907,3727600
1997-11-20,23.375000,23.687500,23.375000,23.375000,12.248657,4080800
1997-11-21,23.375000,24.062500,23.250000,23.843750,12.494286,4528600
1997-11-24,23.843750,24.093750,23.531250,23.687500,12.412407,4401800
1997-11-25,23.687500,24.156250,23.468750,23.781250,12.461526,4154600
1997-11-26,23.781250,24.000000,23.656250,23.656250,12.396040,2077800
1997-11-28,23.656250,24.250000,23.656250,23.968750,12.559781,1528800
1997-12-01,24.031250,24.750000,24.031250,24.593750,12.887287,3122400
1997-12-02,24.687500,25.718750,24.687500,25.468750,13.345794,4581600
1997-12-03,25.437500,25.437500,24.500000,25.125000,13.165665,2758000
1997-12-04,25.187500,25.875000,25.187500,25.375000,13.296664,3058600
1997-12-05,25.375000,25.906250,24.812500,25.875000,13.558667,3901000
1997-12-08,25.875000,26.500000,25.781250,25.843750,13.542296,2826200
1997-12-09,25.718750,25.718750,24.906250,25.281250,13.247542,3158800
1997-12-10,25.281250,25.281250,24.656250,24.968750,13.083790,4032800
1997-12-11,24.968750,25.218750,24.312500,24.968750,13.083790,2407600
1997-12-12,25.250000,25.875000,25.250000,25.375000,13.296664,3627000
1997-12-15,25.375000,25.593750,25.312500,25.343750,13.280296,3348800
1997-12-16,25.343750,25.468750,24.187500,24.406250,12.789035,6462600
1997-12-17,24.562500,25.500000,24.562500,25.343750,13.280296,4511000
1997-12-18,25.062500,25.062500,24.125000,24.343750,12.756292,3581000
1997-12-19,24.187500,24.187500,23.281250,24.062500,12.608910,4124000
1997-12-22,24.062500,24.500000,24.031250,24.156250,12.658038,1528800
1997-12-23,24.062500,24.062500,23.531250,23.531250,12.330525,1468800
1997-12-24,23.531250,23.750000,23.281250,23.281250,12.199533,695800
1997-12-26,23.281250,23.562500,22.937500,23.000000,12.052151,756400
1997-12-29,23.281250,23.625000,23.281250,23.562500,12.346906,1381600
1997-12-30,23.562500,24.437500,23.500000,24.281250,12.723537,2151000
1997-12-31,24.281250,24.375000,23.781250,24.250000,12.707157,1572200
1998-01-02,24.250000,24.500000,24.250000,24.500000,12.838160,1345000
1998-01-05,24.500000,24.937500,24.093750,24.843750,13.018292,2549000
1998-01-06,24.843750,24.843750,24.468750,24.656250,12.920041,1446200
1998-01-07,24.656250,24.656250,23.781250,24.218750,12.690789,2185400
1998-01-08,23.750000,23.750000,23.281250,23.406250,12.265033,2138200
1998-01-09,23.406250,23.531250,22.718750,22.718750,11.904776,3270000
1998-01-12,22.718750,23.625000,22.437500,23.218750,12.166778,3821400
1998-01-13,23.218750,23.375000,22.843750,23.031250,12.068527,3753000
1998-01-14,23.031250,23.250000,22.812500,23.187500,12.150405,3436600
1998-01-15,23.187500,23.187500,22.437500,22.750000,11.985760,2594000
1998-01-16,22.750000,23.500000,22.500000,22.656250,11.936372,4312400
1998-01-20,22.625000,22.625000,22.250000,22.500000,11.854051,6070400
1998-01-21,22.718750,23.718750,22.718750,23.437500,12.347977,11354200
1998-01-22,23.093750,23.093750,22.625000,22.781250,12.002229,5439600
1998-01-23,22.781250,22.968750,22.500000,22.750000,11.985760,4511200
1998-01-26,22.750000,23.156250,22.718750,22.812500,12.018695,2217600
1998-01-27,22.843750,23.375000,22.843750,23.187500,12.216258,3134000
1998-01-28,23.375000,24.062500,23.375000,24.062500,12.677250,3088200
1998-01-29,24.062500,24.500000,23.875000,24.250000,12.776031,3023400
1998-01-30,24.250000,24.468750,23.750000,24.000000,12.644324,2387600
1998-02-02,24.406250,25.156250,24.406250,25.125000,13.237022,3202200
1998-02-03,25.125000,25.531250,24.937500,25.250000,13.302879,3857800
1998-02-04,25.156250,25.156250,24.656250,24.937500,13.138239,1960200
1998-02-05,24.937500,25.375000,24.375000,24.437500,12.874813,3324200
1998-02-06,24.812500,25.500000,24.812500,25.375000,13.368732,2523000
1998-02-09,25.468750,26.250000,25.468750,26.250000,13.829725,2427000
1998-02-10,26.250000,26.625000,25.750000,25.812500,13.599231,3526800
1998-02-11,25.812500,26.218750,25.406250,25.687500,13.533376,2148600
1998-02-12,25.687500,26.375000,25.437500,26.000000,13.698025,2861200
1998-02-13,26.000000,26.843750,25.875000,26.781250,14.109613,3394000
1998-02-17,26.906250,27.593750,26.906250,26.937500,14.191936,3626800
1998-02-18,26.718750,26.718750,26.125000,26.375000,13.895578,2263200
1998-02-19,26.375000,26.375000,25.750000,25.937500,13.665081,1873800
1998-02-20,25.937500,26.531250,25.218750,26.312500,13.862650,3311800
1998-02-23,26.312500,26.343750,26.000000,26.031250,13.714482,1937400
1998-02-24,26.031250,26.406250,26.000000,26.281250,13.846194,2261800
1998-02-25,26.281250,26.750000,26.062500,26.562500,13.994365,1477800
1998-02-26,26.562500,26.875000,26.312500,26.593750,14.010826,1533000
1998-02-27,26.593750,27.312500,26.312500,27.281250,14.373035,1477400
1998-03-02,27.000000,27.000000,26.562500,26.781250,14.109613,1446000
1998-03-03,26.781250,27.000000,26.093750,26.281250,13.846194,3163000
1998-03-04,26.281250,26.343750,25.906250,26.031250,13.714482,2432600
1998-03-05,25.968750,25.968750,25.500000,25.593750,13.483984,1396600
1998-03-06,25.718750,26.718750,25.718750,26.656250,14.043757,2747200
1998-03-09,26.656250,26.812500,26.218750,26.500000,13.961439,2028600
1998-03-10,26.500000,27.125000,26.437500,27.000000,14.224866,2278000
1998-03-11,27.000000,27.625000,26.937500,27.031250,14.241323,1988800
1998-03-12,27.031250,28.437500,27.031250,28.000000,14.751714,2507600
1998-03-13,28.062500,28.687500,28.062500,28.093750,14.801105,2355800
1998-03-16,28.093750,29.000000,27.875000,28.906250,15.229164,1707400
1998-03-17,28.906250,28.968750,28.562500,28.750000,15.146848,1531600
1998-03-18,28.750000,29.250000,28.750000,29.031250,15.295017,2426600
1998-03-19,29.031250,29.625000,28.000000,28.031250,14.768178,14532400
1998-03-20,28.031250,28.343750,27.656250,28.031250,14.768178,4164800
1998-03-23,28.031250,28.437500,27.437500,28.125000,14.817561,2160400
1998-03-24,28.125000,28.593750,28.000000,28.281250,14.899888,1579200
1998-03-25,28.281250,28.343750,27.562500,27.718750,14.603539,2642800
1998-03-26,27.593750,27.593750,27.000000,27.375000,14.422422,2845400
1998-03-27,27.375000,27.937500,27.312500,27.750000,14.620001,1987400
1998-03-30,27.687500,27.687500,27.312500,27.500000,14.488283,1195000
1998-03-31,27.500000,27.921875,27.375000,27.531250,14.504746,1816000
1998-04-01,27.531250,27.531250,26.750000,27.031250,14.241323,2774200
1998-04-02,27.031250,27.125000,26.593750,26.968750,14.208401,3472400
1998-04-03,26.968750,27.250000,26.500000,27.125000,14.290722,2434000
1998-04-06,27.187500,27.625000,27.187500,27.250000,14.356573,1887800
1998-04-07,27.250000,27.437500,26.937500,27.281250,14.373035,1575600
1998-04-08,27.281250,27.437500,26.937500,27.125000,14.290722,2132800
1998-04-09,27.156250,27.562500,27.156250,27.406250,14.438898,2307400
1998-04-13,27.406250,27.468750,27.093750,27.187500,14.323656,2091400
1998-04-14,27.187500,28.250000,27.125000,28.093750,14.801105,3855800
1998-04-15,28.093750,28.812500,27.937500,28.312500,14.916357,4040600
1998-04-16,28.312500,28.750000,28.000000,28.093750,14.866740,3176200
1998-04-17,28.093750,28.718750,27.937500,28.375000,15.015569,3756200
1998-04-20,28.375000,28.437500,28.031250,28.437500,15.048641,2715400
1998-04-21,28.437500,28.500000,28.156250,28.437500,15.048641,1803000
1998-04-22,28.437500,29.125000,28.406250,28.781250,15.230541,2695600
1998-04-23,28.781250,29.125000,28.718750,29.031250,15.362847,3342800
1998-04-24,29.000000,29.000000,28.437500,28.468750,15.065190,3429400
1998-04-27,28.093750,28.093750,27.656250,27.687500,14.651758,2899800
1998-04-28,27.687500,27.843750,27.593750,27.687500,14.651758,2403400
1998-04-29,27.687500,27.906250,27.500000,27.593750,14.602142,1522000
1998-04-30,27.687500,28.562500,27.687500,28.468750,15.065190,1292200
1998-05-01,28.468750,28.812500,28.250000,28.562500,15.114796,938600
1998-05-04,28.562500,28.781250,28.187500,28.375000,15.015569,1527200
1998-05-05,28.375000,28.375000,27.718750,27.968750,14.800585,1662400
1998-05-06,27.968750,28.031250,27.656250,27.687500,14.651758,1170200
1998-05-07,27.687500,27.937500,27.437500,27.656250,14.635222,1637800
1998-05-08,27.687500,28.062500,27.687500,27.906250,14.767517,1219000
1998-05-11,27.906250,28.093750,27.750000,27.781250,14.701372,928400
1998-05-12,27.875000,28.500000,27.875000,28.468750,15.065190,1448800
1998-05-13,28.468750,28.812500,28.375000,28.437500,15.048641,1245600
1998-05-14,28.437500,29.437500,28.437500,29.437500,15.577828,2363400
1998-05-15,29.437500,29.593750,28.812500,28.906250,15.296704,2925400
1998-05-18,28.906250,29.500000,28.750000,29.187500,15.445536,1916600
1998-05-19,29.187500,29.468750,28.968750,29.281250,15.495144,1271800
1998-05-20,29.281250,29.875000,29.250000,29.875000,15.809342,1887800
1998-05-21,29.875000,30.375000,29.687500,30.343750,16.057398,2125600
1998-05-22,30.312500,30.312500,28.937500,29.281250,15.495144,1941600
1998-05-26,29.281250,29.500000,28.312500,28.312500,14.982507,1610800
1998-05-27,28.312500,28.531250,27.875000,28.375000,15.015569,2414400
1998-05-28,28.375000,28.375000,27.843750,28.250000,14.949420,1253200
1998-05-29,28.218750,28.218750,27.468750,27.468750,14.536010,1828000
1998-06-01,27.468750,28.062500,27.406250,27.625000,14.618681,2157200
1998-06-02,27.625000,27.812500,27.093750,27.375000,14.486380,2095000
1998-06-03,27.375000,28.000000,27.250000,27.281250,14.436772,1461200
1998-06-04,27.281250,27.687500,26.937500,27.656250,14.635222,1286400
1998-06-05,27.656250,28.406250,27.468750,28.250000,14.949420,1477800
1998-06-08,28.187500,28.187500,27.843750,27.968750,14.800585,2375600
1998-06-09,27.968750,28.187500,27.500000,28.156250,14.899815,2439600
1998-06-10,28.000000,28.000000,26.750000,26.937500,14.254870,4462400
1998-06-11,26.937500,26.968750,26.125000,26.156250,13.841444,3952600
1998-06-12,26.156250,26.312500,25.531250,26.000000,13.758768,4203200
1998-06-15,26.000000,27.343750,25.875000,26.187500,13.857985,3728800
1998-06-16,26.187500,26.468750,25.937500,26.250000,13.891052,2073000
1998-06-17,27.000000,27.500000,27.000000,27.156250,14.370622,3152400
1998-06-18,27.156250,27.281250,26.562500,27.250000,14.420238,1768600
1998-06-19,27.156250,27.156250,25.625000,25.812500,13.659538,4973000
1998-06-22,25.968750,26.656250,25.968750,26.437500,13.990273,3035800
1998-06-23,26.437500,26.968750,26.093750,26.406250,13.973739,1768600
1998-06-24,26.406250,27.125000,26.375000,27.000000,14.287945,2027000
1998-06-25,26.906250,26.906250,26.031250,26.312500,13.924127,2901000
1998-06-26,26.312500,26.750000,26.000000,26.500000,14.023355,1858400
1998-06-29,26.500000,26.750000,25.937500,26.187500,13.857985,2533400
1998-06-30,26.218750,26.750000,26.218750,26.453125,13.998548,3540000
1998-07-01,26.562500,27.187500,26.562500,26.968750,14.271409,2936000
1998-07-02,26.968750,27.156250,26.562500,27.062500,14.321016,2184200
1998-07-06,27.062500,27.343750,26.750000,27.156250,14.370622,3387000
1998-07-07,27.156250,27.250000,26.875000,27.000000,14.287945,1626400
1998-07-08,27.000000,27.156250,26.812500,26.937500,14.254870,1741000
1998-07-09,26.875000,26.875000,25.625000,26.062500,13.791835,4277800
1998-07-10,26.062500,26.281250,25.781250,26.281250,13.907598,2427000
1998-07-13,26.281250,26.468750,25.906250,26.062500,13.791835,1387800
1998-07-14,26.406250,28.187500,26.406250,28.125000,14.883269,4574000
1998-07-15,27.718750,27.718750,25.562500,26.000000,13.758768,10785400
1998-07-16,26.093750,26.593750,26.093750,26.593750,14.154622,4556200
1998-07-17,26.593750,26.843750,26.156250,26.593750,14.154622,4071000
1998-07-20,26.593750,27.093750,26.218750,26.750000,14.237791,2620000
1998-07-21,26.750000,27.000000,26.000000,26.500000,14.104728,4961600
1998-07-22,26.437500,26.437500,25.781250,25.875000,13.772063,3209800
1998-07-23,25.875000,26.156250,24.843750,25.062500,13.339615,3155400
1998-07-24,25.062500,25.250000,24.531250,24.593750,13.090120,3483000
1998-07-27,24.437500,24.437500,23.968750,24.437500,13.006952,3075000
1998-07-28,24.437500,24.718750,23.968750,24.406250,12.990324,2502200
1998-07-29,24.406250,24.750000,24.000000,24.531250,13.056854,2047400
1998-07-30,24.625000,25.125000,24.625000,25.031250,13.322978,2305400
1998-07-31,25.031250,25.093750,24.062500,24.250000,12.907152,5211400
1998-08-03,24.312500,24.875000,24.312500,24.656250,13.123384,3488600
1998-08-04,24.656250,24.937500,23.437500,23.625000,12.574500,4967400
1998-08-05,23.625000,23.750000,22.968750,23.562500,12.541233,3610000
1998-08-06,23.562500,23.625000,23.187500,23.500000,12.507965,2695800
1998-08-07,23.531250,24.031250,23.531250,23.750000,12.641025,2527200
1998-08-10,23.750000,24.031250,23.531250,23.656250,12.591134,1671000
1998-08-11,23.656250,23.812500,23.031250,23.781250,12.657661,3559200
1998-08-12,23.781250,24.218750,23.500000,24.187500,12.873878,2022200
1998-08-13,24.187500,24.718750,23.843750,24.375000,12.973688,1594800
1998-08-14,24.375000,24.781250,24.062500,24.187500,12.873878,2400200
1998-08-17,24.187500,24.781250,23.906250,24.625000,13.106751,2325600
1998-08-18,24.656250,25.250000,24.656250,25.250000,13.439406,2392800
1998-08-19,25.250000,25.343750,24.593750,24.937500,13.273078,2308600
1998-08-20,24.937500,24.937500,23.937500,24.218750,12.890524,2550800
1998-08-21,24.000000,24.000000,23.125000,23.687500,12.607763,3232600
1998-08-24,23.687500,24.468750,23.562500,24.468750,13.023584,2564400
1998-08-25,24.468750,24.625000,23.750000,23.937500,12.740823,1698600
1998-08-26,23.718750,23.718750,23.125000,23.281250,12.391537,3676800
1998-08-27,22.750000,22.750000,22.156250,22.312500,11.875912,3487400
1998-08-28,22.312500,22.875000,21.843750,22.000000,11.709587,3277400
1998-08-31,22.000000,22.593750,20.968750,21.000000,11.177333,3216800
1998-09-01,21.375000,23.031250,21.375000,22.937500,12.208571,4602600
1998-09-02,22.937500,23.468750,22.687500,22.875000,12.175303,4058000
1998-09-03,22.750000,22.750000,22.093750,22.437500,11.942445,3169000
1998-09-04,22.437500,23.000000,22.218750,22.968750,12.225207,3318200
1998-09-08,23.375000,24.750000,23.375000,24.593750,13.090120,4779600
1998-09-09,24.593750,24.625000,23.437500,24.093750,12.823994,3604200
1998-09-10,23.500000,23.500000,22.656250,23.000000,12.241836,4653400
1998-09-11,23.000000,23.218750,22.125000,22.625000,12.042240,4181200
1998-09-14,22.625000,23.375000,22.500000,22.687500,12.075507,3292000
1998-09-15,22.718750,23.750000,22.718750,23.000000,12.241836,3824600
1998-09-16,23.000000,23.437500,22.312500,22.625000,12.042240,3977800
1998-09-17,22.625000,22.625000,21.312500,21.375000,11.376928,4376400
1998-09-18,21.375000,21.687500,19.750000,20.125000,10.711609,7918600
1998-09-21,20.125000,21.531250,19.531250,21.281250,11.327024,4083800
1998-09-22,21.281250,21.718750,20.906250,21.062500,11.210594,3105200
1998-09-23,21.312500,22.781250,21.312500,22.656250,12.058876,3763400
1998-09-24,22.656250,23.562500,22.625000,23.062500,12.275105,5724800
1998-09-25,23.062500,23.468750,22.812500,23.468750,12.491339,4899800
1998-09-28,23.468750,24.500000,23.281250,24.312500,12.940418,4998600
1998-09-29,24.312500,24.750000,23.343750,23.656250,12.591134,3707200
1998-09-30,23.500000,23.500000,21.812500,22.250000,11.842648,3615400
1998-10-01,22.250000,22.875000,21.531250,21.968750,11.692952,3498200
1998-10-02,22.062500,22.781250,22.062500,22.500000,11.975710,3459400
1998-10-05,22.500000,22.500000,21.000000,21.843750,11.626417,2650600
1998-10-06,21.843750,22.281250,21.281250,21.406250,11.393561,2728200
1998-10-07,21.406250,22.437500,21.312500,21.875000,11.643050,3550400
1998-10-08,21.875000,22.750000,20.968750,22.500000,11.975710,4789600
1998-10-09,22.500000,23.968750,22.500000,23.375000,12.441432,3726400
1998-10-12,23.656250,24.468750,23.656250,23.875000,12.707555,2707600
1998-10-13,23.875000,24.093750,23.187500,23.625000,12.574500,2659000
1998-10-14,23.343750,23.343750,22.343750,23.000000,12.241836,4817800
1998-10-15,23.000000,24.062500,22.187500,24.000000,12.774091,5769600
1998-10-16,23.906250,23.906250,23.000000,23.500000,12.507965,6261200
1998-10-19,23.500000,24.437500,22.937500,23.843750,12.690931,4327800
1998-10-20,23.843750,24.468750,23.593750,24.250000,12.907152,4696400
1998-10-21,24.250000,24.312500,23.062500,23.937500,12.740823,3779600
1998-10-22,23.875000,23.875000,22.812500,23.625000,12.653795,3093400
1998-10-23,23.625000,23.875000,23.250000,23.531250,12.603578,2427200
1998-10-26,23.531250,23.718750,22.843750,22.937500,12.285559,2289600
1998-10-27,22.937500,23.312500,22.500000,22.625000,12.118175,3144600
1998-10-28,22.625000,22.656250,21.812500,21.812500,11.683000,2689600
1998-10-29,21.812500,22.093750,21.343750,22.031250,11.800162,3968000
1998-10-30,22.312500,23.093750,22.312500,22.468750,12.034492,3154200
1998-11-02,23.000000,23.687500,23.000000,23.500000,12.586839,3439000
1998-11-03,23.500000,24.000000,23.500000,23.843750,12.770956,3374200
1998-11-04,24.000000,25.000000,24.000000,24.937500,13.356777,4740000
1998-11-05,24.937500,25.062500,24.093750,24.906250,13.340040,3684200
1998-11-06,24.625000,24.625000,24.031250,24.625000,13.189400,2767200
1998-11-09,24.625000,24.812500,23.937500,24.218750,12.971811,2368600
1998-11-10,24.218750,24.531250,23.500000,24.031250,12.871386,3285200
1998-11-11,24.031250,24.031250,22.531250,22.718750,12.168395,4750800
1998-11-12,22.718750,23.156250,22.718750,22.875000,12.252080,3833000
1998-11-13,23.125000,23.750000,23.125000,23.750000,12.720737,3638400
1998-11-16,23.750000,24.468750,23.625000,24.406250,13.072238,4023800
1998-11-17,24.406250,24.750000,24.187500,24.593750,13.172663,3274000
1998-11-18,24.281250,24.281250,23.812500,24.000000,12.854639,3258400
1998-11-19,24.000000,24.406250,23.687500,23.906250,12.804430,2143000
1998-11-20,23.906250,24.500000,23.906250,24.437500,13.088971,2407800
1998-11-23,24.437500,25.125000,24.375000,25.125000,13.457205,3708800
1998-11-24,25.093750,25.093750,24.812500,25.031250,13.406990,2805800
1998-11-25,25.000000,25.000000,24.562500,24.968750,13.373517,1939800
1998-11-27,24.968750,25.093750,24.687500,24.812500,13.289829,612400
1998-11-30,24.812500,25.000000,24.281250,24.718750,13.239614,3785400
1998-12-01,24.718750,26.093750,24.625000,25.968750,13.909125,6286000
1998-12-02,25.937500,25.937500,25.093750,25.343750,13.574373,3948200
1998-12-03,25.343750,25.343750,24.875000,24.968750,13.373517,2516000
1998-12-04,24.968750,25.281250,24.093750,24.375000,13.055497,3373400
1998-12-07,24.375000,24.750000,24.187500,24.593750,13.172663,2527200
1998-12-08,24.593750,24.593750,23.968750,24.343750,13.038765,2552000
1998-12-09,24.343750,24.531250,23.781250,24.000000,12.854639,2194400
1998-12-10,24.000000,24.093750,23.250000,23.531250,12.603578,3024400
1998-12-11,23.500000,23.500000,22.843750,23.312500,12.486416,2519200
1998-12-14,23.312500,23.625000,23.000000,23.125000,12.385981,2094200
1998-12-15,22.468750,22.468750,21.906250,22.218750,11.900585,4338200
1998-12-16,22.218750,22.312500,20.687500,20.687500,11.080436,7024600
1998-12-17,20.687500,21.281250,20.562500,20.562500,11.013482,5984200
1998-12-18,20.562500,20.968750,20.562500,20.937500,11.214339,5580400
1998-12-21,21.000000,21.500000,21.000000,21.125000,11.314768,3969800
1998-12-22,21.125000,21.250000,20.843750,21.156250,11.331508,2795600
1998-12-23,21.156250,21.312500,20.968750,21.281250,11.398453,3225000
1998-12-24,21.312500,21.593750,21.312500,21.468750,11.498878,1888200
1998-12-28,21.906250,22.531250,21.906250,22.468750,12.034492,3818600
1998-12-29,22.468750,22.906250,22.000000,22.812500,12.218608,2905200
1998-12-30,22.812500,23.031250,22.500000,22.843750,12.235344,2423600
1998-12-31,23.000000,23.937500,23.000000,23.000000,12.319031,4147400
1999-01-04,23.281250,24.000000,23.281250,23.687500,12.687266,6512000
1999-01-05,23.687500,23.968750,23.031250,23.625000,12.653795,5082800
1999-01-06,23.781250,24.343750,23.781250,24.250000,12.988542,5295200
1999-01-07,24.250000,24.687500,24.000000,24.468750,13.105712,4114600
1999-01-08,24.750000,25.625000,24.750000,25.500000,13.658056,5327000
1999-01-11,25.500000,26.500000,25.468750,26.500000,14.193666,6111800
1999-01-12,26.250000,26.250000,24.937500,25.312500,13.557629,7582200
1999-01-13,25.000000,25.000000,24.000000,24.031250,12.871386,5463800
1999-01-14,24.031250,24.218750,23.000000,23.375000,12.519886,4447000
1999-01-15,23.437500,23.843750,23.437500,23.781250,12.819744,2539000
1999-01-19,23.781250,24.156250,22.812500,22.968750,12.381752,3326800
1999-01-20,22.968750,23.281250,22.593750,22.593750,12.179600,3435800
1999-01-21,22.593750,22.718750,22.093750,22.437500,12.095375,2991400
1999-01-22,22.312500,22.312500,21.687500,21.968750,11.842680,3782000
1999-01-25,21.968750,22.437500,21.968750,22.281250,12.011145,2426000
1999-01-26,22.281250,22.593750,22.218750,22.562500,12.162755,3042400
1999-01-27,22.562500,22.843750,22.156250,22.343750,12.044834,2277200
1999-01-28,22.343750,22.375000,21.937500,22.250000,11.994297,2088800
1999-01-29,22.250000,22.343750,21.531250,21.656250,11.674223,2997000
1999-02-01,21.718750,22.250000,21.718750,21.843750,11.775293,3201000
1999-02-02,21.843750,22.000000,21.593750,21.656250,11.674223,2431800
1999-02-03,21.656250,21.781250,21.000000,21.562500,11.623682,4714600
1999-02-04,21.562500,22.500000,21.375000,22.062500,11.893220,3681600
1999-02-05,22.250000,23.375000,22.250000,23.125000,12.465976,4897200
1999-02-08,23.125000,23.656250,22.875000,23.625000,12.735518,3299600
1999-02-09,23.625000,24.250000,23.093750,23.250000,12.533360,3465000
1999-02-10,23.250000,23.437500,22.750000,22.968750,12.381752,3245600
1999-02-11,22.937500,22.937500,22.500000,22.781250,12.280676,2385200
1999-02-12,22.781250,23.218750,22.343750,22.406250,12.078526,2109200
1999-02-16,22.406250,22.906250,22.250000,22.625000,12.196443,2712800
1999-02-17,22.625000,22.968750,22.218750,22.875000,12.331210,3110400
1999-02-18,22.875000,23.187500,22.187500,22.406250,12.078526,2642600
1999-02-19,22.406250,22.906250,22.406250,22.531250,12.145910,1995600
1999-02-22,22.531250,23.250000,22.375000,23.250000,12.533360,2216200
1999-02-23,23.250000,23.531250,23.062500,23.468750,12.651291,2200200
1999-02-24,23.406250,23.406250,22.812500,23.000000,12.398595,2695200
1999-02-25,22.937500,22.937500,22.531250,22.843750,12.314367,1956000
1999-02-26,22.843750,23.312500,22.687500,22.781250,12.280676,1770200
1999-03-01,23.250000,24.593750,23.250000,24.593750,13.257738,4672800
1999-03-02,24.593750,24.687500,23.406250,23.718750,12.786056,3723400
1999-03-03,23.718750,23.843750,23.250000,23.625000,12.735518,1901200
1999-03-04,23.625000,24.000000,23.500000,23.968750,12.920815,2365000
1999-03-05,24.156250,25.000000,24.156250,24.937500,13.443044,3885800
1999-03-08,24.937500,25.000000,24.093750,24.812500,13.375662,3304800
1999-03-09,24.781250,24.781250,24.187500,24.406250,13.156666,2838400
1999-03-10,24.406250,24.906250,24.218750,24.500000,13.207199,1653400
1999-03-11,24.875000,25.437500,24.875000,25.437500,13.712574,3693000
1999-03-12,23.750000,23.750000,22.312500,22.343750,12.044834,8484200
1999-03-15,22.375000,22.781250,22.375000,22.718750,12.246986,4037600
1999-03-16,22.437500,22.437500,21.937500,22.000000,11.859529,4344400
1999-03-17,23.000000,23.625000,23.000000,23.625000,12.735518,6098600
1999-03-18,23.500000,23.500000,22.968750,23.406250,12.617593,4334800
1999-03-19,23.406250,23.875000,23.312500,23.406250,12.617593,3062800
1999-03-22,23.406250,23.687500,23.281250,23.468750,12.651291,1260600
1999-03-23,23.468750,23.468750,22.500000,22.562500,12.162755,2888800
1999-03-24,22.562500,23.375000,22.531250,22.968750,12.381752,2822400
1999-03-25,23.500000,23.906250,23.500000,23.718750,12.786056,3109200
1999-03-26,23.718750,23.718750,23.250000,23.406250,12.617593,1706000
1999-03-29,23.593750,24.031250,23.593750,23.625000,12.735518,2390400
1999-03-30,23.625000,23.687500,23.093750,23.468750,12.651291,1858600
1999-03-31,23.468750,23.718750,22.906250,22.968750,12.381752,2312600
1999-04-01,23.156250,23.687500,23.156250,23.468750,12.651291,2597000
1999-04-05,23.718750,24.687500,23.718750,24.531250,13.224048,2814600
1999-04-06,24.531250,24.812500,24.156250,24.187500,13.038732,1858600
1999-04-07,24.187500,24.468750,23.906250,24.250000,13.072428,2352800
1999-04-08,24.250000,24.500000,24.031250,24.312500,13.106119,1529800
1999-04-09,24.312500,24.781250,24.156250,24.375000,13.139819,1776600
1999-04-12,24.656250,25.875000,24.656250,25.687500,13.847342,4569400
1999-04-13,25.687500,27.500000,25.625000,27.375000,14.757018,7425600
1999-04-14,27.375000,30.406250,27.156250,30.343750,16.357389,12250600
1999-04-15,30.343750,32.218750,30.000000,30.906250,16.660610,14420600
1999-04-16,30.906250,32.000000,29.968750,31.906250,17.199680,11939200
1999-04-19,31.906250,32.781250,30.875000,30.875000,16.643770,10268400
1999-04-20,30.875000,31.093750,30.125000,30.343750,16.357389,6813200
1999-04-21,30.343750,30.937500,29.843750,30.843750,16.626928,3861600
1999-04-22,30.718750,30.718750,29.656250,29.906250,16.200335,3053800
1999-04-23,29.906250,30.468750,28.968750,30.281250,16.403473,3108200
1999-04-26,30.281250,31.406250,30.250000,31.000000,16.792818,2673800
1999-04-27,31.562500,32.406250,31.562500,31.781250,17.216019,4822200
1999-04-28,31.781250,33.125000,31.656250,32.281250,17.486874,4397600
1999-04-29,32.312500,33.187500,32.312500,32.750000,17.740797,3582000
1999-04-30,32.718750,32.718750,31.125000,32.187500,17.436089,8051200
1999-05-03,32.187500,32.718750,31.718750,32.593750,17.656164,3631000
1999-05-04,32.593750,33.218750,32.562500,32.718750,17.723885,3782600
1999-05-05,32.625000,32.625000,32.062500,32.562500,17.639223,2484200
1999-05-06,32.562500,33.062500,32.343750,32.687500,17.706945,2507800
1999-05-07,32.687500,32.812500,31.218750,31.593750,17.114460,3418800
1999-05-10,31.250000,31.250000,30.625000,30.875000,16.725103,2857200
1999-05-11,30.875000,31.875000,30.187500,31.593750,17.114460,2898400
1999-05-12,31.593750,31.625000,30.343750,30.375000,16.454252,1903200
1999-05-13,30.375000,30.468750,29.593750,30.312500,16.420395,3266200
1999-05-14,30.312500,31.250000,29.812500,30.500000,16.521971,2568600
1999-05-17,30.500000,31.125000,30.406250,30.562500,16.555822,2233600
1999-05-18,30.562500,30.593750,28.750000,29.343750,15.895624,2767800
1999-05-19,29.343750,30.093750,28.875000,29.000000,15.709412,2335000
1999-05-20,29.000000,29.687500,29.000000,29.468750,15.963347,1571600
1999-05-21,29.468750,30.000000,29.406250,29.812500,16.149538,1991800
1999-05-24,29.812500,30.343750,29.406250,29.593750,16.031044,1917800
1999-05-25,29.593750,30.125000,29.250000,29.343750,15.895624,1661800
1999-05-26,29.343750,29.468750,28.625000,28.906250,15.658627,2123200
1999-05-27,28.750000,28.750000,27.250000,27.687500,14.998426,4050000
1999-05-28,27.687500,27.843750,27.250000,27.437500,14.863003,2749600
1999-06-01,27.437500,29.750000,27.281250,29.375000,15.912542,3903400
1999-06-02,29.375000,29.875000,28.812500,29.187500,15.810988,2314200
1999-06-03,29.187500,30.531250,29.187500,30.218750,16.369612,3796800
1999-06-04,30.687500,31.437500,30.687500,31.406250,17.012886,2871200
1999-06-07,31.406250,31.906250,31.031250,31.625000,17.131382,3347400
1999-06-08,31.625000,31.750000,30.593750,31.062500,16.826675,2491000
1999-06-09,31.062500,31.468750,30.500000,30.750000,16.657391,1721800
1999-06-10,30.750000,31.000000,30.250000,30.937500,16.758955,2574800
1999-06-11,30.937500,30.968750,29.531250,29.718750,16.098764,3054600
1999-06-14,29.718750,30.312500,29.687500,29.968750,16.234190,2182600
1999-06-15,29.968750,30.000000,29.218750,29.218750,15.827907,2495800
1999-06-16,29.218750,29.937500,29.062500,29.468750,15.963347,2279200
1999-06-17,29.468750,29.593750,29.343750,29.437500,15.946414,1829400
1999-06-18,29.968750,30.875000,29.968750,30.750000,16.657391,3309000
1999-06-21,30.750000,31.031250,30.062500,30.437500,16.488111,1846800
1999-06-22,30.343750,30.343750,29.843750,30.093750,16.301899,1582600
1999-06-23,30.093750,30.093750,29.500000,29.812500,16.149538,1250000
1999-06-24,29.812500,30.375000,29.062500,29.500000,15.980256,1775600
1999-06-25,29.500000,29.906250,29.250000,29.312500,15.878693,1706200
1999-06-28,29.500000,30.531250,29.500000,30.375000,16.454252,2424200
1999-06-29,30.375000,30.718750,30.250000,30.562500,16.555822,2104800
1999-06-30,30.562500,31.125000,30.000000,30.000000,16.251114,3948400
1999-07-01,30.312500,30.843750,30.312500,30.593750,16.572748,2433600
1999-07-02,30.718750,31.437500,30.718750,30.968750,16.775887,2364400
1999-07-06,30.718750,30.718750,29.656250,29.656250,16.064903,1982800
1999-07-07,30.093750,31.156250,30.093750,31.062500,16.826675,4011200
1999-07-08,30.875000,30.875000,30.281250,30.593750,16.572748,2047800
1999-07-09,30.593750,30.781250,30.062500,30.593750,16.572748,2040200
1999-07-12,30.593750,30.843750,30.312500,30.500000,16.521971,2204000
1999-07-13,30.250000,30.250000,29.906250,29.937500,16.217258,2526600
1999-07-14,29.937500,30.125000,29.750000,29.906250,16.200335,2648400
1999-07-15,29.906250,30.062500,29.250000,29.750000,16.115692,3807200
1999-07-16,29.750000,29.843750,28.750000,29.468750,16.051010,6479400
1999-07-19,29.625000,30.156250,29.625000,30.125000,16.408463,3005800
1999-07-20,30.125000,30.437500,29.968750,30.093750,16.391432,3843400
1999-07-21,30.093750,30.406250,29.968750,30.312500,16.510578,1976200
1999-07-22,30.312500,30.406250,30.062500,30.250000,16.476530,2642600
1999-07-23,30.250000,30.625000,30.187500,30.500000,16.612705,1325600
1999-07-26,30.500000,31.281250,29.875000,30.000000,16.340366,2418600
1999-07-27,30.000000,30.375000,29.968750,30.062500,16.374409,1699800
1999-07-28,30.062500,31.000000,29.843750,30.625000,16.680801,2041800
1999-07-29,30.531250,30.531250,29.437500,29.437500,16.033993,2136000
1999-07-30,29.437500,30.000000,29.312500,29.312500,15.965907,3094200
1999-08-02,29.312500,29.468750,29.187500,29.281250,15.948873,2118000
1999-08-03,29.281250,29.468750,28.718750,28.937500,15.761642,2275600
1999-08-04,28.937500,29.250000,28.531250,28.593750,15.574409,2170800
1999-08-05,28.593750,28.593750,27.906250,28.062500,15.285053,3563600
1999-08-06,28.062500,28.968750,27.906250,28.875000,15.727603,4272600
1999-08-09,28.875000,29.218750,28.437500,28.875000,15.727603,1613000
1999-08-10,28.875000,29.656250,28.625000,29.437500,16.033993,3199600
1999-08-11,29.437500,29.750000,29.062500,29.625000,16.136122,1709000
1999-08-12,30.500000,31.406250,30.500000,30.500000,16.612705,4357000
1999-08-13,30.937500,31.218750,30.937500,31.125000,16.953133,3754600
1999-08-16,31.125000,31.312500,30.656250,31.156250,16.970152,3565000
1999-08-17,31.156250,31.500000,30.843750,31.000000,16.885050,2361600
1999-08-18,30.937500,30.937500,30.406250,30.500000,16.612705,1475800
1999-08-19,30.500000,30.687500,29.968750,30.156250,16.425480,1784000
1999-08-20,30.156250,30.343750,29.937500,30.156250,16.425480,1833600
1999-08-23,30.437500,31.531250,30.437500,31.468750,17.140371,2567200
1999-08-24,31.468750,31.937500,31.250000,31.500000,17.157396,2166800
1999-08-25,31.500000,31.968750,31.312500,31.375000,17.089306,2439400
1999-08-26,31.406250,31.843750,31.406250,31.562500,17.191429,2032200
1999-08-27,31.562500,31.625000,30.593750,30.812500,16.782921,1280400
1999-08-30,30.781250,30.781250,29.625000,29.750000,16.204197,1512800
1999-08-31,29.750000,29.750000,28.312500,28.312500,15.421220,4402600
1999-09-01,28.593750,29.343750,28.593750,29.000000,15.795700,2989200
1999-09-02,29.000000,29.593750,28.687500,29.437500,16.033993,2183000
1999-09-03,29.437500,29.968750,29.375000,29.593750,16.119089,2794400
1999-09-07,29.500000,29.500000,28.906250,29.187500,15.897813,2475800
1999-09-08,29.187500,29.468750,28.843750,29.312500,15.965907,1204400
1999-09-09,29.312500,29.562500,28.875000,29.375000,15.999943,1693000
1999-09-10,29.375000,29.562500,28.250000,28.375000,15.455261,2812200
1999-09-13,28.375000,29.812500,28.375000,29.718750,16.187176,3463000
1999-09-14,29.718750,30.343750,29.093750,29.218750,15.914841,3178000
1999-09-15,29.218750,30.031250,29.125000,29.343750,15.982920,2167000
1999-09-16,29.312500,29.312500,28.125000,28.281250,15.404196,2825400
1999-09-17,28.468750,29.531250,28.468750,29.156250,15.880795,2884400
1999-09-20,28.906250,28.906250,28.125000,28.531250,15.540375,2321600
1999-09-21,28.531250,28.531250,27.750000,27.937500,15.216966,2339800
1999-09-22,27.937500,28.125000,26.906250,28.093750,15.302071,3954000
1999-09-23,28.093750,28.187500,27.031250,27.156250,14.791437,2407800
1999-09-24,27.156250,27.406250,26.875000,27.062500,14.740373,2399800
1999-09-27,27.062500,27.312500,26.687500,26.750000,14.570160,2341600
1999-09-28,26.750000,26.843750,26.281250,26.531250,14.451009,3967000
1999-09-29,26.531250,27.687500,26.531250,27.312500,14.876542,2540600
1999-09-30,27.312500,28.125000,27.187500,27.406250,14.927608,2744000
1999-10-01,27.406250,27.812500,26.750000,26.843750,14.621230,1631200
1999-10-04,27.500000,27.843750,27.500000,27.531250,14.995687,2565000
1999-10-05,27.531250,27.781250,26.812500,27.281250,14.859524,2627600
1999-10-06,27.375000,28.468750,27.375000,28.281250,15.404196,2574000
1999-10-07,28.281250,28.437500,27.906250,27.937500,15.216966,1798400
1999-10-08,27.937500,28.750000,27.937500,28.312500,15.421220,2582000
1999-10-11,28.593750,29.437500,28.593750,29.218750,15.914841,3451400
1999-10-12,29.218750,29.375000,27.500000,27.750000,15.114847,4078000
1999-10-13,28.062500,28.687500,28.062500,28.281250,15.404196,3816200
1999-10-14,28.281250,28.812500,27.187500,27.812500,15.148884,2682200
1999-10-15,27.812500,28.375000,26.656250,28.031250,15.268038,4543600
1999-10-18,28.031250,28.437500,27.343750,27.687500,15.080797,2590000
1999-10-19,27.687500,28.031250,27.187500,27.500000,14.978673,1770800
1999-10-20,27.500000,27.750000,26.968750,27.000000,14.706332,2325200
1999-10-21,26.562500,26.562500,25.781250,26.062500,14.281652,3616200
1999-10-22,26.625000,28.031250,26.625000,27.593750,15.120741,3640600
1999-10-25,27.468750,27.468750,26.718750,26.968750,14.778255,1946400
1999-10-26,27.218750,27.812500,27.218750,27.718750,15.189227,2198600
1999-10-27,27.718750,28.187500,27.468750,27.687500,15.172111,2693600
1999-10-28,27.687500,27.875000,26.968750,27.375000,15.000866,3526400
1999-10-29,27.625000,29.000000,27.625000,27.656250,15.154991,4535400
1999-11-01,27.656250,27.968750,27.187500,27.312500,14.966618,3437800
1999-11-02,27.593750,28.531250,27.593750,28.031250,15.360484,3117400
1999-11-03,28.093750,28.750000,28.093750,28.312500,15.514592,3611400
1999-11-04,28.312500,28.406250,27.218750,27.281250,14.949498,2102200
1999-11-05,27.281250,28.000000,27.125000,27.375000,15.000866,2817000
1999-11-08,27.375000,27.406250,26.718750,27.031250,14.812500,1732400
1999-11-09,27.031250,27.062500,26.687500,26.937500,14.761127,2100200
1999-11-10,26.937500,27.187500,26.718750,26.875000,14.726878,1440200
1999-11-11,26.875000,27.500000,26.625000,27.500000,15.069368,2285000
1999-11-12,27.500000,27.718750,26.593750,27.500000,15.069368,3205400
1999-11-15,27.500000,28.125000,27.125000,27.781250,15.223493,2695400
1999-11-16,27.812500,28.843750,27.812500,28.406250,15.565965,3322800
1999-11-17,28.406250,28.531250,27.687500,27.687500,15.172111,2088800
1999-11-18,27.687500,28.312500,27.656250,27.968750,15.326232,1994800
1999-11-19,26.250000,26.250000,24.500000,24.593750,13.476810,14948400
1999-11-22,24.593750,25.468750,23.937500,25.125000,13.767921,8217000
1999-11-23,25.125000,25.125000,24.468750,25.093750,13.750801,3614600
1999-11-24,24.656250,24.656250,24.062500,24.281250,13.305562,4154600
1999-11-26,24.156250,24.156250,23.812500,24.062500,13.185695,1775200
1999-11-29,23.875000,23.875000,23.093750,23.093750,12.654839,3956000
1999-11-30,23.093750,24.093750,22.812500,23.187500,12.706213,4851400
1999-12-01,23.187500,23.750000,23.093750,23.468750,12.860334,2687200
1999-12-02,23.750000,24.312500,23.750000,23.750000,13.014449,3840800
1999-12-03,23.750000,24.593750,23.718750,24.132813,13.224220,4650400
1999-12-06,24.132813,24.312500,23.718750,23.812500,13.048707,2518800
1999-12-07,23.812500,23.937500,22.656250,22.843750,12.517846,4043600
1999-12-08,22.843750,22.843750,22.343750,22.562500,12.363727,6212600
1999-12-09,22.718750,23.250000,22.718750,22.906250,12.552097,3743800
1999-12-10,23.000000,23.531250,23.000000,23.343750,12.791838,4632000
1999-12-13,23.343750,23.468750,22.875000,23.156250,12.689089,3114800
1999-12-14,23.156250,23.843750,22.750000,23.062500,12.637722,4420600
1999-12-15,23.062500,23.625000,22.906250,23.257813,12.744744,3467000
1999-12-16,23.257813,23.750000,23.000000,23.562500,12.911700,2941800
1999-12-17,23.562500,23.718750,22.468750,22.468750,12.312359,5323000
1999-12-20,22.468750,22.875000,22.468750,22.562500,12.363727,2833400
1999-12-21,22.500000,22.500000,21.562500,22.187500,12.158242,3504600
1999-12-22,22.187500,22.406250,21.687500,21.687500,11.884244,2524200
1999-12-23,22.031250,22.718750,22.031250,22.406250,12.278106,2219200
1999-12-27,22.625000,23.468750,22.625000,23.218750,12.723334,3487600
1999-12-28,23.218750,24.031250,23.187500,23.781250,13.031577,3093600
1999-12-29,23.781250,24.031250,23.125000,23.250000,12.740470,3186400
1999-12-30,23.250000,23.781250,22.937500,23.000000,12.603473,2714800
1999-12-31,23.000000,23.718750,22.843750,23.531250,12.894583,1525600
2000-01-03,23.843750,24.500000,23.843750,24.312500,13.322687,5055000
2000-01-04,24.312500,24.875000,24.000000,24.000000,13.151445,6181400
2000-01-05,24.000000,25.093750,24.000000,24.562500,13.459686,6398600
2000-01-06,25.281250,26.125000,25.281250,25.812500,14.144653,5140600
2000-01-07,26.375000,27.562500,26.375000,26.656250,14.607013,6360200
2000-01-10,26.656250,27.281250,25.750000,25.781250,14.127531,3682200
2000-01-11,25.781250,26.593750,25.375000,25.375000,13.904910,3945600
2000-01-12,25.562500,26.156250,25.562500,25.812500,14.144653,3401000
2000-01-13,26.031250,26.687500,26.031250,26.093750,14.298776,3129400
2000-01-14,26.093750,26.437500,25.937500,25.968750,14.230275,3044400
2000-01-18,25.875000,25.875000,24.937500,24.968750,13.768455,4054200
2000-01-19,24.968750,25.343750,24.656250,24.656250,13.596140,3424600
2000-01-20,24.656250,24.968750,23.531250,23.562500,12.993010,4279200
2000-01-21,23.562500,23.968750,22.812500,23.687500,13.061936,5000000
2000-01-24,23.625000,23.625000,22.531250,22.656250,12.493284,5385600
2000-01-25,22.500000,22.500000,21.281250,21.812500,12.028011,6084200
2000-01-26,21.812500,22.843750,21.687500,22.468750,12.389892,4188200
2000-01-27,22.468750,22.781250,22.000000,22.281250,12.286495,3340800
2000-01-28,22.281250,22.593750,21.750000,21.750000,11.993546,4851600
2000-01-31,21.750000,21.968750,21.218750,21.218750,11.700595,3677000
2000-02-01,21.375000,22.031250,21.375000,21.593750,11.907388,2930200
2000-02-02,21.593750,22.375000,21.437500,21.718750,11.976315,2933600
2000-02-03,21.625000,21.625000,21.062500,21.156250,11.666133,4343400
2000-02-04,21.156250,21.406250,20.625000,21.156250,11.666133,4122000
2000-02-07,20.906250,20.906250,20.375000,20.625000,11.373192,4089800
2000-02-08,20.625000,20.750000,20.000000,20.500000,11.304263,5848400
2000-02-09,20.500000,20.593750,19.562500,19.562500,10.787303,5934800
2000-02-10,19.562500,19.781250,18.812500,19.031250,10.494357,5807400
2000-02-11,18.937500,18.937500,17.437500,18.000000,9.925694,11944800
2000-02-14,18.125000,19.468750,18.125000,19.312500,10.649446,6787800
2000-02-15,19.312500,20.375000,19.312500,20.000000,11.028549,6048200
2000-02-16,20.000000,20.312500,19.406250,19.593750,10.804534,3881400
2000-02-17,19.562500,19.562500,18.843750,19.343750,10.666676,3824200
2000-02-18,19.187500,19.187500,18.687500,18.843750,10.390965,3017800
2000-02-22,18.843750,19.437500,18.750000,19.156250,10.563282,4028800
2000-02-23,19.156250,19.343750,18.593750,18.906250,10.425429,4894400
2000-02-24,18.906250,18.937500,18.125000,18.125000,9.994624,4488200
2000-02-25,18.125000,18.750000,17.937500,18.000000,9.925694,4139800
2000-02-28,18.000000,18.312500,17.687500,17.781250,9.805070,3319200
2000-02-29,17.781250,18.218750,17.500000,17.531250,9.667213,4805800
2000-03-01,17.531250,17.906250,17.437500,17.437500,9.615520,4841600
2000-03-02,17.437500,17.500000,17.093750,17.218750,9.494892,3956000
2000-03-03,17.250000,18.656250,17.250000,18.187500,10.029084,4805800
2000-03-06,18.218750,19.000000,18.218750,18.343750,10.115243,5260400
2000-03-07,18.250000,18.250000,16.750000,16.906250,9.322570,8780800
2000-03-08,17.312500,18.218750,17.312500,17.468750,9.632753,5772000
2000-03-09,17.468750,17.687500,17.125000,17.625000,9.718912,4904400
2000-03-10,17.625000,18.375000,17.406250,17.843750,9.839535,5335400
2000-03-13,17.843750,18.062500,17.500000,17.812500,9.822304,3304800
2000-03-14,17.875000,18.593750,17.875000,17.906250,9.874002,6545400
2000-03-15,17.906250,19.531250,17.812500,19.125000,10.546045,6827400
2000-03-16,19.468750,20.812500,19.468750,20.343750,11.218105,7723400
2000-03-17,20.156250,20.156250,19.531250,19.812500,10.925158,4798800
2000-03-20,19.812500,20.281250,19.218750,19.250000,10.614980,4407600
2000-03-21,19.250000,20.031250,19.218750,19.906250,10.976857,3065800
2000-03-22,19.812500,19.812500,19.375000,19.468750,10.735602,2487200
2000-03-23,19.625000,20.093750,19.625000,19.781250,10.907923,3596000
2000-03-24,19.781250,20.000000,19.625000,19.750000,10.890692,2277600
2000-03-27,19.750000,20.312500,19.500000,19.531250,10.770067,2241200
2000-03-28,19.531250,19.562500,19.156250,19.156250,10.563282,2619200
2000-03-29,19.156250,19.781250,18.843750,19.500000,10.752836,3778000
2000-03-30,19.500000,20.656250,19.437500,20.375000,11.235335,4877800
2000-03-31,20.375000,20.562500,19.656250,19.718750,10.873466,4850400
2000-04-03,19.718750,21.125000,19.718750,20.937500,11.545512,4664200
2000-04-04,20.937500,22.062500,20.437500,21.718750,11.976315,7259000
2000-04-05,21.718750,21.937500,21.125000,21.218750,11.700595,3759200
2000-04-06,21.218750,21.812500,21.125000,21.156250,11.666133,2104800
2000-04-07,21.156250,21.218750,20.625000,20.687500,11.407656,2937400
2000-04-10,20.687500,21.062500,20.562500,20.718750,11.424886,1890600
2000-04-11,20.812500,21.625000,20.812500,21.031250,11.597208,3531600
2000-04-12,21.375000,22.375000,21.375000,21.718750,11.976315,4224400
2000-04-13,21.718750,22.437500,20.906250,21.000000,11.579978,4334200
2000-04-14,21.000000,21.000000,20.093750,20.250000,11.166408,4287000
2000-04-17,20.250000,21.218750,20.125000,20.468750,11.287032,3754200
2000-04-18,20.468750,21.750000,19.687500,20.125000,11.097480,9957200
2000-04-19,19.468750,19.468750,18.500000,18.812500,10.458179,8557000
2000-04-20,18.812500,19.156250,18.750000,19.000000,10.562410,4924600
2000-04-24,19.093750,19.562500,19.093750,19.500000,10.840367,3312200
2000-04-25,19.500000,20.250000,19.500000,20.062500,11.153070,4381400
2000-04-26,20.062500,20.343750,19.750000,19.875000,11.048840,4544400
2000-04-27,19.875000,20.218750,19.468750,20.062500,11.153070,2903600
2000-04-28,20.062500,20.500000,19.625000,19.718750,10.961979,3741600
2000-05-01,19.718750,19.843750,19.406250,19.406250,10.788250,2637800
2000-05-02,19.406250,19.968750,19.031250,19.812500,11.014089,2840800
2000-05-03,19.687500,19.687500,19.250000,19.437500,10.805624,2442600
2000-05-04,19.437500,19.468750,18.937500,18.968750,10.545039,2377000
2000-05-05,18.968750,19.687500,18.937500,19.531250,10.857738,2544600
2000-05-08,19.531250,19.875000,19.281250,19.468750,10.822995,2078600
2000-05-09,19.468750,20.000000,18.968750,19.000000,10.562410,3078800
2000-05-10,19.000000,19.218750,18.781250,19.187500,10.666640,2391400
2000-05-11,19.187500,19.781250,18.843750,19.406250,10.788250,2617600
2000-05-12,19.406250,19.937500,19.312500,19.687500,10.944600,1927800
2000-05-15,19.781250,20.375000,19.781250,20.281250,11.274672,3531000
2000-05-16,20.281250,20.875000,20.093750,20.125000,11.187814,4066000
2000-05-17,20.125000,20.343750,19.937500,20.000000,11.118326,1526600
2000-05-18,20.000000,20.000000,19.250000,19.406250,10.788250,3559200
2000-05-19,19.406250,20.218750,19.250000,20.031250,11.135698,3942200
2000-05-22,20.031250,20.343750,19.812500,20.093750,11.170444,2443000
2000-05-23,20.093750,20.343750,19.500000,19.750000,10.979346,2005600
2000-05-24,19.750000,20.250000,19.375000,19.843750,11.031465,2075000
2000-05-25,19.843750,19.937500,18.906250,19.031250,10.579784,2763800
2000-05-26,19.031250,19.406250,18.937500,19.062500,10.597156,1908200
2000-05-30,19.062500,19.406250,19.062500,19.156250,10.649273,1614200
2000-05-31,19.156250,19.218750,18.937500,19.125000,10.631896,2925400
2000-06-01,19.406250,20.000000,19.406250,19.875000,11.048840,2835400
2000-06-02,20.125000,21.250000,20.125000,20.531250,11.413651,4491400
2000-06-05,20.437500,20.437500,19.281250,20.000000,11.118326,3871600
2000-06-06,19.781250,19.781250,19.093750,19.531250,10.857738,3697400
2000-06-07,19.406250,19.406250,19.062500,19.406250,10.788250,3017600
2000-06-08,19.218750,19.218750,18.843750,19.062500,10.597156,2418800
2000-06-09,19.062500,19.281250,18.875000,19.125000,10.631896,1819600
2000-06-12,19.125000,19.531250,18.843750,19.312500,10.736135,2635600
2000-06-13,19.281250,19.281250,18.500000,18.625000,10.353940,3154800
2000-06-14,18.625000,19.125000,18.562500,18.812500,10.458179,3292600
2000-06-15,18.812500,19.000000,18.406250,18.500000,10.284448,2703400
2000-06-16,18.500000,18.562500,17.937500,17.968750,9.989122,5510400
2000-06-19,17.968750,18.250000,17.562500,17.562500,9.763280,3703200
2000-06-20,17.562500,17.843750,17.500000,17.531250,9.745908,3212400
2000-06-21,17.531250,17.750000,17.468750,17.562500,9.763280,2569000
2000-06-22,17.562500,17.687500,17.156250,17.218750,9.572186,3490200
2000-06-23,17.218750,17.562500,17.218750,17.312500,9.624302,1787400
2000-06-26,17.343750,17.843750,17.343750,17.406250,9.676420,1959000
2000-06-27,17.406250,18.250000,17.343750,17.843750,9.919628,2754800
2000-06-28,18.000000,18.375000,18.000000,18.078125,10.049926,2527200
2000-06-29,17.750000,17.750000,17.375000,17.500000,9.728538,2415400
2000-06-30,17.500000,17.656250,16.906250,16.937500,9.415832,4672000
2000-07-03,17.093750,18.031250,17.093750,18.000000,10.006493,1702400
2000-07-05,17.718750,17.718750,17.156250,17.593750,9.780654,3324600
2000-07-06,17.593750,17.812500,17.406250,17.406250,9.676420,2433400
2000-07-07,17.406250,17.468750,16.968750,16.968750,9.433205,3514400
2000-07-10,17.093750,17.687500,17.093750,17.125000,9.520061,3084000
2000-07-11,17.250000,18.343750,17.250000,18.062500,10.041238,5056800
2000-07-12,18.062500,18.500000,17.875000,18.281250,10.162839,3236600
2000-07-13,18.281250,18.312500,17.937500,17.968750,9.989122,3438000
2000-07-14,17.968750,18.031250,17.562500,17.875000,9.937002,2999200
2000-07-17,17.875000,18.093750,17.500000,17.859375,9.928317,2677200
2000-07-18,18.437500,19.125000,18.437500,18.875000,10.593759,8446200
2000-07-19,18.875000,19.281250,18.843750,18.968750,10.646379,6346200
2000-07-20,18.968750,19.218750,18.250000,18.531250,10.400824,5041600
2000-07-21,18.531250,18.593750,18.187500,18.250000,10.242974,3777600
2000-07-24,18.250000,18.250000,18.062500,18.125000,10.172815,1660200
2000-07-25,18.125000,18.312500,17.937500,17.937500,10.067579,2363000
2000-07-26,17.875000,17.875000,17.375000,17.375000,9.751876,3413200
2000-07-27,17.375000,17.687500,17.312500,17.437500,9.786953,2642200
2000-07-28,17.437500,17.531250,16.968750,17.031250,9.558939,3336600
2000-07-31,17.031250,17.593750,17.031250,17.031250,9.558939,3131800
2000-08-01,17.062500,17.218750,17.062500,17.156250,9.629095,4007600
2000-08-02,17.187500,17.593750,17.187500,17.500000,9.822030,3722000
2000-08-03,17.500000,17.875000,17.125000,17.531250,9.839567,3375200
2000-08-04,17.531250,17.531250,17.187500,17.421875,9.778184,2018200
2000-08-07,17.421875,18.468750,17.281250,18.343750,10.295584,4035600
2000-08-08,18.406250,19.406250,18.406250,19.187500,10.769150,7056400
2000-08-09,19.187500,19.187500,18.781250,18.781250,10.541136,2906800
2000-08-10,18.781250,19.062500,18.687500,18.750000,10.523599,1964000
2000-08-11,18.750000,19.500000,18.625000,19.312500,10.839312,2813800
2000-08-14,19.312500,19.531250,19.156250,19.531250,10.962085,4096600
2000-08-15,19.531250,19.750000,19.125000,19.328125,10.848083,2535400
2000-08-16,19.328125,19.656250,19.218750,19.312500,10.839312,2873200
2000-08-17,19.312500,19.406250,19.093750,19.125000,10.734070,1760600
2000-08-18,19.125000,19.281250,18.843750,19.093750,10.716535,1970800
2000-08-21,19.093750,19.156250,18.687500,18.843750,10.576224,1527600
2000-08-22,18.843750,19.000000,18.687500,18.906250,10.611299,1907600
2000-08-23,18.906250,18.937500,18.531250,18.562500,10.418366,1962400
2000-08-24,18.562500,18.843750,18.500000,18.843750,10.576224,2351800
2000-08-25,18.843750,18.906250,18.625000,18.812500,10.558684,1400200
2000-08-28,18.812500,18.875000,18.312500,18.593750,10.435908,2669000
2000-08-29,18.875000,19.562500,18.875000,19.031250,10.681458,4115000
2000-08-30,19.031250,19.218750,18.343750,18.781250,10.541136,3988200
2000-08-31,18.781250,18.937500,18.250000,18.382813,10.317510,4834600
2000-09-01,18.382813,18.750000,18.125000,18.656250,10.470986,2563800
2000-09-05,18.656250,19.406250,18.531250,19.031250,10.681458,2875600
2000-09-06,19.031250,19.625000,19.031250,19.343750,10.856852,2900600
2000-09-07,19.343750,19.531250,19.031250,19.031250,10.681458,4777600
2000-09-08,19.031250,19.125000,18.750000,18.906250,10.611299,3091600
2000-09-11,18.906250,19.656250,18.875000,19.156250,10.751615,2521800
2000-09-12,19.156250,19.406250,18.875000,19.000000,10.663918,3190600
2000-09-13,19.125000,19.625000,19.125000,19.343750,10.856852,2132000
2000-09-14,19.406250,19.812500,19.406250,19.625000,11.014706,4188200
2000-09-15,19.218750,19.218750,18.593750,18.718750,10.506066,6007800
2000-09-18,18.656250,18.656250,17.718750,18.031250,10.120198,5579000
2000-09-19,18.031250,18.093750,17.312500,17.750000,9.962341,5201200
2000-09-20,17.750000,17.843750,17.468750,17.593750,9.874647,3515000
2000-09-21,17.593750,17.843750,17.375000,17.406250,9.769412,2412400
2000-09-22,17.406250,17.843750,17.281250,17.562500,9.857108,2605400
2000-09-25,17.562500,18.000000,17.531250,17.750000,9.962341,2056400
2000-09-26,17.687500,17.687500,17.250000,17.500000,9.822030,2804800
2000-09-27,17.375000,17.375000,16.250000,16.750000,9.401083,7458600
2000-09-28,16.750000,17.375000,16.312500,17.000000,9.541401,4866000
2000-09-29,17.000000,17.375000,14.500000,15.500000,8.699515,3578400
2000-10-02,15.500000,17.125000,15.500000,17.125000,9.611551,6628600
2000-10-03,17.125000,18.000000,17.093750,17.531250,9.839567,4416200
2000-10-04,17.531250,17.968750,17.406250,17.562500,9.857108,3534400
2000-10-05,17.562500,17.812500,17.437500,17.500000,9.822030,2774200
2000-10-06,17.500000,17.843750,17.250000,17.250000,9.681715,2549400
2000-10-09,17.250000,17.500000,17.187500,17.281250,9.699254,1319200
2000-10-10,17.218750,17.218750,16.656250,16.687500,9.366010,2709600
2000-10-11,16.687500,17.000000,16.281250,16.625000,9.330930,3741000
2000-10-12,16.625000,16.625000,15.593750,15.937500,8.945057,4800400
2000-10-13,15.906250,15.906250,15.437500,15.843750,8.892444,3551000
2000-10-16,15.843750,16.062500,15.656250,15.875000,8.909983,3422000
2000-10-17,15.875000,16.031250,15.187500,15.250000,8.559196,3269600
2000-10-18,15.062500,15.062500,14.781250,14.906250,8.460579,5565800
2000-10-19,15.031250,15.406250,15.031250,15.250000,8.655687,3147000
2000-10-20,15.250000,15.593750,15.187500,15.343750,8.708896,2370200
2000-10-23,15.343750,15.937500,15.343750,15.718750,8.921741,2725600
2000-10-24,15.781250,16.125000,15.781250,15.937500,9.045897,3443800
2000-10-25,15.937500,16.000000,15.562500,15.656250,8.886271,2413200
2000-10-26,15.656250,16.156250,15.531250,15.906250,9.028165,2656600
2000-10-27,16.000000,16.437500,16.000000,16.437500,9.329694,3200600
2000-10-30,16.437500,17.875000,16.250000,17.468750,9.915020,5737800
2000-10-31,17.468750,17.906250,16.937500,17.531250,9.950491,6645200
2000-11-01,17.531250,17.875000,17.281250,17.375000,9.861810,3343400
2000-11-02,17.375000,17.750000,17.375000,17.406250,9.879545,2362200
2000-11-03,17.406250,17.500000,17.281250,17.406250,9.879545,2074000
2000-11-06,17.406250,18.312500,17.406250,18.093750,10.269757,3228800
2000-11-07,18.093750,18.125000,17.781250,18.062500,10.252026,2537200
2000-11-08,18.062500,18.468750,17.656250,18.218750,10.340709,2546000
2000-11-09,18.218750,18.500000,17.843750,18.281250,10.376177,2848000
2000-11-10,18.187500,18.187500,17.875000,17.875000,10.145597,2756400
2000-11-13,17.875000,18.156250,17.593750,18.093750,10.269757,3065400
2000-11-14,18.093750,18.156250,17.843750,18.031250,10.234285,2271400
2000-11-15,18.031250,18.468750,18.031250,18.343750,10.411650,2835800
2000-11-16,18.343750,18.343750,17.906250,18.156250,10.305237,1835600
2000-11-17,18.218750,18.750000,18.218750,18.468750,10.482605,2597600
2000-11-20,18.468750,18.656250,18.250000,18.593750,10.553554,3128400
2000-11-21,18.593750,19.250000,18.593750,19.125000,10.855079,3665600
2000-11-22,19.093750,19.093750,18.781250,18.906250,10.730925,2131800
2000-11-24,18.906250,19.500000,18.875000,19.437500,11.032453,1485600
2000-11-27,19.437500,19.906250,19.218750,19.843750,11.263037,2942200
2000-11-28,19.625000,19.625000,19.281250,19.500000,11.067926,1821000
2000-11-29,19.500000,20.281250,19.500000,20.062500,11.387195,2852400
2000-11-30,20.062500,20.531250,19.625000,19.656250,11.156615,3984400
2000-12-01,19.750000,20.625000,19.750000,20.343750,11.546830,3003600
2000-12-04,20.375000,21.968750,20.375000,21.656250,12.291783,6023200
2000-12-05,21.656250,22.125000,20.968750,21.687500,12.309519,5893000
2000-12-06,21.343750,21.343750,20.687500,20.781250,11.795149,3086800
2000-12-07,20.781250,21.250000,20.656250,20.781250,11.795149,2262800
2000-12-08,20.781250,21.062500,20.500000,20.812500,11.812882,2792200
2000-12-11,20.812500,21.281250,20.468750,21.187500,12.025734,3065200
2000-12-12,21.187500,21.812500,20.937500,21.187500,12.025734,4090800
2000-12-13,21.187500,21.593750,20.718750,20.843750,11.830625,2747000
2000-12-14,20.468750,20.468750,20.062500,20.343750,11.546830,2137600
2000-12-15,20.375000,20.718750,20.375000,20.406250,11.582296,4576800
2000-12-18,20.406250,21.312500,20.062500,21.156250,12.007986,3673200
2000-12-19,21.156250,21.687500,20.718750,21.437500,12.167625,5395200
2000-12-20,21.437500,21.656250,20.625000,21.531250,12.220838,5809600
2000-12-21,21.531250,22.437500,21.125000,22.375000,12.699736,5965000
2000-12-22,22.375000,23.375000,22.093750,23.312500,13.231844,5743600
2000-12-26,23.312500,23.875000,23.218750,23.875000,13.551113,3715400
2000-12-27,23.781250,23.781250,23.187500,23.750000,13.480166,3737200
2000-12-28,23.750000,23.843750,23.093750,23.812500,13.515646,2558600
2000-12-29,23.812500,23.968750,23.406250,23.656250,13.426953,3051800
2001-01-02,23.625000,23.625000,22.812500,23.156250,13.143163,3285000
2001-01-03,23.156250,23.343750,21.781250,23.250000,13.196380,7564000
2001-01-04,23.250000,24.812500,23.250000,24.343750,13.817166,9149400
2001-01-05,24.250000,24.250000,22.656250,22.937500,13.019002,7057800
2001-01-08,22.937500,23.000000,22.562500,22.875000,12.983528,3752000
2001-01-09,22.875000,22.875000,22.437500,22.843750,12.965790,3836600
2001-01-10,22.812500,22.812500,22.031250,22.531250,12.788422,3655000
2001-01-11,22.531250,22.718750,22.062500,22.718750,12.894845,3371000
2001-01-12,22.625000,22.625000,21.343750,21.843750,12.398205,3494200
2001-01-16,21.843750,22.343750,21.531250,22.343750,12.682000,4239400
2001-01-17,22.343750,22.812500,22.156250,22.500000,12.770683,4460200
2001-01-18,21.031250,21.031250,20.000000,20.875000,11.938559,9166400
2001-01-19,20.531250,20.531250,19.906250,20.312500,11.616864,5502600
2001-01-22,20.312500,20.718750,19.906250,20.437500,11.688348,4659800
2001-01-23,20.437500,21.000000,20.375000,20.812500,11.902816,5792400
2001-01-24,20.812500,21.437500,20.500000,21.093750,12.063664,3670200
2001-01-25,21.218750,22.031250,21.218750,21.656250,12.385360,3517600
2001-01-26,21.656250,21.875000,21.281250,21.625000,12.367492,3094400
2001-01-29,21.580000,21.900000,21.405001,21.549999,12.324597,2439600
2001-01-30,21.549999,22.250000,21.125000,22.200001,12.696328,4675200
2001-01-31,22.200001,22.500000,22.000000,22.110001,12.644865,3889000
2001-02-01,22.110001,22.299999,21.850000,22.165001,12.676321,2737600
2001-02-02,22.165001,22.459999,21.950001,22.135000,12.659160,2387400
2001-02-05,22.135000,22.190001,21.865000,21.885000,12.516183,1823000
2001-02-06,21.885000,22.030001,21.655001,21.760000,12.444698,2298200
2001-02-07,21.760000,21.945000,21.690001,21.805000,12.470431,1773800
2001-02-08,21.805000,21.875000,21.405001,21.590000,12.347478,1954000
2001-02-09,21.590000,21.625000,21.245001,21.500000,12.296004,3121800
2001-02-12,21.565001,21.924999,21.565001,21.565001,12.333176,3180600
2001-02-13,21.575001,22.075001,21.575001,21.629999,12.370348,2898400
2001-02-14,21.629999,22.250000,21.410000,21.459999,12.273124,2694800
2001-02-15,21.705000,22.500000,21.705000,22.059999,12.616271,3487000
2001-02-16,22.059999,22.340000,21.750000,21.834999,12.487589,3326200
2001-02-20,21.700001,21.700001,20.900000,20.900000,11.952858,4236800
2001-02-21,20.900000,21.139999,20.450001,20.480000,11.712658,3115000
2001-02-22,20.480000,20.725000,20.100000,20.344999,11.635443,3247400
2001-02-23,20.344999,20.385000,19.875000,20.045000,11.463874,3277600
2001-02-26,20.280001,20.940001,20.280001,20.815001,11.904241,2167600
2001-02-27,20.815001,21.325001,20.775000,21.245001,12.150164,3713600
2001-02-28,21.245001,21.590000,20.775000,20.799999,11.895667,3025200
2001-03-01,20.799999,21.375000,20.760000,21.000000,12.010049,3337000
2001-03-02,21.070000,21.730000,21.070000,21.340000,12.204499,2591600
2001-03-05,21.650000,22.350000,21.650000,22.165001,12.676321,3643000
2001-03-06,22.165001,22.600000,22.070000,22.254999,12.727792,3706000
2001-03-07,22.549999,23.405001,22.549999,23.400000,13.382627,6538000
2001-03-08,23.475000,24.000000,23.475000,23.895000,13.665718,7539400
2001-03-09,23.885000,23.885000,23.150000,23.420000,13.394068,5092800
2001-03-12,23.400000,23.400000,22.389999,22.480000,12.856472,4708200
2001-03-13,22.480000,23.115000,22.434999,23.025000,13.168158,4328600
2001-03-14,22.745001,22.745001,22.275000,22.395000,12.807853,4435600
2001-03-15,22.395000,22.600000,22.200001,22.500000,12.867906,2643600
2001-03-16,22.500000,22.775000,22.125000,22.299999,12.753527,5420800
2001-03-19,22.299999,22.650000,22.004999,22.570000,12.907941,2889400
2001-03-20,22.570000,22.785000,21.875000,21.934999,12.544776,4723800
2001-03-21,21.625000,21.625000,20.775000,21.090000,12.061522,5537800
2001-03-22,20.985001,20.985001,20.075001,20.684999,11.829891,4427400
2001-03-23,20.684999,20.990000,20.270000,20.885000,11.944279,4683200
2001-03-26,21.115000,21.875000,21.115000,21.469999,12.278845,4582600
2001-03-27,21.469999,22.400000,21.235001,22.400000,12.810723,4729400
2001-03-28,22.400000,22.754999,21.785000,22.750000,13.010889,4884800
2001-03-29,22.375000,22.375000,21.629999,22.309999,12.759237,6493200
2001-03-30,22.309999,22.465000,21.885000,22.190001,12.690619,3046800
2001-04-02,22.190001,22.850000,21.900000,22.219999,12.707773,4333600
2001-04-03,21.975000,21.975000,20.750000,21.080000,12.055801,6232800
2001-04-04,21.080000,21.965000,20.950001,21.775000,12.453273,3690000
2001-04-05,21.775000,23.000000,21.775000,22.889999,13.090956,4707800
2001-04-06,22.545000,22.545000,21.940001,22.275000,12.739232,4044600
2001-04-09,22.285000,22.844999,22.285000,22.490000,12.862187,4280200
2001-04-10,22.500000,23.500000,22.500000,22.850000,13.068077,5092000
2001-04-11,22.850000,23.049999,22.459999,22.570000,12.907941,3430400
2001-04-12,22.570000,23.504999,22.475000,23.504999,13.442681,3300200
2001-04-16,23.504999,23.620001,22.809999,23.375000,13.368333,3760800
2001-04-17,23.254999,23.254999,22.715000,22.875000,13.082375,5792800
2001-04-18,22.875000,24.500000,22.825001,24.225000,13.854450,7891400
2001-04-19,24.000000,24.000000,23.480000,23.840000,13.730614,3230600
2001-04-20,23.840000,24.110001,23.430000,23.940001,13.788211,3095800
2001-04-23,23.940001,24.200001,23.875000,24.125000,13.894763,3266800
2001-04-24,24.125000,24.580000,24.100000,24.150000,13.909158,5042400
2001-04-25,24.150000,25.014999,23.775000,25.000000,14.398720,5245800
2001-04-26,25.000000,25.200001,24.559999,24.674999,14.211532,5166800
2001-04-27,24.709999,25.415001,24.709999,25.155001,14.487989,4117400
2001-04-30,25.155001,25.745001,25.100000,25.100000,14.456314,5055000
2001-05-01,25.100000,25.500000,24.780001,25.389999,14.623337,4617200
2001-05-02,25.389999,25.504999,24.700001,25.150000,14.485111,4183200
2001-05-03,25.125000,25.125000,24.469999,25.020000,14.410239,2766400
2001-05-04,25.020000,25.299999,24.525000,25.275000,14.557104,4072200
2001-05-07,25.275000,26.059999,25.049999,25.754999,14.833566,5946200
2001-05-08,25.825001,26.125000,25.825001,25.924999,14.931472,4680800
2001-05-09,25.924999,26.350000,25.815001,26.000000,14.974665,3524200
2001-05-10,26.080000,27.004999,26.080000,26.715000,15.386476,5403800
2001-05-11,26.715000,26.950001,26.485001,26.600000,15.320236,5804600
2001-05-14,26.600000,26.605000,26.200001,26.410000,15.210800,3302800
2001-05-15,26.410000,26.799999,25.900000,26.570000,15.302964,6048200
2001-05-16,26.570000,28.250000,26.355000,27.955000,16.100651,7436400
2001-05-17,27.955000,28.025000,27.625000,27.625000,15.910584,7476400
2001-05-18,27.625000,27.750000,27.150000,27.625000,15.910584,3682600
2001-05-21,27.625000,27.850000,27.100000,27.850000,16.040176,4775200
2001-05-22,27.850000,28.250000,27.725000,28.100000,16.184168,4368400
2001-05-23,28.100000,28.415001,27.450001,27.500000,15.838599,6325200
2001-05-24,27.500000,27.625000,27.000000,27.200001,15.665808,6181000
2001-05-25,27.200001,27.325001,26.920000,27.000000,15.550623,3140600
2001-05-29,27.000000,27.645000,26.760000,27.570000,15.878911,3883800
2001-05-30,27.500000,27.500000,26.629999,26.700001,15.377836,4958800
2001-05-31,26.770000,27.350000,26.770000,27.080000,15.596696,2933600
2001-06-01,27.080000,27.545000,26.895000,27.424999,15.795390,3008000
2001-06-04,27.424999,28.020000,27.190001,27.889999,16.063200,2770600
2001-06-05,27.889999,27.975000,27.469999,27.945000,16.094887,3469800
2001-06-06,27.924999,27.924999,27.219999,27.325001,15.737802,2307400
2001-06-07,27.325001,27.565001,26.965000,27.490000,15.832832,3108000
2001-06-08,27.490000,27.490000,26.780001,27.165001,15.645652,2791800
2001-06-11,27.049999,27.049999,26.400000,26.680000,15.366317,3129600
2001-06-12,26.680000,27.030001,26.500000,26.910000,15.498784,3202800
2001-06-13,26.910000,27.240000,26.875000,27.020000,15.562139,1698200
2001-06-14,27.020000,27.299999,26.775000,27.094999,15.605332,4250600
2001-06-15,27.094999,27.240000,26.975000,27.075001,15.593813,6508600
2001-06-18,27.075001,27.405001,27.025000,27.230000,15.683087,2958200
2001-06-19,27.230000,27.350000,26.844999,26.945000,15.518945,4550200
2001-06-20,27.000000,27.865000,27.000000,27.750000,15.982578,4243600
2001-06-21,27.750000,28.250000,27.660000,27.995001,16.123686,5216600
2001-06-22,27.945000,27.945000,27.145000,27.325001,15.737802,3723400
2001-06-25,27.320000,27.320000,26.299999,26.325001,15.161854,5444400
2001-06-26,26.325001,26.850000,25.855000,26.600000,15.320236,7310200
2001-06-27,26.600000,26.975000,26.000000,26.145000,15.058181,5119800
2001-06-28,26.145000,26.430000,25.200001,25.330000,14.588776,9970000
2001-06-29,24.875000,25.450001,24.750000,25.025000,14.413116,8198400
2001-07-02,25.025000,26.125000,25.025000,25.980000,14.963148,4130200
2001-07-03,25.980000,26.139999,25.799999,25.995001,14.971788,2145800
2001-07-05,25.995001,26.100000,25.775000,25.840000,14.882514,3213600
2001-07-06,25.840000,25.875000,24.799999,24.799999,14.283529,3758600
2001-07-09,25.000000,25.575001,25.000000,25.200001,14.513910,2726600
2001-07-10,25.200001,25.459999,24.385000,24.389999,14.047393,4267800
2001-07-11,24.424999,25.040001,24.424999,24.500000,14.110744,4122600
2001-07-12,24.950001,26.025000,24.950001,25.950001,14.945869,4698000
2001-07-13,25.950001,26.344999,25.950001,26.240000,15.112897,4343800
2001-07-16,26.225000,26.225000,25.075001,25.184999,14.505276,3250800
2001-07-17,25.700001,27.250000,25.700001,26.775000,15.421029,10336200
2001-07-18,26.775000,26.915001,25.920000,26.340000,15.270292,6169800
2001-07-19,26.445000,27.415001,26.445000,27.100000,15.710898,6136000
2001-07-20,27.100000,27.475000,26.875000,27.000000,15.652930,3240400
2001-07-23,27.000000,27.225000,26.530001,26.950001,15.623939,2934800
2001-07-24,26.950001,27.100000,26.340000,26.450001,15.334076,6603800
2001-07-25,26.450001,26.799999,26.155001,26.500000,15.363058,7029400
2001-07-26,26.500000,26.549999,25.950001,26.285000,15.238408,4773200
2001-07-27,26.285000,26.375000,26.100000,26.375000,15.290589,4358600
2001-07-30,26.650000,26.885000,26.540001,26.775000,15.522481,2818200
2001-07-31,27.000000,27.750000,26.875000,27.549999,15.971775,5094800
2001-08-01,27.424999,27.860001,26.750000,26.975000,15.638421,5074000
2001-08-02,27.125000,27.365000,26.750000,27.299999,15.826833,3682400
2001-08-03,27.225000,27.280001,26.620001,27.225000,15.783367,2265200
2001-08-06,27.000000,27.010000,26.145000,26.475000,15.348567,2360600
2001-08-07,26.375000,26.785000,26.225000,26.650000,15.450019,2774800
2001-08-08,26.350000,26.650000,26.254999,26.379999,15.293485,4668400
2001-08-09,26.100000,26.205000,25.690001,26.174999,15.174646,4725600
2001-08-10,26.150000,27.254999,25.850000,26.825001,15.551464,4256400
2001-08-13,26.650000,27.160000,26.639999,27.010000,15.658721,2607200
2001-08-14,26.875000,27.035000,26.639999,26.930000,15.612342,3528400
2001-08-15,26.940001,27.684999,26.940001,27.615000,16.009460,4810400
2001-08-16,27.600000,27.600000,27.035000,27.075001,15.696401,4940400
2001-08-17,27.125000,27.235001,26.530001,26.875000,15.580457,3456600
2001-08-20,26.799999,26.799999,26.125000,26.375000,15.290589,4281000
2001-08-21,26.500000,26.545000,26.129999,26.205000,15.192035,5605600
2001-08-22,26.299999,26.650000,26.125000,26.650000,15.450019,5213800
2001-08-23,26.299999,26.299999,25.430000,25.900000,15.015217,5342400
2001-08-24,25.900000,26.139999,25.500000,26.120001,15.142751,4917000
2001-08-27,26.150000,26.340000,26.100000,26.230000,15.206532,2026600
2001-08-28,26.225000,26.230000,25.785000,26.070000,15.113765,2104800
2001-08-29,26.000000,26.000000,25.430000,25.584999,14.832599,3142200
2001-08-30,25.400000,25.700001,24.750000,25.000000,14.493444,3885600
2001-08-31,24.950001,25.590000,24.775000,25.000000,14.493444,3360200
2001-09-04,25.004999,25.725000,24.700001,25.190001,14.603595,5479800
2001-09-05,25.400000,25.400000,24.895000,25.150000,14.580407,3536600
2001-09-06,25.275000,25.875000,25.270000,25.565001,14.821006,6206800
2001-09-07,25.570000,25.570000,24.375000,24.430000,14.162999,5106400
2001-09-10,24.000000,24.174999,23.525000,24.049999,13.942698,5512000
2001-09-17,23.500000,24.225000,21.924999,22.344999,12.954246,8090600
2001-09-18,22.750000,23.725000,22.450001,22.855000,13.249912,5560200
2001-09-19,22.924999,23.174999,21.650000,22.200001,12.870174,4928400
2001-09-20,22.250000,22.485001,20.725000,20.850000,12.087539,5984200
2001-09-21,20.850000,22.049999,20.155001,22.025000,12.768728,9900000
2001-09-24,22.525000,23.705000,22.525000,23.059999,13.368759,5672400
2001-09-25,23.059999,23.389999,22.545000,23.190001,13.444124,4536800
2001-09-26,22.900000,22.900000,21.834999,22.035000,12.774526,6343400
2001-09-27,22.049999,22.250000,21.315001,21.900000,12.696262,4878400
2001-09-28,21.900000,22.745001,21.650000,22.400000,12.986130,4313000
2001-10-01,22.424999,22.424999,21.674999,21.990000,12.748440,4220200
2001-10-02,22.115000,22.860001,22.035000,22.700001,13.160052,3610600
2001-10-03,22.575001,23.900000,22.350000,23.709999,13.745588,4648200
2001-10-04,23.750000,24.184999,23.680000,23.715000,13.748488,4269400
2001-10-05,23.910000,24.125000,23.500000,24.125000,13.986176,3797400
2001-10-08,23.850000,23.850000,23.135000,23.320000,13.519491,4105400
2001-10-09,23.055000,23.520000,23.000000,23.450001,13.594861,2772600
2001-10-10,22.900000,23.750000,22.750000,23.655001,13.713703,6813000
2001-10-11,23.780001,24.950001,23.735001,24.650000,14.290540,4795400
2001-10-12,24.299999,24.490000,23.850000,24.275000,14.073141,5467200
2001-10-15,24.025000,24.174999,23.850000,24.100000,13.971691,2232000
2001-10-16,23.500000,24.100000,23.299999,24.014999,13.922403,6628600
2001-10-17,24.049999,24.200001,23.415001,23.459999,13.600649,5843200
2001-10-18,23.290001,23.475000,22.934999,23.195000,13.548083,3185600
2001-10-19,23.400000,23.400000,22.650000,22.879999,13.364091,3867600
2001-10-22,22.830000,23.350000,22.700001,23.285000,13.600651,5437600
2001-10-23,23.500000,23.530001,22.980000,23.090000,13.486755,2885000
2001-10-24,23.075001,23.225000,22.600000,22.725000,13.273560,3301000
2001-10-25,22.525000,23.365000,22.155001,23.184999,13.542250,3676600
2001-10-26,23.225000,23.805000,23.209999,23.650000,13.813846,2532400
2001-10-29,23.549999,23.750000,22.850000,22.850000,13.346572,2402000
2001-10-30,22.850000,22.850000,22.299999,22.455000,13.115849,3526200
2001-10-31,22.725000,22.825001,22.340000,22.360001,13.060365,3441600
2001-11-01,22.600000,22.674999,21.850000,22.600000,13.200544,4934600
2001-11-02,22.549999,22.900000,22.325001,22.855000,13.349493,3090600
2001-11-05,22.975000,23.235001,22.900000,23.049999,13.463387,3519400
2001-11-06,23.125000,23.900000,22.870001,23.895000,13.956952,4498600
2001-11-07,23.799999,24.424999,23.600000,24.150000,14.105895,4813400
2001-11-08,24.200001,24.905001,24.150000,24.195000,14.132174,4637600
2001-11-09,24.290001,24.475000,23.805000,24.125000,14.091296,2983200
2001-11-12,24.025000,24.379999,23.500000,23.889999,13.954028,2079800
2001-11-13,24.375000,24.695000,24.200001,24.480000,14.298645,3655000
2001-11-14,24.975000,24.985001,24.150000,24.190001,14.129260,4704000
2001-11-15,24.150000,24.150000,23.709999,23.985001,14.009515,4999800
2001-11-16,24.250000,24.625000,24.075001,24.549999,14.339530,5166600
2001-11-19,24.674999,25.075001,24.379999,25.004999,14.605292,4674200
2001-11-20,24.750000,24.870001,24.260000,24.600000,14.368738,4779200
2001-11-21,24.600000,24.674999,24.135000,24.209999,14.140937,3313200
2001-11-23,24.209999,24.320000,24.094999,24.320000,14.205194,2175000
2001-11-26,24.445000,24.625000,24.174999,24.625000,14.383339,2495200
2001-11-27,24.325001,24.625000,23.975000,24.350000,14.222710,3714000
2001-11-28,24.350000,24.350000,24.000000,24.094999,14.073765,2016200
2001-11-29,24.094999,24.200001,23.775000,24.100000,14.076695,3087000
2001-11-30,23.875000,24.094999,23.665001,23.709999,13.848893,3615200
2001-12-03,23.709999,23.750000,23.350000,23.705000,13.845975,3487000
2001-12-04,23.825001,24.245001,23.610001,24.230000,14.152622,2364400
2001-12-05,24.500000,25.500000,24.424999,25.275000,14.762997,4670600
2001-12-06,25.475000,25.844999,25.235001,25.254999,14.751314,4728800
2001-12-07,25.100000,25.825001,25.055000,25.575001,14.938230,4309200
2001-12-10,25.575001,25.575001,24.950001,25.004999,14.605292,4095000
2001-12-11,25.004999,25.549999,25.000000,25.250000,14.748398,2909200
2001-12-12,25.250000,25.525000,25.105000,25.500000,14.894426,3784600
2001-12-13,25.325001,25.575001,25.049999,25.105000,14.663705,2454000
2001-12-14,25.014999,25.120001,24.350000,25.035000,14.622820,4585600
2001-12-17,24.850000,25.280001,24.850000,24.950001,14.573171,2463000
2001-12-18,25.250000,25.885000,25.230000,25.680000,14.999558,2632000
2001-12-19,25.680000,26.075001,25.510000,26.025000,15.201067,3861600
2001-12-20,25.900000,25.905001,25.270000,25.299999,14.777598,2752600
2001-12-21,25.625000,25.834999,25.600000,25.725000,15.025847,3410000
2001-12-24,25.725000,26.125000,25.725000,26.000000,15.186467,858800
2001-12-26,25.924999,26.400000,25.879999,26.225000,15.317889,1760400
2001-12-27,26.230000,26.475000,26.120001,26.379999,15.408421,1336400
2001-12-28,26.450001,26.620001,26.165001,26.594999,15.534008,2038400
2001-12-31,26.424999,26.549999,26.100000,26.125000,15.259483,2041000
2002-01-02,26.174999,26.299999,25.500000,25.825001,15.084257,4030200
2002-01-03,25.830000,26.174999,25.730000,26.165001,15.282853,3149000
2002-01-04,26.200001,27.020000,26.200001,26.930000,15.729684,5030600
2002-01-07,26.875000,27.045000,26.525000,26.575001,15.522328,2739800
2002-01-08,26.184999,26.190001,25.495001,25.674999,14.996644,6399000
2002-01-09,25.924999,26.415001,25.725000,25.780001,15.057974,3375800
2002-01-10,25.700001,25.900000,25.389999,25.570000,14.935308,2487000
2002-01-11,25.674999,25.950001,25.410000,25.410000,14.841846,2428000
2002-01-14,25.379999,25.625000,25.209999,25.245001,14.745483,2803600
2002-01-15,25.250000,25.450001,24.850000,24.875000,14.529359,3242400
2002-01-16,24.875000,24.875000,24.010000,24.010000,14.024122,4496600
2002-01-17,24.049999,24.825001,24.049999,24.655001,14.506603,3986600
2002-01-18,24.655001,24.785000,24.475000,24.490000,14.409514,3320800
2002-01-22,24.504999,24.674999,24.090000,24.090000,14.174158,3211600
2002-01-23,23.850000,24.424999,23.375000,24.379999,14.344792,5761000
2002-01-24,24.375000,24.930000,24.299999,24.549999,14.444812,2495400
2002-01-25,24.650000,25.139999,24.450001,25.049999,14.739009,2583600
2002-01-28,25.075001,25.684999,25.049999,25.415001,14.953768,3452200
2002-01-29,25.420000,25.495001,24.850000,24.850000,14.621332,3274600
2002-01-30,24.725000,25.110001,24.000000,25.100000,14.768424,5645200
2002-01-31,25.049999,25.215000,24.555000,25.139999,14.791964,3247000
2002-02-01,25.250000,25.325001,24.860001,25.260000,14.862573,2875400
2002-02-04,25.150000,25.565001,24.514999,24.514999,14.424218,2927000
2002-02-05,24.510000,24.950001,24.330000,24.389999,14.350678,3406400
2002-02-06,24.389999,24.565001,23.850000,24.309999,14.303599,5246800
2002-02-07,24.250000,24.325001,23.715000,23.715000,13.953513,2981600
2002-02-08,23.799999,24.250000,23.660000,24.250000,14.268293,2533600
2002-02-11,24.125000,24.975000,24.094999,24.889999,14.644867,3458800
2002-02-12,24.799999,25.299999,24.549999,25.120001,14.780197,4191200
2002-02-13,25.120001,25.570000,25.055000,25.385000,14.936112,4430200
2002-02-14,25.424999,25.725000,25.240000,25.264999,14.865504,2681400
2002-02-15,25.375000,25.389999,24.900000,24.965000,14.688992,3135600
2002-02-19,24.900000,25.100000,24.500000,24.950001,14.680164,3483600
2002-02-20,25.100000,25.735001,24.965000,25.549999,15.033202,5018600
2002-02-21,25.625000,26.290001,25.535000,25.940001,15.262666,4004800
2002-02-22,25.650000,26.445000,25.650000,26.340000,15.498027,4282000
2002-02-25,26.750000,28.100000,26.750000,28.030001,16.492388,10458000
2002-02-26,28.049999,28.400000,27.525000,27.980000,16.462965,6491800
2002-02-27,28.025000,28.209999,27.674999,27.950001,16.445322,3990000
2002-02-28,27.950001,28.150000,27.660000,27.754999,16.330589,4525000
2002-03-01,27.700001,28.450001,27.375000,28.165001,16.571821,5744400
2002-03-04,28.200001,29.600000,28.190001,29.540001,17.380844,6646000
2002-03-05,29.475000,29.650000,28.549999,29.000000,17.063126,7229600
2002-03-06,28.900000,29.615000,28.855000,29.510000,17.363201,5500200
2002-03-07,29.850000,29.900000,29.184999,29.260000,17.216097,4782000
2002-03-08,29.575001,29.969999,29.500000,29.665001,17.454393,5518000
2002-03-11,29.540001,29.750000,29.375000,29.549999,17.386730,3407400
2002-03-12,29.200001,29.650000,29.200001,29.455000,17.330837,4690400
2002-03-13,29.350000,29.445000,28.745001,28.745001,16.913086,4973000
2002-03-14,28.840000,29.799999,28.834999,29.330000,17.257292,5973000
2002-03-15,29.440001,29.995001,29.400000,29.895000,17.589727,7082600
2002-03-18,29.895000,29.895000,29.400000,29.559999,17.392614,4261200
2002-03-19,29.790001,29.969999,29.500000,29.650000,17.445570,4446200
2002-03-20,29.625000,29.875000,29.004999,29.014999,17.071951,4366000
2002-03-21,28.775000,28.924999,28.299999,28.549999,16.798342,4292000
2002-03-22,28.549999,29.000000,28.180000,28.565001,16.807175,3561000
2002-03-25,28.825001,28.924999,27.950001,27.969999,16.457085,4208000
2002-03-26,27.924999,28.700001,27.825001,28.125000,16.548279,4717000
2002-03-27,28.200001,29.000000,28.150000,28.745001,16.913086,4481000
2002-03-28,28.889999,28.915001,28.424999,28.424999,16.724800,3043000
2002-04-01,28.500000,28.615000,28.004999,28.459999,16.745396,2571800
2002-04-02,28.459999,28.480000,28.100000,28.200001,16.592417,3016600
2002-04-03,28.075001,28.080000,27.200001,27.459999,16.157015,4972000
2002-04-04,27.459999,28.275000,27.450001,27.705000,16.301168,5235800
2002-04-05,27.900000,28.875000,27.900000,28.680000,16.874844,4895400
2002-04-08,28.674999,28.965000,28.215000,28.875000,16.989571,3595200
2002-04-09,28.965000,29.420000,28.799999,28.940001,17.027822,3133400
2002-04-10,29.174999,29.809999,29.055000,29.745001,17.501469,4472000
2002-04-11,29.525000,29.795000,29.115000,29.215000,17.189619,3746400
2002-04-12,29.549999,29.600000,28.924999,28.985001,17.054293,3429400
2002-04-15,29.049999,29.150000,28.525000,28.995001,17.060181,3042600
2002-04-16,28.995001,28.995001,28.215000,28.325001,16.665966,8827000
2002-04-17,28.250000,28.430000,27.625000,27.900000,16.415899,6017200
2002-04-18,27.725000,27.730000,27.250000,27.459999,16.258995,4835600
2002-04-19,27.700001,27.725000,27.385000,27.520000,16.294519,2650600
2002-04-22,27.520000,27.545000,26.799999,26.915001,15.936302,3961600
2002-04-23,26.950001,27.000000,26.530001,26.549999,15.720185,4493600
2002-04-24,26.600000,27.410000,26.500000,26.500000,15.690581,2973400
2002-04-25,26.500000,26.840000,26.110001,26.799999,15.868214,4477200
2002-04-26,27.075001,27.250000,26.575001,27.075001,16.031036,4913800
2002-04-29,27.080000,27.155001,26.445000,26.445000,15.658012,3202400
2002-04-30,26.600000,27.575001,26.450001,27.309999,16.170177,4513600
2002-05-01,27.309999,27.400000,26.535000,27.065001,16.025122,4887800
2002-05-02,27.200001,27.570000,26.980000,27.325001,16.179058,3114800
2002-05-03,27.320000,27.424999,26.650000,27.000000,15.986623,3797400
2002-05-06,26.745001,26.825001,26.100000,26.200001,15.512955,4039800
2002-05-07,26.450001,26.475000,26.059999,26.305000,15.575124,3821000
2002-05-08,26.924999,27.600000,26.875000,27.510000,16.288601,4473600
2002-05-09,27.500000,27.504999,26.760000,26.930000,15.945178,3082000
2002-05-10,26.930000,26.930000,26.355000,26.405001,15.634333,3722000
2002-05-13,26.400000,26.620001,26.045000,26.375000,15.616570,3825400
2002-05-14,27.075001,27.174999,26.629999,27.120001,16.057678,5012600
2002-05-15,27.245001,28.174999,27.174999,28.000000,16.578718,5891600
2002-05-16,27.950001,28.100000,27.375000,27.584999,16.333006,3536600
2002-05-17,27.645000,27.844999,27.250000,27.395000,16.220503,3274600
2002-05-20,27.395000,27.400000,26.809999,27.020000,15.998478,4206000
2002-05-21,27.150000,27.250000,26.670000,26.719999,15.820841,2663800
2002-05-22,26.725000,27.145000,26.514999,27.135000,16.066563,3077400
2002-05-23,27.125000,27.350000,26.809999,27.125000,16.060646,3868600
2002-05-24,27.110001,27.260000,26.965000,26.975000,15.971829,2402600
2002-05-28,27.100000,27.195000,26.555000,26.745001,15.835649,1914400
2002-05-29,26.740000,26.745001,26.084999,26.250000,15.542558,4295200
2002-05-30,25.975000,26.120001,25.625000,26.000000,15.394534,4096600
2002-05-31,26.000000,26.490000,25.940001,26.135000,15.474468,3257400
2002-06-03,26.260000,26.490000,25.775000,25.924999,15.350131,3852600
2002-06-04,25.875000,25.959999,24.790001,25.420000,15.051110,4567600
2002-06-05,25.299999,25.895000,25.275000,25.715000,15.225781,3471200
2002-06-06,25.750000,25.825001,24.924999,25.125000,14.876449,2373800
2002-06-07,25.125000,25.500000,24.924999,25.309999,14.985985,3197800
2002-06-10,25.400000,25.490000,24.990000,25.264999,14.959341,1805400
2002-06-11,25.549999,25.940001,24.775000,24.775000,14.669212,3502200
2002-06-12,24.510000,24.575001,24.025000,24.575001,14.550795,5566800
2002-06-13,24.450001,24.799999,24.440001,24.625000,14.580398,3302000
2002-06-14,24.100000,24.475000,23.825001,24.450001,14.476788,4745000
2002-06-17,24.200001,24.995001,24.000000,24.020000,14.222178,7378400
2002-06-18,24.250000,24.945000,24.225000,24.725000,14.639610,4493600
2002-06-19,24.400000,24.860001,24.000000,24.110001,14.275471,4015800
2002-06-20,24.000000,24.250000,23.875000,23.875000,14.136321,3008800
2002-06-21,23.650000,24.059999,23.650000,23.840000,14.115602,5601400
2002-06-24,23.590000,24.025000,22.950001,23.775000,14.077114,5069200
2002-06-25,24.025000,24.424999,23.825001,24.100000,14.269553,4491800
2002-06-26,23.424999,23.985001,23.424999,23.830000,14.109682,4223000
2002-06-27,23.924999,24.350000,23.565001,24.350000,14.417572,3374400
2002-06-28,24.275000,25.025000,24.250000,24.475000,14.491585,5297000
2002-07-01,24.600000,24.700001,23.950001,24.000000,14.210338,5174200
2002-07-02,24.075001,24.200001,23.275000,23.580000,13.961657,4130200
2002-07-03,23.500000,23.750000,22.424999,23.090000,13.671534,5858200
2002-07-05,23.150000,24.120001,23.150000,24.120001,14.281391,2349000
2002-07-08,24.100000,24.299999,23.700001,23.924999,14.165935,3334600
2002-07-09,23.875000,24.410000,23.565001,23.565001,13.952774,3163200
2002-07-10,23.809999,23.850000,22.674999,22.750000,13.470218,4294400
2002-07-11,22.600000,22.660000,21.834999,22.535000,13.342919,5269800
2002-07-12,22.545000,23.100000,22.200001,22.750000,13.470218,3908200
2002-07-15,22.750000,22.750000,21.475000,22.594999,13.378446,4771200
2002-07-16,20.125000,21.770000,20.125000,21.500000,12.730100,17151400
2002-07-17,21.625000,22.075001,21.400000,21.625000,12.804100,5660400
2002-07-18,21.400000,21.600000,21.080000,21.340000,12.738441,4562400
2002-07-19,21.344999,21.520000,20.700001,20.705000,12.359393,5382800
2002-07-22,20.600000,21.299999,20.000000,20.315001,12.126595,6402800
2002-07-23,20.315001,20.625000,19.950001,20.000000,11.938556,5347400
2002-07-24,19.875000,21.600000,19.525000,21.600000,12.893642,6252800
2002-07-25,21.350000,21.750000,20.639999,21.395000,12.771276,4592600
2002-07-26,21.549999,21.825001,21.395000,21.775000,12.998108,3050000
2002-07-29,22.200001,23.000000,22.000000,22.950001,13.699500,4221800
2002-07-30,22.825001,22.860001,22.000000,22.655001,13.523404,3988400
2002-07-31,22.750000,22.750000,21.895000,22.350000,13.341336,4328800
2002-08-01,22.200001,22.400000,21.424999,21.629999,12.911551,6466000
2002-08-02,21.650000,21.750000,20.424999,20.799999,12.416102,5427400
2002-08-05,20.674999,20.905001,20.150000,20.200001,12.057944,4414000
2002-08-06,20.549999,21.725000,20.549999,21.195000,12.651890,4102000
2002-08-07,21.575001,21.700001,20.684999,21.424999,12.789182,3193400
2002-08-08,21.650000,22.475000,21.500000,22.275000,13.296577,3584800
2002-08-09,22.150000,22.490000,21.825001,22.285000,13.302540,3895800
2002-08-12,22.049999,22.200001,21.525000,22.110001,13.198074,2619400
2002-08-13,22.450001,22.730000,22.035000,22.100000,13.192114,5746600
2002-08-14,21.875000,22.230000,21.504999,22.160000,13.227925,6987200
2002-08-15,22.250000,22.475000,21.900000,22.080000,13.180176,4799200
2002-08-16,21.955000,21.975000,21.635000,21.730000,12.971241,4787800
2002-08-19,21.775000,22.389999,21.705000,22.344999,13.338355,4226200
2002-08-20,22.174999,22.260000,21.900000,22.125000,13.207029,3386600
2002-08-21,22.325001,22.375000,21.900000,22.230000,13.269708,3364600
2002-08-22,22.200001,22.799999,22.055000,22.674999,13.535342,3423800
2002-08-23,22.674999,22.674999,22.330000,22.424999,13.386114,2836000
2002-08-26,22.424999,22.750000,22.155001,22.565001,13.469682,2849800
2002-08-27,22.975000,23.100000,22.350000,22.424999,13.386114,3569600
2002-08-28,22.400000,22.450001,21.900000,22.115000,13.201069,2045800
2002-08-29,21.750000,21.865000,21.350000,21.660000,12.929461,3390000
2002-08-30,21.625000,22.200001,21.525000,21.820000,13.024968,2342600
2002-09-03,21.799999,21.805000,21.200001,21.315001,12.723522,4852600
2002-09-04,21.315001,21.415001,20.940001,21.325001,12.729492,3712400
2002-09-05,21.000000,21.389999,20.700001,21.280001,12.702629,3609000
2002-09-06,21.475000,21.600000,21.025000,21.600000,12.893642,4588200
2002-09-09,21.500000,21.645000,21.190001,21.559999,12.869771,3862200
2002-09-10,21.625000,21.650000,21.250000,21.434999,12.795151,3089400
2002-09-11,21.850000,21.969999,21.389999,21.475000,12.819032,2173200
2002-09-12,21.375000,21.645000,21.094999,21.195000,12.651890,3265000
2002-09-13,20.825001,20.830000,20.125000,20.320000,12.129576,8147200
2002-09-16,20.325001,20.365000,19.885000,20.340000,12.141509,3909000
2002-09-17,20.799999,20.799999,19.645000,19.725000,11.774404,4459000
2002-09-18,19.450001,19.674999,18.795000,19.504999,11.643083,5355000
2002-09-19,19.125000,19.549999,18.889999,19.000000,11.341632,5835600
2002-09-20,18.895000,19.075001,18.700001,18.934999,11.302828,6718800
2002-09-23,18.575001,19.014999,18.549999,18.830000,11.240155,3810000
2002-09-24,18.575001,18.799999,18.209999,18.430000,11.001381,5629800
2002-09-25,18.725000,19.049999,18.434999,19.000000,11.341632,4270600
2002-09-26,19.100000,19.565001,19.035000,19.465000,11.619199,5833200
2002-09-27,19.450001,19.450001,18.750000,18.750000,11.192396,4143400
2002-09-30,18.325001,18.895000,18.165001,18.610001,11.108831,5104600
2002-10-01,18.674999,19.365000,18.405001,19.334999,11.541604,5636200
2002-10-02,19.125000,19.325001,18.850000,18.889999,11.275972,3301000
2002-10-03,18.875000,19.379999,18.655001,18.745001,11.189419,2847200
2002-10-04,18.834999,18.915001,17.565001,18.004999,10.747687,4218000
2002-10-07,18.100000,18.325001,17.820000,17.945000,10.711873,4035600
2002-10-08,18.075001,18.450001,17.334999,18.160000,10.840213,5611000
2002-10-09,17.665001,18.030001,16.875000,16.930000,10.105989,7742800
2002-10-10,17.025000,17.650000,16.930000,17.535000,10.467129,7250200
2002-10-11,17.750000,18.590000,17.700001,18.290001,10.917813,4586800
2002-10-14,18.150000,18.180000,17.850000,17.855000,10.658154,3427600
2002-10-15,18.500000,18.990000,18.495001,18.990000,11.335664,6627600
2002-10-16,19.625000,19.855000,19.100000,19.379999,11.568469,9656000
2002-10-17,19.975000,20.245001,19.375000,20.180000,12.155779,7111000
2002-10-18,20.049999,20.530001,19.950001,20.495001,12.345522,4546600
2002-10-21,20.500000,21.565001,20.305000,21.455000,12.923792,5416400
2002-10-22,21.000000,21.004999,20.530001,20.889999,12.583457,4809000
2002-10-23,20.895000,21.424999,20.730000,21.400000,12.890658,4390000
2002-10-24,21.725000,21.750000,20.500000,20.555000,12.381662,5548600
2002-10-25,20.559999,20.745001,20.325001,20.725000,12.484059,4473600
2002-10-28,20.875000,21.025000,20.110001,20.235001,12.188907,3373000
2002-10-29,20.250000,20.424999,19.684999,20.230000,12.185890,3481600
2002-10-30,20.299999,20.770000,20.045000,20.485001,12.339494,3155600
2002-10-31,20.600000,20.735001,20.150000,20.424999,12.303353,2723600
2002-11-01,20.400000,21.174999,20.250000,21.055000,12.682846,2957400
2002-11-04,21.059999,21.740000,21.059999,21.430000,12.908732,3895200
2002-11-05,21.434999,21.650000,21.209999,21.540001,12.974989,2562200
2002-11-06,21.799999,21.805000,21.190001,21.785000,13.122567,3575200
2002-11-07,21.799999,21.895000,21.129999,21.270000,12.812352,3399000
2002-11-08,21.325001,21.750000,21.299999,21.580000,12.999088,3155600
2002-11-11,21.500000,21.504999,20.625000,20.725000,12.484059,2877800
2002-11-12,20.799999,21.575001,20.750000,21.295000,12.827411,3066800
2002-11-13,21.275000,21.809999,21.040001,21.525000,12.965956,3050000
2002-11-14,21.530001,22.250000,21.530001,22.135000,13.333399,3713200
2002-11-15,22.150000,22.549999,21.940001,22.540001,13.577357,4239600
2002-11-18,22.650000,22.775000,22.299999,22.309999,13.438814,4318000
2002-11-19,22.309999,22.620001,21.959999,22.475000,13.538203,3190600
2002-11-20,22.480000,23.264999,22.209999,23.264999,14.014076,4389200
2002-11-21,23.389999,24.115000,23.155001,24.010000,14.462838,3991600
2002-11-22,24.004999,24.495001,23.900000,24.275000,14.622470,4485200
2002-11-25,24.350000,24.549999,24.094999,24.340000,14.661621,3295000
2002-11-26,24.225000,24.230000,23.405001,23.545000,14.182740,4344400
2002-11-27,23.625000,24.639999,23.584999,24.629999,14.836301,3631800
2002-11-29,24.900000,25.150000,24.865000,24.950001,15.029063,2648400
2002-12-02,24.955000,25.420000,24.320000,24.610001,14.824259,5687200
2002-12-03,24.485001,24.500000,23.500000,23.650000,14.245983,5303800
2002-12-04,23.400000,23.520000,23.254999,23.365000,14.074314,4877400
2002-12-05,23.500000,23.504999,23.094999,23.165001,13.953836,4394000
2002-12-06,22.775000,23.299999,22.725000,23.084999,13.905644,3872200
2002-12-09,23.084999,23.084999,22.500000,22.500000,13.553259,2890200
2002-12-10,22.504999,22.975000,22.195000,22.775000,13.718913,4110800
2002-12-11,22.775000,22.905001,22.379999,22.855000,13.767108,2963000
2002-12-12,22.855000,23.000000,22.500000,22.559999,13.589404,2265000
2002-12-13,22.559999,22.799999,22.299999,22.299999,13.432794,2796000
2002-12-16,22.424999,23.150000,22.424999,23.139999,13.938779,2394000
2002-12-17,23.139999,23.385000,22.865000,22.915001,13.803250,1974600
2002-12-18,22.915001,23.000000,22.525000,22.799999,13.733975,2331800
2002-12-19,22.674999,23.035000,22.350000,22.615000,13.622537,2371000
2002-12-20,22.850000,23.250000,22.764999,23.250000,14.005040,4468800
2002-12-23,23.240000,23.299999,23.000000,23.174999,13.959862,1779200
2002-12-24,23.174999,23.245001,23.004999,23.200001,13.974920,1075200
2002-12-26,23.225000,23.490000,23.059999,23.150000,13.944809,2205600
2002-12-27,23.100000,23.125000,22.530001,22.530001,13.571331,2873600
2002-12-30,22.655001,22.870001,22.340000,22.735001,13.694818,1705200
2002-12-31,22.750000,22.900000,22.355000,22.860001,13.770122,1910600
2003-01-02,22.975000,23.875000,22.885000,23.875000,14.381525,4539400
2003-01-03,23.825001,23.850000,23.500000,23.715000,14.285150,3399800
2003-01-06,23.775000,24.209999,23.775000,24.200001,14.577291,2354400
2003-01-07,24.200001,24.200001,23.650000,23.924999,14.411643,3126000
2003-01-08,23.930000,23.930000,23.125000,23.200001,13.974920,3246600
2003-01-09,23.299999,23.719999,23.160000,23.670000,14.258033,2916600
2003-01-10,23.469999,23.955000,23.375000,23.709999,14.282135,2834800
2003-01-13,23.924999,23.969999,23.575001,23.850000,14.366454,2716200
2003-01-14,23.725000,23.805000,23.285000,23.695000,14.273094,4640600
2003-01-15,23.799999,23.934999,23.430000,23.590000,14.209849,3860800
2003-01-16,23.475000,23.895000,23.475000,23.629999,14.340322,3278000
2003-01-17,23.525000,23.735001,23.340000,23.525000,14.276600,2814200
2003-01-21,23.700001,23.700001,23.025000,23.035000,13.979233,3617000
2003-01-22,23.040001,23.040001,22.020000,22.225000,13.487669,5860800
2003-01-23,22.375000,22.775000,21.370001,22.740000,13.800212,8767800
2003-01-24,22.740000,22.740000,21.850000,21.959999,13.326855,3641600
2003-01-27,21.900000,22.094999,21.549999,21.625000,13.123545,3010000
2003-01-28,21.674999,22.000000,21.500000,21.915001,13.299536,2947000
2003-01-29,21.920000,22.240000,21.424999,22.025000,13.366297,3829400
2003-01-30,22.150000,22.190001,21.485001,21.525000,13.062866,2801400
2003-01-31,21.375000,22.250000,21.305000,21.990000,13.345058,3284800
2003-02-03,22.174999,22.290001,22.000000,22.125000,13.426990,2334000
2003-02-04,22.000000,22.129999,21.635000,21.870001,13.272237,2672400
2003-02-05,22.075001,22.365000,21.790001,21.830000,13.247955,2658000
2003-02-06,21.750000,21.995001,21.375000,21.485001,13.038589,2891000
2003-02-07,21.650000,21.825001,21.180000,21.315001,12.935414,2782600
2003-02-10,21.225000,21.375000,20.895000,21.290001,12.920247,3235200
2003-02-11,21.525000,21.680000,21.150000,21.290001,12.920247,2855600
2003-02-12,21.325001,21.525000,21.004999,21.020000,12.756388,2639200
2003-02-13,20.975000,21.094999,20.620001,21.059999,12.780677,3096000
2003-02-14,21.059999,21.639999,20.870001,21.625000,13.123545,3159600
2003-02-18,21.674999,22.395000,21.674999,22.275000,13.518016,4055600
2003-02-19,22.700001,22.975000,22.575001,22.975000,13.942827,7256000
2003-02-20,23.075001,23.174999,22.709999,23.150000,14.049025,5727200
2003-02-21,23.150000,23.299999,22.875000,23.270000,14.121851,4364000
2003-02-24,23.145000,23.145000,22.764999,22.905001,13.900349,5391800
2003-02-25,22.715000,23.000000,22.455000,22.910000,13.903371,4559400
2003-02-26,22.825001,23.000000,22.725000,22.875000,13.882143,3841000
2003-02-27,23.000000,23.415001,22.754999,23.360001,14.176465,5416200
2003-02-28,23.475000,23.775000,23.350000,23.500000,14.261430,4487200
2003-03-03,23.504999,23.674999,23.430000,23.540001,14.285701,4103600
2003-03-04,23.450001,23.450001,22.555000,22.610001,13.721317,5392200
2003-03-05,22.610001,22.969999,22.525000,22.815001,13.845724,3461200
2003-03-06,22.820000,22.820000,22.200001,22.299999,13.533181,3598600
2003-03-07,21.875000,23.125000,21.855000,22.900000,13.897307,5230400
2003-03-10,22.674999,22.700001,22.299999,22.395000,13.590844,2725800
2003-03-11,22.400000,22.615000,22.150000,22.250000,13.502851,3516600
2003-03-12,22.174999,22.315001,21.760000,22.110001,13.417879,3930600
2003-03-13,22.575001,23.465000,22.555000,23.465000,14.240189,5121200
2003-03-14,23.475000,23.975000,23.305000,23.510000,14.267502,5226600
2003-03-17,23.475000,25.120001,23.389999,25.115000,15.241520,7931400
2003-03-18,25.115000,25.340000,24.750000,24.900000,15.111046,7566800
2003-03-19,24.750000,25.000000,24.434999,24.895000,15.108016,5683200
2003-03-20,24.895000,25.500000,24.500000,25.309999,15.359864,5713000
2003-03-21,25.375000,26.650000,25.375000,26.275000,15.945493,8699400
2003-03-24,26.280001,26.280001,25.230000,25.365000,15.393243,5402200
2003-03-25,25.500000,25.600000,25.174999,25.500000,15.475169,5575000
2003-03-26,25.500000,25.525000,24.950001,25.100000,15.232416,5476600
2003-03-27,24.875000,25.500000,24.650000,25.360001,15.390205,3678400
2003-03-28,25.360001,25.360001,24.889999,25.120001,15.244558,3848800
2003-03-31,24.625000,24.924999,24.360001,24.600000,14.928980,4721000
2003-04-01,24.600000,25.000000,24.490000,24.825001,15.065524,4317400
2003-04-02,25.424999,25.920000,25.400000,25.855000,15.690601,5207800
2003-04-03,26.100000,26.100000,25.645000,25.900000,15.717919,3945800
2003-04-04,25.900000,26.100000,25.530001,25.735001,15.617775,3447400
2003-04-07,26.245001,26.754999,25.809999,25.850000,15.687572,4251400
2003-04-08,25.975000,26.125000,25.559999,26.049999,15.808949,3054600
2003-04-09,25.780001,26.280001,25.780001,25.855000,15.690601,5010600
2003-04-10,25.855000,26.415001,25.750000,26.415001,16.030455,4317600
2003-04-11,26.750000,27.125000,26.400000,26.490000,16.075975,3944200
2003-04-14,26.490000,26.825001,26.370001,26.820000,16.276234,3413000
2003-04-15,26.575001,26.715000,26.110001,26.350000,15.991007,5635200
2003-04-16,26.625000,26.809999,25.684999,25.705000,15.703870,5160600
2003-04-17,25.264999,26.070000,25.200001,25.990000,15.877986,5137400
2003-04-21,26.100000,26.205000,25.754999,25.920000,15.835223,3852800
2003-04-22,25.600000,26.559999,25.430000,26.480000,16.177343,4264200
2003-04-23,26.355000,26.500000,26.125000,26.430000,16.146793,4373200
2003-04-24,26.150000,26.545000,26.150000,26.375000,16.113192,2923000
2003-04-25,26.375000,26.485001,25.915001,25.965000,15.862720,3252200
2003-04-28,25.850000,26.500000,25.850000,26.389999,16.122358,2978800
2003-04-29,26.405001,26.530001,25.950001,26.195000,16.003229,3377200
2003-04-30,26.184999,26.475000,25.945000,26.299999,16.067373,3395800
2003-05-01,26.299999,26.325001,25.670000,25.924999,15.838275,3552200
2003-05-02,25.875000,26.280001,25.785000,26.174999,15.991005,4953600
2003-05-05,26.424999,26.665001,26.270000,26.340000,16.091808,4367800
2003-05-06,26.385000,26.950001,26.309999,26.950001,16.464479,4171600
2003-05-07,26.725000,26.875000,26.549999,26.665001,16.290365,3589000
2003-05-08,26.605000,26.605000,25.940001,25.985001,15.874931,5616400
2003-05-09,26.000000,26.850000,26.000000,26.575001,16.235378,3927200
2003-05-12,26.625000,27.215000,26.450001,27.125000,16.571392,3455600
2003-05-13,27.049999,27.049999,26.500000,26.584999,16.241499,3932800
2003-05-14,26.674999,26.740000,26.125000,26.395000,16.125410,4019000
2003-05-15,26.650000,26.719999,26.410000,26.700001,16.311743,3476000
2003-05-16,26.700001,26.875000,26.264999,26.485001,16.180395,3558000
2003-05-19,26.325001,26.350000,25.709999,25.750000,15.731363,3279200
2003-05-20,25.750000,25.844999,25.430000,25.625000,15.655005,3955600
2003-05-21,25.549999,25.549999,25.094999,25.215000,15.404519,5214000
2003-05-22,25.350000,25.740000,25.254999,25.610001,15.645831,3846200
2003-05-23,25.625000,25.635000,25.250000,25.500000,15.578630,2054200
2003-05-27,25.375000,26.325001,25.299999,26.254999,16.039879,3741000
2003-05-28,26.299999,26.525000,26.174999,26.254999,16.039879,4024400
2003-05-29,26.260000,26.660000,25.250000,25.250000,15.425901,6422400
2003-05-30,25.500000,26.105000,25.400000,26.075001,15.929922,5988000
2003-06-02,26.250000,26.475000,26.000000,26.090000,15.939071,3128400
2003-06-03,26.090000,26.764999,26.030001,26.475000,16.174286,3720000
2003-06-04,26.500000,27.075001,26.480000,26.959999,16.470581,3627200
2003-06-05,26.959999,27.245001,26.680000,27.184999,16.608042,3478800
2003-06-06,27.315001,28.000000,27.270000,27.305000,16.681355,5493600
2003-06-09,27.270000,27.379999,26.950001,27.110001,16.562231,3458000
2003-06-10,27.350000,27.385000,26.900000,27.309999,16.684408,2840200
2003-06-11,27.424999,28.340000,27.365000,28.330000,17.307556,4675600
2003-06-12,28.330000,28.525000,27.924999,28.065001,17.145655,3231600
2003-06-13,28.020000,28.125000,27.830000,28.025000,17.121225,2737600
2003-06-16,28.375000,28.959999,28.315001,28.945000,17.683273,4286400
2003-06-17,28.995001,29.125000,28.635000,28.879999,17.643559,3625200
2003-06-18,28.750000,28.995001,28.430000,28.510000,17.417519,3469000
2003-06-19,28.600000,28.725000,28.139999,28.250000,17.258677,3027200
2003-06-20,28.480000,28.740000,28.400000,28.625000,17.487782,5024400
2003-06-23,28.625000,28.690001,27.920000,28.330000,17.307556,3256000
2003-06-24,28.125000,28.750000,28.125000,28.225000,17.243410,2775200
2003-06-25,28.230000,28.285000,27.799999,28.075001,17.151764,3173000
2003-06-26,28.035000,28.434999,27.930000,28.379999,17.338104,2192600
2003-06-27,28.299999,28.410000,27.709999,27.915001,17.054020,3170400
2003-06-30,27.940001,28.219999,27.600000,27.830000,17.002096,2102400
2003-07-01,27.549999,27.754999,26.549999,27.370001,16.721067,8532800
2003-07-02,27.370001,28.014999,27.370001,27.870001,17.026524,5208000
2003-07-03,27.700001,28.174999,27.650000,27.785000,16.974602,2047400
2003-07-07,28.125000,28.650000,28.075001,28.205000,17.231184,3421200
2003-07-08,28.155001,28.465000,28.065001,28.355000,17.322826,2427400
2003-07-09,28.325001,28.434999,28.049999,28.215000,17.237299,2160400
2003-07-10,28.215000,28.275000,28.000000,28.110001,17.173141,3527400
2003-07-11,28.025000,28.815001,28.025000,28.690001,17.527487,3552200
2003-07-14,29.150000,29.365000,28.915001,28.940001,17.680220,5128600
2003-07-15,29.299999,29.299999,28.805000,29.035000,17.738256,4361400
2003-07-16,29.240000,29.320000,28.889999,29.320000,17.912371,4603200
2003-07-17,30.250000,31.870001,29.799999,31.770000,19.525679,20947800
2003-07-18,31.900000,32.930000,31.700001,32.805000,20.161793,15271400
2003-07-21,32.805000,32.950001,32.375000,32.660000,20.072668,13465000
2003-07-22,31.780001,32.625000,31.780001,32.099998,19.728502,13112600
2003-07-23,32.115002,32.505001,31.895000,32.424999,19.928244,9669600
2003-07-24,32.474998,32.500000,31.900000,31.910000,19.611723,6022200
2003-07-25,32.000000,32.650002,31.400000,32.650002,20.066526,6885400
2003-07-28,32.740002,32.845001,32.509998,32.549999,20.005068,5279600
2003-07-29,32.549999,32.810001,32.389999,32.674999,20.081892,5407000
2003-07-30,32.680000,33.349998,32.619999,33.224998,20.419918,6066800
2003-07-31,33.674999,34.145000,33.580002,33.735001,20.733362,7192800
2003-08-01,33.785000,33.889999,33.285000,33.610001,20.656538,5166200
2003-08-04,33.474998,33.720001,33.314999,33.549999,20.619669,4242800
2003-08-05,33.654999,33.770000,33.340000,33.345001,20.493671,6152600
2003-08-06,33.345001,33.480000,32.974998,33.055000,20.315443,6627200
2003-08-07,33.000000,33.724998,32.799999,33.580002,20.638098,6084400
2003-08-08,33.700001,34.395000,33.595001,34.105000,20.960764,6177400
2003-08-11,34.200001,34.505001,33.935001,34.340000,21.105200,4435400
2003-08-12,34.340000,35.150002,34.080002,35.150002,21.603010,5474400
2003-08-13,35.150002,35.250000,34.910000,35.200001,21.633749,6153800
2003-08-14,35.200001,35.584999,34.924999,35.325001,21.710562,7142600
2003-08-15,35.549999,35.974998,35.224998,35.480000,21.805830,3300800
2003-08-18,35.730000,36.570000,35.669998,36.520000,22.445011,6569200
2003-08-19,36.525002,36.575001,35.865002,36.450001,22.401993,6419400
2003-08-20,36.055000,36.209999,35.904999,36.130001,22.205320,4044400
2003-08-21,36.200001,36.974998,36.049999,36.705002,22.558716,6196200
2003-08-22,36.845001,36.985001,35.845001,35.845001,22.030157,4680600
2003-08-25,35.500000,35.500000,34.599998,34.830002,21.406343,7085000
2003-08-26,34.380001,34.950001,34.005001,34.775002,21.372541,7307000
2003-08-27,34.750000,35.230000,34.680000,35.080002,21.559992,4225000
2003-08-28,35.275002,35.470001,34.639999,35.325001,21.710562,3715200
2003-08-29,35.500000,36.014999,35.500000,35.915001,22.073183,3647200
2003-09-02,35.974998,36.450001,35.615002,36.230000,22.266766,4235400
2003-09-03,36.090000,36.230000,35.505001,35.974998,22.110054,4994800
2003-09-04,35.775002,35.950001,35.264999,35.544998,21.845778,3967000
2003-09-05,35.169998,35.250000,34.724998,35.064999,21.550779,7657000
2003-09-08,35.064999,35.294998,34.790001,35.255001,21.667543,4617800
2003-09-09,35.130001,35.130001,34.400002,34.700001,21.326448,5141400
2003-09-10,34.525002,34.575001,34.099998,34.500000,21.203522,6279000
2003-09-11,34.500000,34.544998,33.430000,34.035000,20.917749,11167600
2003-09-12,33.875000,34.099998,33.580002,34.009998,20.902370,6041600
2003-09-15,34.139999,34.730000,34.070000,34.500000,21.203522,5558200
2003-09-16,34.514999,34.895000,34.404999,34.849998,21.418642,3667800
2003-09-17,35.025002,35.349998,34.994999,35.115002,21.581511,5389200
2003-09-18,35.299999,35.889999,34.974998,35.650002,21.910318,5145800
2003-09-19,35.650002,35.875000,35.389999,35.595001,21.876511,4964200
2003-09-22,35.480000,35.840000,35.070000,35.235001,21.655258,5864400
2003-09-23,35.334999,35.845001,35.330002,35.724998,21.956402,3932400
2003-09-24,35.750000,35.974998,35.220001,35.220001,21.646038,4616000
2003-09-25,35.334999,35.435001,34.450001,34.450001,21.172796,5386800
2003-09-26,34.400002,34.400002,33.724998,34.125000,20.973061,5862400
2003-09-29,34.200001,34.715000,33.990002,34.595001,21.261917,4724000
2003-09-30,34.509998,34.744999,33.950001,34.419998,21.154360,5140000
2003-10-01,34.465000,35.730000,34.450001,35.669998,21.922600,5336000
2003-10-02,36.000000,36.465000,35.955002,36.349998,22.340527,7216000
2003-10-03,36.750000,37.244999,36.349998,36.689999,22.549490,6192000
2003-10-06,36.950001,37.345001,36.595001,37.005001,22.743093,3771800
2003-10-07,36.880001,37.209999,36.650002,37.209999,22.869078,3934200
2003-10-08,37.474998,37.785000,37.320000,37.654999,23.142570,4130800
2003-10-09,38.139999,38.549999,37.830002,38.040001,23.379202,5414600
2003-10-10,38.000000,38.200001,37.689999,37.875000,23.277790,2556600
2003-10-13,38.000000,38.700001,38.000000,38.450001,23.631172,3015600
2003-10-14,38.259998,38.445000,37.980000,38.435001,23.621958,3766200
2003-10-15,38.735001,39.459999,38.514999,39.360001,24.190460,6321000
2003-10-16,37.560001,37.560001,35.994999,37.165001,22.949295,27425200
2003-10-17,37.180000,37.369999,36.700001,36.790001,22.717733,6636800
2003-10-20,37.025002,37.205002,36.610001,37.000000,22.847406,4032600
2003-10-21,37.005001,37.005001,36.375000,36.380001,22.464558,5590800
2003-10-22,35.889999,36.549999,35.669998,35.785000,22.097141,5806000
2003-10-23,35.785000,35.915001,35.509998,35.680000,22.032309,5641200
2003-10-24,35.349998,35.779999,35.235001,35.525002,21.936594,4872800
2003-10-27,35.750000,35.924999,35.505001,35.849998,22.137289,3972200
2003-10-28,35.915001,36.494999,35.755001,36.389999,22.470724,5315800
2003-10-29,36.380001,36.730000,36.000000,36.730000,22.680681,3301600
2003-10-30,36.955002,37.230000,36.470001,36.930000,22.804171,5515800
2003-10-31,36.930000,37.139999,36.639999,36.639999,22.625107,4911800
2003-11-03,36.730000,37.244999,36.639999,37.025002,22.862835,4029400
2003-11-04,37.025002,37.634998,36.955002,37.404999,23.097488,4473200
2003-11-05,37.279999,37.845001,37.189999,37.470001,23.137627,3948800
2003-11-06,37.349998,37.369999,37.029999,37.264999,23.011032,3948600
2003-11-07,37.215000,37.250000,36.235001,36.285000,22.405891,5778000
2003-11-10,36.224998,36.674999,35.910000,36.044998,22.257696,4156000
2003-11-11,36.044998,36.290001,35.880001,35.974998,22.214464,4250200
2003-11-12,36.099998,36.880001,36.099998,36.830002,22.742435,2621200
2003-11-13,36.705002,37.044998,36.564999,36.740002,22.686850,3132200
2003-11-14,36.740002,37.279999,36.250000,36.305000,22.418245,3460600
2003-11-17,36.305000,36.320000,35.974998,36.250000,22.384287,3640800
2003-11-18,36.250000,36.570000,35.645000,35.645000,22.010689,3668000
2003-11-19,35.700001,36.439999,35.669998,36.384998,22.467640,3591400
2003-11-20,36.349998,36.785000,36.200001,36.375000,22.461473,3676400
2003-11-21,36.514999,36.674999,36.369999,36.445000,22.504698,3010800
2003-11-24,36.525002,36.884998,36.525002,36.669998,22.643629,3615400
2003-11-25,36.825001,37.654999,36.799999,37.520000,23.168505,4764400
2003-11-26,37.750000,37.750000,37.160000,37.700001,23.279652,3596200
2003-11-28,37.630001,38.105000,37.610001,38.025002,23.480343,1362600
2003-12-01,38.125000,38.404999,37.665001,38.395000,23.708813,3524400
2003-12-02,38.270000,38.270000,37.599998,37.790001,23.335230,3887000
2003-12-03,37.965000,38.174999,37.674999,37.740002,23.304348,2759000
2003-12-04,37.750000,37.785000,37.299999,37.470001,23.137627,3034200
2003-12-05,38.000000,38.560001,38.000000,38.250000,23.619278,6489000
2003-12-08,38.224998,38.435001,38.020000,38.389999,23.705721,3184800
2003-12-09,38.514999,38.669998,38.165001,38.240002,23.613091,3612800
2003-12-10,38.224998,38.285000,37.875000,38.000000,23.464911,3809800
2003-12-11,38.200001,39.095001,38.049999,38.970001,24.063866,4596800
2003-12-12,38.970001,39.139999,38.724998,39.009998,24.088572,3660200
2003-12-15,39.494999,39.834999,39.244999,39.259998,24.242943,6112400
2003-12-16,39.285000,40.560001,39.285000,40.509998,25.014820,8157000
2003-12-17,40.299999,41.029999,40.064999,41.009998,25.323576,6386200
2003-12-18,41.075001,42.099998,40.799999,41.855000,25.845356,8481400
2003-12-19,42.099998,42.375000,41.549999,42.375000,26.166441,10107000
2003-12-22,42.320000,42.474998,41.845001,41.889999,25.866970,5316800
2003-12-23,41.895000,42.075001,41.470001,41.825001,25.826817,4049600
2003-12-24,41.665001,41.980000,41.500000,41.755001,25.783602,1674400
2003-12-26,41.630001,42.055000,41.529999,41.855000,25.845356,776400
2003-12-29,41.950001,42.380001,41.950001,42.299999,26.120131,2537400
2003-12-30,42.250000,42.384998,41.930000,42.035000,25.956501,2185400
2003-12-31,42.200001,42.209999,41.500000,41.509998,25.632318,4476000
2004-01-02,41.584999,41.845001,41.259998,41.325001,25.518082,4172800
2004-01-05,41.924999,42.580002,41.855000,42.450001,26.212769,6184200
2004-01-06,42.160000,42.235001,41.599998,41.700001,25.749641,6190400
2004-01-07,41.759998,41.759998,41.154999,41.244999,25.468674,6203200
2004-01-08,41.369999,41.595001,40.875000,40.924999,25.271090,4844400
2004-01-09,40.525002,40.825001,40.099998,40.224998,24.838823,6068600
2004-01-12,40.549999,41.349998,40.529999,41.224998,25.456322,4166200
2004-01-13,41.474998,41.799999,40.485001,41.250000,25.471769,5228200
2004-01-14,41.235001,42.035000,41.235001,41.849998,25.842266,4498000
2004-01-15,42.000000,42.500000,41.294998,41.689999,25.857769,3720600
2004-01-16,42.000000,42.474998,41.830002,42.070000,26.093473,5083400
2004-01-20,41.799999,42.005001,41.075001,41.075001,25.476330,4803400
2004-01-21,41.105000,41.759998,40.720001,41.700001,25.863976,4066600
2004-01-22,41.775002,42.355000,41.564999,42.000000,26.050047,4110800
2004-01-23,42.040001,42.084999,41.575001,42.084999,26.102768,4675200
2004-01-26,41.849998,42.544998,41.334999,42.505001,26.363268,4635000
2004-01-27,42.849998,42.849998,41.000000,41.000000,25.429815,9249000
2004-01-28,40.650002,41.075001,39.599998,39.810001,24.691727,7843000
2004-01-29,40.000000,40.080002,38.375000,38.630001,23.959835,10858000
2004-01-30,38.525002,39.224998,38.505001,39.064999,24.229641,9041400
2004-02-02,39.125000,39.275002,38.615002,38.744999,24.031166,7814400
2004-02-03,38.724998,38.724998,38.209999,38.520000,23.891615,8211000
2004-02-04,38.125000,38.259998,37.884998,37.950001,23.538076,8467000
2004-02-05,37.900002,38.570000,37.639999,38.160000,23.668329,7881000
2004-02-06,38.200001,39.410000,38.200001,39.250000,24.344391,5229600
2004-02-09,39.230000,39.340000,38.759998,38.834999,24.086988,2939600
2004-02-10,38.770000,38.900002,38.075001,38.279999,23.742750,5732600
2004-02-11,38.154999,39.480000,38.009998,39.480000,24.487041,6356600
2004-02-12,39.375000,39.625000,39.084999,39.345001,24.403307,3096400
2004-02-13,39.250000,39.529999,38.650002,38.709999,24.009457,3749000
2004-02-17,39.325001,39.945000,39.250000,39.759998,24.660707,4740000
2004-02-18,39.610001,39.775002,39.134998,39.455002,24.471542,3079400
2004-02-19,39.625000,39.865002,39.240002,39.264999,24.353691,3372800
2004-02-20,39.264999,39.325001,38.044998,38.410000,23.823391,5351200
2004-02-23,38.599998,38.910000,38.279999,38.610001,23.947432,3589400
2004-02-24,38.400002,38.750000,38.180000,38.349998,23.786167,3252200
2004-02-25,38.325001,38.750000,38.084999,38.590000,23.935022,3886600
2004-02-26,38.500000,39.279999,38.430000,38.974998,24.173819,3620400
2004-02-27,38.849998,38.849998,37.849998,37.875000,23.491564,7388200
2004-03-01,38.000000,38.805000,37.924999,38.419998,23.829586,4757800
2004-03-02,38.125000,38.915001,38.060001,38.794998,24.062183,4534200
2004-03-03,38.799999,39.090000,38.619999,38.660000,23.978449,3606200
2004-03-04,38.535000,38.630001,38.259998,38.450001,23.848190,2649800
2004-03-05,38.049999,38.549999,37.974998,38.185001,23.683832,5206000
2004-03-08,38.825001,39.125000,38.445000,38.445000,23.845098,5699200
2004-03-09,38.625000,38.990002,37.985001,38.200001,23.693130,5101800
2004-03-10,38.500000,38.700001,36.685001,36.755001,22.796896,9450400
2004-03-11,36.674999,37.250000,36.255001,36.575001,22.685251,7803400
2004-03-12,36.665001,37.465000,36.505001,37.465000,23.237267,5666600
2004-03-15,37.049999,37.330002,36.825001,36.990002,22.942646,5711600
2004-03-16,37.250000,37.930000,37.125000,37.674999,23.367506,6185200
2004-03-17,37.775002,38.744999,37.750000,38.610001,23.947432,5044400
2004-03-18,38.485001,38.700001,37.775002,38.599998,23.941233,4893400
2004-03-19,38.605000,38.935001,38.105000,38.150002,23.662121,4883800
2004-03-22,37.825001,37.900002,37.435001,37.750000,23.414040,3908200
2004-03-23,37.849998,38.375000,37.740002,37.924999,23.522585,4311800
2004-03-24,37.974998,38.330002,37.790001,38.165001,23.671421,3443600
2004-03-25,38.250000,38.599998,37.974998,38.575001,23.925726,3494400
2004-03-26,38.474998,39.125000,38.224998,38.720001,24.015657,3820000
2004-03-29,39.220001,39.849998,39.220001,39.740002,24.648310,5055400
2004-03-30,39.639999,40.020000,39.105000,40.000000,24.809561,6002400
2004-03-31,39.730000,39.924999,39.435001,39.535000,24.521156,3436600
2004-04-01,39.575001,40.020000,39.250000,39.500000,24.499449,3429000
2004-04-02,40.125000,40.764999,39.785000,40.599998,25.181705,5519400
2004-04-05,40.500000,41.255001,40.299999,41.205002,25.556961,3417800
2004-04-06,41.000000,41.639999,40.950001,41.455002,25.712017,4342800
2004-04-07,41.310001,41.400002,40.709999,41.049999,25.460819,4794000
2004-04-08,41.349998,41.595001,40.900002,40.990002,25.423597,2356400
2004-04-12,41.099998,41.900002,41.000000,41.875000,25.972521,3497000
2004-04-13,41.930000,42.075001,40.700001,41.009998,25.436012,5195400
2004-04-14,40.834999,41.195000,40.075001,40.514999,25.128984,5116200
2004-04-15,40.625000,40.980000,40.145000,40.400002,25.057671,3980400
2004-04-16,40.849998,41.029999,40.395000,40.985001,25.420490,3499800
2004-04-19,40.974998,40.980000,40.349998,40.500000,25.119686,3235800
2004-04-20,40.625000,41.035000,39.930000,39.990002,24.803352,4575000
2004-04-21,40.000000,40.590000,39.209999,40.540001,25.144501,6023400
2004-04-22,41.500000,42.380001,40.834999,42.049999,26.200628,10813200
2004-04-23,42.055000,42.154999,40.875000,40.980000,25.533934,7014600
2004-04-26,41.000000,41.035000,40.415001,40.450001,25.203691,4947600
2004-04-27,40.650002,41.000000,40.455002,40.900002,25.484083,4461000
2004-04-28,41.000000,41.084999,39.570000,39.849998,24.829826,5506000
2004-04-29,40.150002,40.150002,38.494999,38.790001,24.169371,6920200
2004-04-30,39.000000,39.474998,38.564999,38.865002,24.216120,5599600
2004-05-03,38.950001,39.849998,38.930000,39.685001,24.727030,3710600
2004-05-04,39.685001,39.810001,39.005001,39.505001,24.614868,4164000
2004-05-05,39.494999,39.575001,39.099998,39.400002,24.549446,3516000
2004-05-06,39.200001,39.200001,38.355000,38.924999,24.253487,3812800
2004-05-07,38.700001,39.264999,38.555000,38.560001,24.026072,4857000
2004-05-10,38.049999,38.055000,36.110001,36.439999,22.705126,14209400
2004-05-11,36.630001,36.805000,36.349998,36.549999,22.773670,7685400
2004-05-12,36.650002,37.450001,36.145000,37.430000,23.321983,6281200
2004-05-13,37.240002,37.825001,36.930000,37.330002,23.259672,4856800
2004-05-14,37.250000,38.105000,37.014999,37.845001,23.580561,4854400
2004-05-17,37.150002,37.224998,36.349998,36.770000,22.910738,5203400
2004-05-18,37.275002,37.349998,36.555000,36.875000,22.976166,4745200
2004-05-19,37.250000,37.625000,36.779999,36.900002,22.991753,5559800
2004-05-20,36.900002,36.904999,36.049999,36.130001,22.511974,6378200
2004-05-21,36.279999,36.540001,36.005001,36.514999,22.751865,4399800
2004-05-24,37.500000,37.875000,36.825001,37.000000,23.054054,7180200
2004-05-25,36.900002,37.334999,36.685001,37.325001,23.256554,5267800
2004-05-26,37.325001,37.605000,37.250000,37.424999,23.318865,4146800
2004-05-27,37.625000,38.235001,37.320000,37.584999,23.418560,4933400
2004-05-28,37.625000,37.895000,37.474998,37.674999,23.474628,2859200
2004-06-01,37.674999,38.165001,37.529999,37.980000,23.664680,3725600
2004-06-02,38.049999,38.369999,37.860001,38.209999,23.807980,4106000
2004-06-03,38.014999,38.169998,37.549999,37.575001,23.412321,3496600
2004-06-04,37.805000,38.154999,37.150002,37.750000,23.521374,4757400
2004-06-07,38.099998,38.880001,38.075001,38.849998,24.206760,3319800
2004-06-08,38.599998,38.875000,38.380001,38.560001,24.026072,3924400
2004-06-09,38.490002,38.575001,37.665001,37.700001,23.490215,4578800
2004-06-10,37.825001,38.075001,37.599998,37.799999,23.552513,3345800
2004-06-14,37.799999,37.805000,37.305000,37.380001,23.290823,2451600
2004-06-15,37.500000,37.919998,37.435001,37.695000,23.487091,4769800
2004-06-16,37.709999,37.799999,36.945000,37.005001,23.057171,5287800
2004-06-17,37.005001,37.445000,37.000000,37.360001,23.278370,4065200
2004-06-18,37.224998,37.480000,37.064999,37.209999,23.184916,6653200
2004-06-21,37.450001,37.720001,37.259998,37.490002,23.359371,3327600
2004-06-22,38.000000,38.325001,37.555000,38.325001,23.879642,4883200
2004-06-23,38.345001,38.945000,38.174999,38.945000,24.265944,4114200
2004-06-24,39.070000,39.700001,39.014999,39.549999,24.642918,5932800
2004-06-25,39.424999,39.619999,39.009998,39.075001,24.346943,5163400
2004-06-28,39.275002,39.389999,38.575001,38.740002,24.138224,3518200
2004-06-29,38.700001,39.525002,38.525002,39.410000,24.555685,3816000
2004-06-30,39.400002,39.799999,39.000000,39.720001,24.748848,5106000
2004-07-01,39.599998,39.695000,38.869999,39.090000,24.356297,3636800
2004-07-02,39.090000,39.095001,38.195000,38.360001,23.901455,3955000
2004-07-06,38.360001,38.485001,38.009998,38.365002,23.904566,3237200
2004-07-07,38.240002,38.785000,38.125000,38.750000,24.144447,2808600
2004-07-08,38.674999,38.735001,38.244999,38.264999,23.842258,3382000
2004-07-09,38.549999,38.820000,38.395000,38.540001,24.013597,3442000
2004-07-12,38.540001,39.195000,38.330002,39.115002,24.371878,2911800
2004-07-13,38.779999,39.660000,38.779999,39.634998,24.695883,4124600
2004-07-14,39.474998,39.715000,39.169998,39.389999,24.543230,3845600
2004-07-15,39.389999,39.814999,39.334999,39.700001,24.736376,2916600
2004-07-16,39.740002,39.799999,38.860001,38.904999,24.366846,4241400
2004-07-19,38.910000,39.294998,38.709999,39.095001,24.485851,3474800
2004-07-20,39.099998,39.365002,38.764999,39.035000,24.448261,2848000
2004-07-21,39.224998,39.605000,38.264999,38.474998,24.097523,4892400
2004-07-22,36.250000,36.915001,35.525002,36.764999,23.026539,17837000
2004-07-23,36.764999,37.075001,36.235001,36.610001,22.929457,7610600
2004-07-26,36.615002,36.895000,36.189999,36.299999,22.735298,5043800
2004-07-27,36.299999,36.325001,35.750000,36.084999,22.600645,6918000
2004-07-28,36.090000,36.955002,35.994999,36.715000,22.995213,6343800
2004-07-29,36.974998,37.130001,36.529999,36.965000,23.151794,3329400
2004-07-30,36.965000,37.049999,36.560001,36.744999,23.014011,3467800
2004-08-02,36.619999,36.744999,36.375000,36.549999,22.891876,4189800
2004-08-03,36.549999,36.549999,35.619999,35.840000,22.447189,7607600
2004-08-04,36.000000,36.095001,35.750000,35.849998,22.453459,6272800
2004-08-05,35.924999,35.955002,34.810001,34.810001,21.802092,6006400
2004-08-06,34.575001,35.450001,34.250000,35.125000,21.999371,9485600
2004-08-09,35.375000,35.494999,34.970001,35.035000,21.943001,3340800
2004-08-10,35.029999,35.660000,34.924999,35.630001,22.315670,4053800
2004-08-11,35.505001,36.075001,35.275002,36.029999,22.566191,4323000
2004-08-12,35.750000,35.990002,35.634998,35.880001,22.472244,5892600
2004-08-13,35.825001,36.075001,35.654999,35.875000,22.469110,4379400
2004-08-16,35.875000,36.435001,35.639999,36.435001,22.819845,4745600
2004-08-17,36.799999,37.099998,36.099998,36.240002,22.697725,6229000
2004-08-18,36.115002,36.389999,36.025002,36.250000,22.703981,4389200
2004-08-19,36.250000,36.255001,35.345001,35.645000,22.325048,5305200
2004-08-20,35.500000,36.290001,35.500000,36.119999,22.622553,3947800
2004-08-23,36.244999,36.384998,35.930000,36.025002,22.563055,2516600
2004-08-24,36.924999,36.924999,36.435001,36.575001,22.907530,5324200
2004-08-25,36.665001,37.005001,36.424999,36.935001,23.133005,4168000
2004-08-26,36.935001,37.044998,36.634998,36.855000,23.082905,2586600
2004-08-27,36.930000,37.020000,36.674999,36.849998,23.079767,2037000
2004-08-30,36.775002,36.775002,36.119999,36.125000,22.625694,2704400
2004-08-31,36.220001,36.509998,36.000000,36.349998,22.766617,2309800
2004-09-01,36.435001,36.724998,36.224998,36.310001,22.741547,3301600
2004-09-02,36.384998,36.630001,36.130001,36.590000,22.916931,3238000
2004-09-03,36.750000,36.945000,36.580002,36.779999,23.035923,2645800
2004-09-07,37.115002,37.820000,37.075001,37.720001,23.624664,5689800
2004-09-08,37.615002,37.735001,37.450001,37.599998,23.549503,2582400
2004-09-09,37.599998,37.689999,37.224998,37.435001,23.446157,3565400
2004-09-10,37.599998,37.599998,36.985001,37.549999,23.518185,3063200
2004-09-13,37.650002,38.055000,37.630001,37.980000,23.787506,3771800
2004-09-14,38.000000,38.000000,37.619999,37.860001,23.712351,2927400
2004-09-15,37.799999,37.799999,37.230000,37.325001,23.377258,3351200
2004-09-16,37.325001,37.700001,37.259998,37.419998,23.436766,2389400
2004-09-17,37.625000,38.099998,37.529999,38.060001,23.837612,4933400
2004-09-20,37.849998,38.294998,37.794998,37.939999,23.762463,2637800
2004-09-21,37.994999,38.384998,37.930000,38.165001,23.903366,3407600
2004-09-22,38.049999,38.055000,37.529999,37.680000,23.599611,3450200
2004-09-23,37.680000,37.740002,37.064999,37.250000,23.330301,3271000
2004-09-24,37.099998,37.630001,37.099998,37.380001,23.411715,3156400
2004-09-27,37.110001,37.349998,37.005001,37.209999,23.305250,2538400
2004-09-28,37.275002,38.955002,37.270000,38.450001,24.081867,9189800
2004-09-29,38.625000,40.275002,38.509998,40.250000,25.209246,14205200
2004-09-30,40.200001,40.650002,39.924999,40.224998,25.193592,8609600
2004-10-01,40.220001,40.485001,39.959999,40.299999,25.240562,7250400
2004-10-04,40.375000,40.994999,40.375000,40.625000,25.444107,5685000
2004-10-05,40.625000,40.654999,40.044998,40.185001,25.168531,4108400
2004-10-06,40.185001,40.500000,40.070000,40.500000,25.365828,3496600
2004-10-07,40.650002,40.825001,39.945000,40.000000,25.052662,4044600
2004-10-08,40.005001,40.125000,39.605000,39.750000,24.896076,3201000
2004-10-11,39.750000,40.150002,39.605000,39.705002,24.867907,1914400
2004-10-12,39.584999,40.125000,39.250000,39.869999,24.971243,3672000
2004-10-13,39.875000,39.875000,39.025002,39.544998,24.767683,7324800
2004-10-14,39.544998,39.970001,39.220001,39.750000,24.896076,5250800
2004-10-15,39.755001,40.865002,39.750000,40.544998,25.394011,6098200
2004-10-18,40.505001,40.580002,40.075001,40.564999,25.406527,4689400
2004-10-19,40.665001,40.994999,40.139999,40.435001,25.325125,5197200
2004-10-20,40.560001,40.865002,40.044998,40.395000,25.300070,5129400
2004-10-21,40.189999,40.419998,38.375000,38.514999,24.245634,16267600
2004-10-22,39.014999,39.500000,38.650002,38.669998,24.343203,9025000
2004-10-25,38.674999,39.310001,38.525002,39.169998,24.657955,4387800
2004-10-26,39.099998,39.759998,39.099998,39.705002,24.994751,4759400
2004-10-27,39.580002,40.540001,39.494999,40.400002,25.432262,6047400
2004-10-28,40.200001,40.330002,39.514999,39.764999,25.032518,6464400
2004-10-29,39.770000,40.389999,39.744999,40.270000,25.350422,3871200
2004-11-01,40.450001,40.955002,40.340000,40.919998,25.759607,5245800
2004-11-02,40.985001,41.639999,40.805000,40.994999,25.806820,6079200
2004-11-03,42.000000,42.240002,41.779999,42.125000,26.518173,6915200
2004-11-04,42.235001,43.160000,41.950001,42.939999,27.031225,7655400
2004-11-05,43.099998,43.924999,42.965000,43.584999,27.437265,7455600
2004-11-08,43.505001,43.744999,43.095001,43.505001,27.386885,4181000
2004-11-09,43.400002,44.270000,43.360001,44.154999,27.796064,5516200
2004-11-10,44.255001,44.494999,44.025002,44.369999,27.931423,5291400
2004-11-11,44.490002,45.000000,44.459999,44.924999,28.280785,4492000
2004-11-12,44.974998,44.985001,44.294998,44.985001,28.318569,4662600
2004-11-15,44.910000,45.325001,44.700001,44.845001,28.230436,4194000
2004-11-16,44.970001,45.250000,44.575001,44.939999,28.290232,4628600
2004-11-17,45.450001,45.735001,45.080002,45.439999,28.604994,3939400
2004-11-18,45.439999,45.889999,45.064999,45.720001,28.781252,3567400
2004-11-19,45.720001,45.720001,45.049999,45.090000,28.384663,3919800
2004-11-22,45.125000,45.465000,44.805000,45.049999,28.359486,3692000
2004-11-23,45.700001,45.875000,45.005001,45.445000,28.608139,5179800
2004-11-24,45.500000,46.049999,45.365002,46.029999,28.976421,3674000
2004-11-26,46.125000,46.439999,46.044998,46.400002,29.209332,1418600
2004-11-29,46.400002,46.599998,45.380001,45.580002,28.693132,5228000
2004-11-30,45.400002,45.889999,45.099998,45.775002,28.815884,4185000
2004-12-01,45.775002,46.330002,45.770000,46.325001,29.162127,3336400
2004-12-02,46.325001,46.325001,45.529999,45.865002,28.872534,3408600
2004-12-03,45.740002,45.915001,45.049999,45.459999,28.617598,4909600
2004-12-06,45.465000,45.700001,45.205002,45.285000,28.507414,2917000
2004-12-07,45.410000,46.290001,45.355000,45.410000,28.586117,4527400
2004-12-08,45.410000,45.529999,45.009998,45.314999,28.526310,3430600
2004-12-09,45.099998,45.875000,44.595001,45.735001,28.790710,5305200
2004-12-10,45.735001,46.044998,45.500000,45.810001,28.837912,2900600
2004-12-13,46.174999,46.994999,45.965000,46.990002,29.580750,4642000
2004-12-14,46.985001,47.115002,46.174999,46.849998,29.492605,4624000
2004-12-15,46.855000,47.590000,46.790001,47.439999,29.864014,4284200
2004-12-16,47.450001,47.865002,46.945000,47.395000,29.835699,4969200
2004-12-17,47.395000,47.584999,46.830002,47.119999,29.662563,5966400
2004-12-20,47.450001,47.650002,47.049999,47.174999,29.697193,3040600
2004-12-21,47.424999,48.220001,47.285000,48.130001,30.298378,4318800
2004-12-22,48.264999,48.715000,48.130001,48.575001,30.578520,3604600
2004-12-23,48.575001,48.904999,48.450001,48.654999,30.628883,2178000
2004-12-27,48.740002,48.994999,47.950001,48.049999,30.248018,2452000
2004-12-28,48.314999,49.275002,48.299999,49.235001,30.994001,2803000
2004-12-29,49.000000,49.360001,48.900002,49.235001,30.994001,2533200
2004-12-30,49.240002,49.299999,48.770000,48.770000,30.701265,2396200
2004-12-31,48.775002,49.000000,48.584999,48.755001,30.691820,1650200
2005-01-03,48.049999,48.575001,47.270000,47.535000,29.923819,6294000
2005-01-04,48.025002,48.150002,46.665001,47.009998,29.593334,7579400
2005-01-05,47.125000,47.224998,46.110001,46.110001,29.026770,5932800
2005-01-06,46.200001,47.279999,46.110001,46.790001,29.454842,6300400
2005-01-07,46.834999,47.150002,46.575001,46.689999,29.391884,5815400
2005-01-10,46.750000,46.849998,46.195000,46.259998,29.121210,4818800
2005-01-11,46.259998,46.259998,45.555000,45.619999,28.718298,5896000
2005-01-12,46.000000,46.250000,45.369999,46.185001,29.073990,8387600
2005-01-13,46.099998,46.564999,46.080002,46.430000,29.228210,6702200
2005-01-14,46.744999,47.014999,46.494999,46.845001,29.489462,3825000
2005-01-18,46.654999,46.750000,45.950001,46.264999,29.252348,4624600
2005-01-19,46.150002,46.340000,45.750000,45.755001,28.929888,5838600
2005-01-20,45.755001,45.779999,44.959999,45.040001,28.477812,5108200
2005-01-21,44.965000,45.480000,44.380001,44.615002,28.209103,6873600
2005-01-24,44.775002,44.865002,44.060001,44.060001,27.858183,5634200
2005-01-25,44.369999,45.250000,44.064999,45.250000,28.610592,5999600
2005-01-26,45.250000,45.820000,44.950001,45.560001,28.806593,6698000
2005-01-27,43.700001,44.119999,43.200001,43.259998,27.352352,21820200
2005-01-28,43.500000,44.060001,43.424999,43.730000,27.649525,8176600
2005-01-31,44.000000,44.825001,43.830002,44.549999,28.167995,6675200
2005-02-01,44.799999,45.270000,44.575001,45.060001,28.490458,4790000
2005-02-02,45.044998,45.724998,44.785000,45.505001,28.771824,6762200
2005-02-03,45.259998,46.014999,45.134998,45.900002,29.021582,5226800
2005-02-04,45.900002,46.095001,45.494999,45.950001,29.053194,6606200
2005-02-07,45.950001,46.095001,45.619999,45.680000,28.882467,3716400
2005-02-08,45.700001,45.910000,45.314999,45.740002,28.920404,3357200
2005-02-09,45.740002,45.994999,45.250000,45.320000,28.654839,3792200
2005-02-10,45.500000,46.205002,45.455002,46.029999,29.103771,3192400
2005-02-11,46.150002,46.580002,45.650002,46.389999,29.331388,4649800
2005-02-14,46.570000,46.595001,45.935001,46.110001,29.154346,2402400
2005-02-15,46.005001,46.290001,45.490002,45.750000,28.926739,6315800
2005-02-16,45.625000,46.410000,45.555000,46.270000,29.255518,4533600
2005-02-17,46.270000,46.520000,45.849998,45.910000,29.027897,3419400
2005-02-18,45.910000,45.924999,45.360001,45.419998,28.718077,4278400
2005-02-22,45.305000,45.705002,44.709999,44.730000,28.281811,5091200
2005-02-23,44.955002,45.384998,44.825001,45.230000,28.597954,3099800
2005-02-24,45.375000,46.689999,45.355000,46.580002,29.451536,4545600
2005-02-25,46.540001,47.645000,46.375000,47.410000,29.976313,6084200
2005-02-28,47.299999,48.125000,46.930000,47.525002,30.049026,6591800
2005-03-01,47.485001,48.799999,47.220001,48.685001,30.782467,9691800
2005-03-02,48.314999,48.900002,48.310001,48.584999,30.719244,6762000
2005-03-03,48.584999,48.924999,48.084999,48.869999,30.899431,5446400
2005-03-04,48.924999,49.980000,48.625000,49.980000,31.601263,8095800
2005-03-07,49.950001,49.950001,49.275002,49.450001,31.266180,4769600
2005-03-08,49.549999,49.884998,49.200001,49.500000,31.297750,4963000
2005-03-09,49.250000,49.305000,48.375000,48.404999,30.605427,5742000
2005-03-10,48.494999,49.480000,48.384998,49.130001,31.063837,7006800
2005-03-11,49.130001,49.790001,48.919998,49.500000,31.297750,5681600
2005-03-14,48.950001,49.125000,48.090000,48.264999,30.516916,8236400
2005-03-15,48.380001,48.674999,48.150002,48.375000,30.586449,5436600
2005-03-16,48.375000,48.630001,47.755001,48.134998,30.434715,4451800
2005-03-17,48.200001,48.625000,48.180000,48.410000,30.608582,3418000
2005-03-18,48.750000,48.935001,47.764999,48.200001,30.475817,8858000
2005-03-21,48.200001,48.525002,47.900002,48.090000,30.406261,3360200
2005-03-22,48.275002,48.439999,47.279999,47.355000,29.941540,4645200
2005-03-23,47.384998,47.490002,46.764999,46.820000,29.603271,5007000
2005-03-24,46.924999,47.369999,46.790001,46.790001,29.584290,3647400
2005-03-28,46.794998,47.275002,46.509998,47.110001,29.786633,4184800
2005-03-29,46.700001,47.000000,44.805000,44.900002,28.389299,12307400
2005-03-30,45.235001,45.860001,45.195000,45.740002,28.920404,6588000
2005-03-31,45.750000,46.025002,45.330002,45.720001,28.907759,4560400
2005-04-01,46.000000,46.125000,44.915001,45.075001,28.499945,6363800
2005-04-04,44.900002,45.365002,44.535000,45.105000,28.518915,6504800
2005-04-05,45.215000,45.299999,44.674999,45.180000,28.566326,4521800
2005-04-06,45.305000,45.779999,45.305000,45.695000,28.891964,4596000
2005-04-07,45.650002,45.930000,45.450001,45.790001,28.952024,3506600
2005-04-08,45.990002,46.000000,45.325001,45.345001,28.670658,3612000
2005-04-11,45.255001,45.564999,45.044998,45.084999,28.506260,3357800
2005-04-12,45.084999,45.750000,44.580002,45.695000,28.891964,4974400
2005-04-13,45.619999,45.619999,44.169998,44.299999,28.009926,6271400
2005-04-14,44.294998,44.500000,42.650002,42.700001,26.998281,9787600
2005-04-15,42.700001,42.750000,41.459999,41.730000,26.384968,9240600
2005-04-18,41.820000,42.380001,41.305000,41.790001,26.422911,6249800
2005-04-19,42.200001,42.840000,42.195000,42.474998,26.856012,6874000
2005-04-20,44.950001,45.000000,43.834999,44.020000,27.832903,17614800
2005-04-21,44.150002,44.950001,43.750000,44.830002,28.477648,9534800
2005-04-22,44.830002,45.200001,44.375000,44.904999,28.525295,6380400
2005-04-25,45.224998,45.869999,45.044998,45.564999,28.944553,5848800
2005-04-26,45.570000,45.669998,44.375000,44.430000,28.223568,5686000
2005-04-27,44.235001,44.235001,43.160000,44.025002,27.966286,7964800
2005-04-28,44.025002,44.139999,43.195000,43.349998,27.537504,5692800
2005-04-29,43.799999,44.125000,43.014999,44.025002,27.966286,5593000
2005-05-02,44.110001,44.215000,43.630001,44.200001,28.077454,3590200
2005-05-03,44.200001,44.325001,43.610001,43.790001,27.817009,5118800
2005-05-04,43.915001,44.840000,43.915001,44.709999,28.401432,3899000
2005-05-05,44.709999,45.134998,44.650002,44.924999,28.537991,4534600
2005-05-06,45.325001,45.630001,45.025002,45.080002,28.636478,4641600
2005-05-09,45.080002,45.349998,44.985001,45.139999,28.674574,3009400
2005-05-10,45.049999,45.049999,44.674999,44.825001,28.474472,4095600
2005-05-11,44.900002,45.564999,44.549999,45.450001,28.871510,4582400
2005-05-12,45.474998,45.650002,44.400002,44.439999,28.229904,7339200
2005-05-13,44.500000,45.110001,44.270000,44.500000,28.268024,6188800
2005-05-16,44.505001,45.275002,44.349998,45.189999,28.706339,3781200
2005-05-17,45.314999,46.029999,45.049999,45.980000,29.208172,4603800
2005-05-18,46.000000,47.000000,46.000000,46.759998,29.703657,4985000
2005-05-19,46.744999,46.900002,46.400002,46.750000,29.697306,2762400
2005-05-20,46.924999,46.924999,46.349998,46.814999,29.738605,2633400
2005-05-23,46.775002,47.369999,46.775002,47.020000,29.868822,2723600
2005-05-24,47.000000,47.020000,46.575001,46.915001,29.802134,2201800
2005-05-25,46.650002,46.709999,46.060001,46.235001,29.370161,3393200
2005-05-26,46.360001,47.235001,46.360001,47.215000,29.992687,2630800
2005-05-27,47.200001,47.279999,46.794998,47.154999,29.954582,1785400
2005-05-31,47.160000,47.485001,46.775002,47.055000,29.891048,3546400
2005-06-01,46.974998,48.275002,46.900002,47.735001,30.323006,4999200
2005-06-02,47.744999,48.000000,47.450001,47.590000,30.230904,2719000
2005-06-03,47.525002,47.799999,46.875000,46.985001,29.846588,3270400
2005-06-06,47.080002,47.459999,46.910000,47.075001,29.903763,2420000
2005-06-07,47.110001,47.955002,47.040001,47.264999,30.024462,3284200
2005-06-08,47.840000,48.455002,47.750000,48.290001,30.675568,7868800
2005-06-09,48.474998,49.290001,48.395000,48.724998,30.951908,5370000
2005-06-10,48.924999,49.025002,48.125000,48.509998,30.815327,4947600
2005-06-13,48.525002,49.525002,48.330002,48.790001,30.993200,4168400
2005-06-14,48.799999,49.455002,48.639999,49.285000,31.307638,3807800
2005-06-15,49.290001,49.474998,48.689999,49.290001,31.310804,3306600
2005-06-16,49.450001,49.529999,48.915001,49.154999,31.225054,4154600
2005-06-17,49.500000,50.419998,49.250000,50.099998,31.825348,7572800
2005-06-20,50.000000,50.674999,49.740002,50.400002,32.015923,4240600
2005-06-21,50.599998,51.490002,50.570000,51.099998,32.460594,6815200
2005-06-22,51.000000,51.119999,50.250000,50.285000,31.942883,4394000
2005-06-23,50.000000,50.250000,49.174999,49.235001,31.275873,5938200
2005-06-24,49.235001,49.320000,48.200001,48.430000,30.764503,7013000
2005-06-27,48.430000,49.000000,48.009998,48.459999,30.783566,3729200
2005-06-28,48.625000,48.994999,48.520000,48.900002,31.063070,5409600
2005-06-29,48.900002,49.275002,48.250000,48.320000,30.694632,6020000
2005-06-30,48.150002,48.514999,47.639999,47.654999,30.272194,6712200
2005-07-01,47.875000,48.049999,47.755001,47.965000,30.469130,4190400
2005-07-05,47.924999,48.250000,47.689999,48.084999,30.545351,4409400
2005-07-06,47.799999,48.040001,47.424999,47.650002,30.269024,5080600
2005-07-07,47.654999,48.755001,47.500000,48.674999,30.920135,5581000
2005-07-08,48.875000,49.715000,48.625000,49.349998,31.348927,5812600
2005-07-11,49.715000,50.075001,49.400002,49.985001,31.752302,4666200
2005-07-12,49.985001,49.994999,49.200001,49.480000,31.431496,7608800
2005-07-13,49.480000,49.935001,49.310001,49.919998,31.711025,15703400
2005-07-14,50.200001,51.099998,49.500000,51.000000,32.397072,7034100
2005-07-15,51.000000,51.000000,50.220001,50.669998,32.187424,5129700
2005-07-18,50.750000,51.400002,50.709999,50.820000,32.282719,4145000
2005-07-19,52.369999,53.419998,52.259998,53.400002,33.921631,13782200
2005-07-20,53.090000,53.599998,52.220001,53.200001,33.953548,10212300
2005-07-21,53.270000,53.450001,52.049999,52.299999,33.379150,8321200
2005-07-22,52.750000,52.840000,51.759998,52.410000,33.449348,5118200
2005-07-25,52.549999,52.669998,51.619999,51.849998,33.091934,3809600
2005-07-26,52.000000,52.230000,51.610001,51.820000,33.072788,2777700
2005-07-27,52.000000,52.790001,51.610001,52.790001,33.691875,5410700
2005-07-28,53.000000,54.599998,52.799999,54.450001,34.751320,7655600
2005-07-29,54.049999,54.340000,53.349998,53.910000,34.406693,5416700
2005-08-01,54.200001,54.450001,53.750000,54.020000,34.476883,2991200
2005-08-02,54.049999,54.570000,53.919998,54.459999,34.757710,3050600
2005-08-03,54.230000,54.459999,53.980000,54.389999,34.713036,3223900
2005-08-04,54.060001,54.230000,53.720001,54.020000,34.476883,2862700
2005-08-05,54.000000,54.150002,53.430000,53.610001,34.215221,2600200
2005-08-08,53.980000,54.240002,53.500000,53.680000,34.259899,2043100
2005-08-09,54.000000,54.400002,53.669998,54.340000,34.681122,2262400
2005-08-10,54.630001,55.590000,54.560001,55.000000,35.102345,4334500
2005-08-11,55.150002,55.500000,54.830002,55.500000,35.421448,2758300
2005-08-12,55.360001,55.369999,54.500000,54.799999,34.974689,2446700
2005-08-15,55.209999,55.360001,54.560001,55.259998,35.268265,1769700
2005-08-16,54.400002,54.900002,53.610001,53.689999,34.266273,4929400
2005-08-17,53.599998,53.849998,53.240002,53.459999,34.119469,2256000
2005-08-18,53.349998,53.400002,52.700001,53.150002,33.921646,2804500
2005-08-19,53.400002,54.950001,53.139999,54.820000,34.987465,4109700
2005-08-22,55.000000,55.500000,54.540001,54.810001,34.981075,3190000
2005-08-23,54.849998,55.169998,54.259998,54.689999,34.904484,2297600
2005-08-24,54.599998,54.610001,53.009998,53.209999,33.959915,3824800
2005-08-25,53.220001,54.040001,53.200001,53.400002,34.081181,2792200
2005-08-26,53.900002,53.990002,53.139999,53.490002,34.138634,2675700
2005-08-29,53.150002,53.900002,53.049999,53.700001,34.272675,2364200
2005-08-30,53.400002,53.910000,52.939999,53.779999,34.323715,2737400
2005-08-31,54.110001,55.650002,53.880001,55.490002,35.415081,6101400
2005-09-01,55.970001,57.000000,55.799999,56.939999,36.340492,6425000
2005-09-02,57.200001,58.799999,57.000000,58.250000,37.176582,7003500
2005-09-06,57.779999,58.810001,57.450001,58.509998,37.342499,7789300
2005-09-07,58.950001,59.130001,58.480000,59.070000,37.699913,4964400
2005-09-08,58.200001,59.230000,57.880001,58.330002,37.227634,3981900
2005-09-09,58.750000,58.950001,58.410000,58.860001,37.565891,2635200
2005-09-12,58.950001,59.290001,58.750000,59.290001,37.840324,2437900
2005-09-13,59.320000,59.880001,58.889999,59.400002,37.910538,3694400
2005-09-14,59.400002,59.590000,58.160000,58.299999,37.208496,2990000
2005-09-15,58.330002,58.529999,57.360001,57.740002,36.851078,3496700
2005-09-16,58.000000,58.169998,57.080002,57.720001,36.838326,4872500
2005-09-19,57.700001,58.119999,56.639999,56.970001,36.359650,3391300
2005-09-20,57.450001,57.820000,56.689999,56.810001,36.257538,3755700
2005-09-21,56.700001,57.580002,56.360001,57.110001,36.449005,4223200
2005-09-22,58.000000,58.599998,57.779999,58.000000,37.017014,4259900
2005-09-23,58.380001,59.099998,58.150002,58.919998,37.604183,3185400
2005-09-26,58.400002,58.549999,57.590000,58.340000,37.234016,4682000
2005-09-27,58.400002,58.970001,57.900002,58.720001,37.476540,3437700
2005-09-28,59.459999,59.560001,57.000000,57.549999,36.729816,3868600
2005-09-29,57.560001,58.240002,57.270000,57.990002,37.010643,3083200
2005-09-30,58.279999,59.139999,58.009998,58.750000,37.495693,3998200
2005-10-03,58.759998,59.230000,58.549999,59.009998,37.661625,2598600
2005-10-04,58.900002,59.840000,57.750000,57.779999,36.876606,3642200
2005-10-05,56.799999,57.660000,56.209999,56.220001,35.880985,5207900
2005-10-06,56.349998,56.349998,54.500000,55.189999,35.223610,6340100
2005-10-07,55.520000,56.900002,55.500000,56.619999,36.136261,3593000
2005-10-10,56.549999,56.799999,55.080002,55.570000,35.466145,3294400
2005-10-11,55.860001,56.540001,55.500000,55.560001,35.459763,3296200
2005-10-12,55.650002,56.230000,54.490002,54.759998,34.949173,5345500
2005-10-13,54.560001,54.959999,53.279999,54.000000,34.464115,6138100
2005-10-14,54.400002,54.910000,54.340000,54.740002,34.936424,4334200
2005-10-17,55.200001,55.389999,54.470001,55.029999,35.121510,3286800
2005-10-18,54.869999,54.880001,53.950001,53.959999,34.438583,3506900
2005-10-19,53.970001,55.450001,53.330002,55.430000,35.376781,3169600
2005-10-20,55.180000,56.500000,53.389999,54.029999,34.639503,4197800
2005-10-21,49.259998,50.419998,48.250000,48.919998,31.363386,27359300
2005-10-24,49.500000,50.349998,49.450001,50.310001,32.254559,8559500
2005-10-25,50.430000,50.619999,49.980000,50.290001,32.241718,6928900
2005-10-26,50.299999,51.150002,49.959999,50.549999,32.408413,4674400
2005-10-27,50.450001,50.599998,49.750000,49.900002,31.991695,5285500
2005-10-28,50.150002,51.360001,49.810001,51.070000,32.741810,4307200
2005-10-31,52.000000,53.150002,51.680000,52.590000,33.716305,6578000
2005-11-01,52.599998,53.180000,52.349998,52.720001,33.799641,6512700
2005-11-02,52.849998,54.020000,52.810001,53.689999,34.421520,4261900
2005-11-03,54.099998,54.509998,53.450001,53.480000,34.286880,6196500
2005-11-04,53.759998,53.939999,53.400002,53.549999,34.331760,3205900
2005-11-07,53.750000,54.660000,53.400002,54.250000,34.780548,3193200
2005-11-08,54.250000,54.689999,53.730000,54.250000,34.780548,3602200
2005-11-09,54.259998,54.540001,53.849998,54.099998,34.684380,2819200
2005-11-10,53.930000,54.910000,53.820000,54.689999,35.062630,2939600
2005-11-11,54.820000,54.990002,54.279999,54.869999,35.178028,1872100
2005-11-14,54.799999,55.490002,54.619999,55.430000,35.537064,3049000
2005-11-15,55.400002,55.959999,55.380001,55.900002,35.838390,3922000
2005-11-16,55.900002,57.259998,55.900002,56.730000,36.370510,4577900
2005-11-17,56.980000,57.500000,56.580002,57.470001,36.844955,4288900
2005-11-18,58.000000,58.000000,56.869999,57.279999,36.723125,4075200
2005-11-21,57.099998,57.810001,56.689999,57.709999,36.998806,2666000
2005-11-22,57.709999,58.900002,57.400002,58.759998,37.671982,3216900
2005-11-23,58.599998,58.610001,57.860001,58.009998,37.191135,2714000
2005-11-25,58.020000,58.480000,57.889999,57.950001,37.152679,815500
2005-11-28,57.980000,58.220001,57.119999,57.450001,36.832111,2200900
2005-11-29,57.450001,57.799999,56.939999,57.099998,36.607727,3592600
2005-11-30,57.250000,57.990002,57.200001,57.779999,37.043694,2709000
2005-12-01,58.000000,59.029999,57.840000,59.000000,37.825840,3140300
2005-12-02,58.900002,59.450001,58.400002,58.810001,37.704037,2262100
2005-12-05,58.650002,59.139999,57.820000,58.330002,37.396313,3191600
2005-12-06,58.250000,59.290001,57.990002,58.799999,37.697617,2689400
2005-12-07,58.799999,59.080002,57.500000,57.779999,37.043694,3164300
2005-12-08,57.630001,58.189999,57.070000,57.340000,36.761589,2813800
2005-12-09,57.590000,58.410000,57.310001,58.090000,37.242432,2288300
2005-12-12,58.020000,58.540001,58.000000,58.029999,37.203949,1381800
2005-12-13,57.930000,59.419998,57.799999,58.970001,37.806610,2670600
2005-12-14,58.730000,59.000000,58.099998,58.750000,37.665569,2373800
2005-12-15,59.049999,59.500000,58.619999,58.709999,37.639923,2555400
2005-12-16,59.000000,59.750000,58.820000,59.639999,38.236156,5106100
2005-12-19,58.650002,59.000000,56.360001,56.830002,36.434631,5652600
2005-12-20,57.000000,57.720001,56.580002,56.740002,36.376926,3488000
2005-12-21,57.099998,57.740002,56.759998,57.080002,36.594902,2874900
2005-12-22,57.400002,58.709999,57.330002,58.450001,37.473225,3101000
2005-12-23,58.459999,58.849998,58.240002,58.509998,37.511696,1331800
2005-12-27,58.520000,59.389999,57.880001,57.889999,37.114208,2143000
2005-12-28,58.049999,58.189999,57.369999,57.840000,37.082153,2213900
2005-12-29,57.900002,58.790001,57.880001,58.139999,37.274487,1619900
2005-12-30,57.849998,58.099998,57.570000,57.770000,37.037258,2047500
2006-01-03,57.869999,58.110001,57.049999,57.799999,37.056496,3697500
2006-01-04,57.950001,59.430000,57.549999,59.270000,37.998947,4577200
2006-01-05,59.020000,59.860001,59.000000,59.270000,37.998947,4590700
2006-01-06,59.470001,60.759998,59.380001,60.450001,38.755455,5692300
2006-01-09,60.450001,61.680000,60.450001,61.549999,39.460690,4408800
2006-01-10,61.349998,61.520000,60.639999,61.299999,39.300411,3188100
2006-01-11,60.869999,61.639999,60.700001,61.330002,39.319645,2755600
2006-01-12,61.230000,62.660000,61.110001,62.209999,39.883831,5322500
2006-01-13,62.020000,62.490002,61.869999,62.330002,39.960766,1936700
2006-01-17,61.689999,63.150002,61.650002,62.959999,40.364666,3623200
2006-01-18,62.360001,62.720001,61.700001,61.869999,39.823982,3651400
2006-01-19,62.049999,63.000000,61.900002,62.509998,40.235924,2375600
2006-01-20,62.509998,62.509998,60.480000,60.779999,39.122383,4439700
2006-01-23,60.750000,61.439999,60.259998,61.040001,39.289745,2706500
2006-01-24,60.790001,61.860001,60.750000,61.349998,39.489269,3291600
2006-01-25,61.500000,63.250000,61.110001,62.070000,39.952705,4772400
2006-01-26,63.299999,65.440002,62.299999,65.169998,41.948101,10318100
2006-01-27,65.900002,68.370003,65.150002,67.529999,43.467159,7587800
2006-01-30,66.529999,68.120003,66.320000,67.010002,43.132446,5077400
2006-01-31,67.000000,68.169998,66.639999,67.900002,43.705341,5655000
2006-02-01,68.099998,69.339996,67.900002,69.239998,44.567848,4826100
2006-02-02,68.750000,69.099998,67.989998,68.389999,44.020733,4605500
2006-02-03,68.199997,68.970001,67.750000,68.129997,43.853367,3529800
2006-02-06,68.500000,68.820000,68.000000,68.699997,44.220257,3745900
2006-02-07,68.300003,68.339996,66.930000,67.160004,43.229008,4908000
2006-02-08,67.750000,68.889999,67.360001,68.809998,44.291054,3567300
2006-02-09,69.000000,69.750000,68.230003,68.449997,44.059345,4016900
2006-02-10,68.150002,68.870003,67.779999,68.750000,44.252445,3167900
2006-02-13,68.300003,69.059998,67.879997,68.620003,44.168789,2838400
2006-02-14,69.000000,70.410004,68.230003,70.220001,45.198635,4532100
2006-02-15,69.930000,71.650002,69.900002,71.599998,46.086899,4396500
2006-02-16,71.790001,72.000000,71.389999,71.959999,46.318630,3483300
2006-02-17,72.000000,72.389999,71.709999,72.050003,46.376560,4767900
2006-02-21,72.000000,72.790001,71.680000,72.589996,46.724129,3956800
2006-02-22,72.589996,73.730003,72.540001,73.059998,47.026669,5532000
2006-02-23,73.070000,73.089996,71.900002,72.349998,46.569653,4974100
2006-02-24,72.500000,72.919998,71.760002,72.699997,46.794941,2921600
2006-02-27,73.300003,73.989998,73.000000,73.500000,47.309895,3217800
2006-02-28,73.099998,73.360001,72.400002,73.080002,47.039551,4444300
2006-03-01,73.129997,74.940002,72.949997,74.389999,47.882751,4179000
2006-03-02,74.139999,74.620003,73.809998,74.339996,47.850567,2247700
2006-03-03,74.349998,75.500000,74.110001,74.610001,48.024372,3396700
2006-03-06,74.629997,74.879997,72.500000,73.220001,47.129673,5496900
2006-03-07,73.010002,74.019997,72.209999,73.040001,47.013798,4904700
2006-03-08,73.040001,73.050003,70.339996,72.400002,46.601856,7726000
2006-03-09,72.430000,72.519997,71.250000,71.400002,45.958164,5101600
2006-03-10,71.349998,72.010002,70.379997,70.949997,45.668526,5996900
2006-03-13,71.449997,71.750000,70.790001,71.000000,45.700714,3401500
2006-03-14,71.000000,72.279999,71.000000,71.940002,46.305763,4048600
2006-03-15,72.110001,74.699997,71.940002,74.290001,47.818405,5208400
2006-03-16,74.930000,75.389999,74.379997,74.900002,48.211018,5802800
2006-03-17,75.580002,76.349998,74.449997,76.230003,49.067127,7015500
2006-03-20,76.879997,77.110001,75.629997,75.849998,48.822517,4217900
2006-03-21,75.900002,76.269997,74.190002,74.309998,47.831268,4594300
2006-03-22,74.599998,76.449997,74.379997,76.209999,49.054226,3635900
2006-03-23,76.400002,77.209999,75.750000,76.260002,49.086414,4874800
2006-03-24,76.260002,76.660004,75.169998,75.500000,48.597237,4318300
2006-03-27,75.879997,76.160004,75.029999,75.379997,48.519978,2579100
2006-03-28,75.550003,76.230003,74.709999,74.870003,48.191738,3726500
2006-03-29,73.250000,73.980003,72.550003,73.669998,47.419327,6587800
2006-03-30,73.650002,74.349998,72.160004,72.400002,46.601856,5282400
2006-03-31,72.400002,72.459999,71.300003,71.809998,46.222073,4316800
2006-04-03,72.709999,75.480003,72.559998,73.500000,47.309895,5884900
2006-04-04,74.099998,75.519997,73.489998,75.300003,48.468494,4606000
2006-04-05,75.500000,76.150002,74.599998,75.800003,48.790337,4758400
2006-04-06,75.500000,76.080002,75.010002,75.650002,48.693787,3679300
2006-04-07,75.599998,76.050003,74.660004,74.919998,48.223888,4262900
2006-04-10,74.930000,75.919998,74.919998,75.449997,48.565048,4038400
2006-04-11,76.220001,76.739998,75.500000,76.660004,49.343884,5325200
2006-04-12,76.839996,78.250000,76.839996,77.839996,50.103409,6412900
2006-04-13,77.199997,77.769997,76.410004,76.940002,49.524136,4209000
2006-04-17,77.489998,78.800003,76.290001,76.449997,49.208721,5459300
2006-04-18,77.050003,79.099998,76.820000,78.910004,50.792175,7702400
2006-04-19,79.050003,79.949997,78.349998,78.970001,50.830776,4647200
2006-04-20,78.989998,79.320000,77.250000,77.970001,50.346493,3850300
2006-04-21,79.449997,80.000000,77.599998,77.870003,50.281929,6891700
2006-04-24,78.250000,79.720001,76.730003,77.379997,49.965504,11219800
2006-04-25,77.279999,77.279999,74.769997,74.930000,48.383511,7536800
2006-04-26,76.059998,76.800003,75.610001,75.949997,49.042145,4612700
2006-04-27,74.989998,75.650002,73.849998,75.059998,48.467442,6142000
2006-04-28,75.500000,76.099998,75.099998,75.739998,48.906548,4432600
2006-05-01,76.199997,76.610001,75.410004,75.629997,48.835510,4253000
2006-05-02,75.940002,77.660004,75.820000,77.480003,50.030102,3857400
2006-05-03,77.949997,78.230003,76.599998,78.099998,50.430439,3639700
2006-05-04,78.500000,79.129997,78.320000,78.809998,50.888885,3640800
2006-05-05,79.580002,80.889999,79.400002,79.980003,51.644371,6022400
2006-05-08,79.989998,80.120003,78.910004,79.900002,51.592701,2725300
2006-05-09,80.000000,81.139999,79.989998,81.139999,52.393410,2969200
2006-05-10,81.389999,82.029999,80.250000,80.970001,52.283653,3969300
2006-05-11,80.970001,81.300003,79.339996,79.620003,51.411911,4367800
2006-05-12,79.250000,79.500000,77.680000,77.809998,50.243195,4548700
2006-05-15,77.809998,77.900002,76.220001,77.470001,50.023624,4918300
2006-05-16,77.959999,78.970001,77.120003,77.339996,49.939674,3756000
2006-05-17,76.389999,77.160004,75.010002,75.910004,49.016323,6110900
2006-05-18,76.089996,76.449997,74.349998,74.620003,48.183357,6260200
2006-05-19,74.989998,75.080002,72.099998,72.779999,46.995205,10337300
2006-05-22,72.000000,73.379997,71.949997,72.870003,47.053314,7251400
2006-05-23,73.709999,74.750000,73.669998,73.720001,47.602215,5703600
2006-05-24,73.400002,75.199997,72.180000,73.589996,47.518253,6460100
2006-05-25,73.720001,74.080002,72.440002,73.959999,47.757160,3761000
2006-05-26,74.250000,74.820000,73.330002,74.419998,48.054195,2748000
2006-05-30,74.430000,74.440002,72.059998,72.160004,46.594875,4130200
2006-05-31,72.580002,73.419998,71.400002,72.949997,47.104988,4032900
2006-06-01,72.709999,73.470001,71.860001,73.290001,47.324547,2910300
2006-06-02,73.550003,73.550003,72.129997,72.809998,47.014595,3730500
2006-06-05,72.800003,72.809998,68.809998,69.330002,44.767509,6863900
2006-06-06,69.250000,70.019997,68.099998,68.480003,44.218636,8730300
2006-06-07,68.699997,68.750000,66.410004,66.739998,43.095081,9781200
2006-06-08,66.400002,67.540001,64.410004,66.889999,43.191956,11897800
2006-06-09,67.889999,69.050003,67.300003,67.519997,43.598759,7943000
2006-06-12,68.400002,68.400002,66.059998,66.320000,42.823891,6336200
2006-06-13,65.629997,67.500000,65.410004,66.330002,42.830345,6267800
2006-06-14,65.949997,67.580002,65.900002,67.480003,43.572910,5343500
2006-06-15,68.500000,71.050003,68.500000,70.849998,45.748981,8440000
2006-06-16,70.849998,71.370003,70.349998,70.550003,45.555275,6861400
2006-06-19,71.000000,71.449997,69.500000,69.949997,45.167854,5340400
2006-06-20,70.379997,71.639999,70.199997,70.989998,45.839382,5368800
2006-06-21,70.989998,73.449997,70.980003,72.470001,46.795052,5502100
2006-06-22,72.599998,72.660004,71.360001,72.279999,46.672352,3356000
2006-06-23,72.050003,73.250000,71.150002,72.139999,46.581959,3331200
2006-06-26,72.400002,72.959999,71.580002,72.480003,46.801514,2525900
2006-06-27,71.599998,72.970001,71.519997,71.650002,46.265572,2586300
2006-06-28,71.660004,72.930000,71.410004,72.709999,46.950024,2921500
2006-06-29,72.849998,74.690002,72.680000,74.400002,48.041283,5138200
2006-06-30,74.949997,74.949997,73.419998,74.480003,48.092953,3913600
2006-07-03,74.919998,75.430000,74.480003,74.769997,48.280197,1908300
2006-07-05,73.699997,73.800003,72.879997,73.129997,47.221218,5035500
2006-07-06,73.120003,74.239998,72.949997,73.650002,47.556984,3175700
2006-07-07,73.400002,73.940002,72.360001,72.580002,46.866074,3333800
2006-07-10,72.750000,74.099998,72.500000,73.269997,47.311642,2609100
2006-07-11,73.279999,73.610001,72.589996,73.400002,47.395561,3400100
2006-07-12,73.019997,73.199997,71.139999,71.309998,46.045998,3876700
2006-07-13,71.059998,71.070000,69.650002,69.699997,45.006413,4981100
2006-07-14,70.000000,70.290001,68.800003,69.190002,44.677094,5557000
2006-07-17,69.190002,70.190002,69.000000,69.190002,44.677094,5693500
2006-07-18,69.599998,70.150002,68.059998,69.470001,45.053249,4852200
2006-07-19,69.470001,71.790001,68.379997,71.120003,46.123302,5557000
2006-07-20,71.370003,71.870003,68.620003,69.080002,44.800323,7216100
2006-07-21,71.000000,71.099998,67.099998,68.349998,44.326885,14422200
2006-07-24,69.449997,70.559998,68.220001,70.519997,45.734196,7134900
2006-07-25,70.500000,71.019997,69.330002,70.660004,45.824993,5465200
2006-07-26,70.769997,70.930000,69.800003,70.129997,45.481274,3526900
2006-07-27,70.500000,72.620003,70.239998,70.720001,45.863899,6082600
2006-07-28,71.300003,71.709999,70.400002,71.209999,46.181679,3026700
2006-07-31,71.000000,71.660004,70.449997,70.870003,45.961185,3414900
2006-08-01,70.120003,70.430000,69.120003,69.709999,45.208885,4513100
2006-08-02,69.919998,71.209999,69.919998,70.750000,45.883358,3056500
2006-08-03,70.250000,72.900002,69.919998,72.730003,47.167435,4899600
2006-08-04,73.470001,74.080002,72.239998,73.099998,47.407417,5194900
2006-08-07,73.129997,73.919998,72.529999,73.180000,47.459290,3873200
2006-08-08,73.190002,73.430000,71.269997,71.599998,46.434608,4139900
2006-08-09,72.300003,72.349998,68.400002,68.519997,44.437149,8317100
2006-08-10,68.750000,69.040001,68.059998,68.320000,44.307415,6736000
2006-08-11,68.150002,68.220001,66.150002,67.029999,43.470829,7035500
2006-08-14,67.599998,68.610001,65.519997,65.959999,42.776920,8324400
2006-08-15,66.459999,67.459999,65.900002,67.410004,43.717278,6886400
2006-08-16,68.169998,69.550003,67.660004,69.110001,44.819786,6774700
2006-08-17,69.110001,70.040001,68.750000,69.360001,44.981899,3738500
2006-08-18,69.750000,69.750000,67.690002,68.309998,44.300953,5815800
2006-08-21,68.250000,68.430000,67.610001,68.250000,44.262058,3925100
2006-08-22,68.419998,69.099998,68.110001,68.500000,44.424152,3695900
2006-08-23,68.750000,69.209999,67.080002,67.209999,43.587566,4547100
2006-08-24,67.209999,67.220001,64.750000,65.500000,42.478580,8911600
2006-08-25,65.500000,66.459999,65.250000,65.989998,42.796356,3964500
2006-08-28,66.129997,66.989998,65.820000,66.070000,42.848251,3839300
2006-08-29,66.269997,66.470001,65.110001,65.449997,42.446175,4912700
2006-08-30,65.099998,65.730003,64.820000,65.059998,42.193230,4251500
2006-08-31,65.300003,66.559998,64.949997,66.349998,43.029827,6410000
2006-09-01,66.669998,67.800003,65.949997,67.269997,43.626472,5712000
2006-09-05,68.849998,69.870003,67.959999,69.680000,45.189438,8504900
2006-09-06,69.010002,70.400002,69.010002,69.129997,44.832748,5589300
2006-09-07,68.449997,68.650002,67.699997,67.760002,43.944263,5196300
2006-09-08,68.099998,68.199997,67.269997,67.320000,43.658924,4313000
2006-09-11,67.010002,67.010002,65.339996,65.510002,42.485081,7893300
2006-09-12,65.750000,66.040001,64.599998,65.150002,42.251602,12080000
2006-09-13,65.160004,67.139999,65.139999,66.330002,43.016857,7132700
2006-09-14,66.330002,66.669998,65.449997,65.510002,42.485081,3498800
2006-09-15,66.300003,66.300003,65.290001,65.430000,42.433197,6408900
2006-09-18,65.510002,67.599998,65.500000,66.989998,43.444889,5674400
2006-09-19,67.550003,67.599998,65.889999,66.559998,43.166019,3997800
2006-09-20,66.949997,67.250000,65.849998,65.879997,42.725025,4903400
2006-09-21,66.370003,66.389999,64.230003,64.540001,41.855995,8953900
2006-09-22,64.540001,64.669998,62.090000,62.770000,40.708118,11133500
2006-09-25,62.970001,64.900002,62.759998,64.330002,41.719807,7679700
2006-09-26,64.360001,66.500000,64.290001,65.900002,42.738003,7622500
2006-09-27,65.900002,66.849998,65.139999,65.680000,42.595318,5032600
2006-09-28,65.639999,66.589996,65.169998,66.589996,43.185478,5875500
2006-09-29,67.000000,67.059998,65.750000,65.800003,42.673149,4279900
2006-10-02,65.449997,66.480003,65.300003,65.360001,42.387798,4272400
2006-10-03,65.370003,65.709999,64.489998,65.110001,42.225662,5630500
2006-10-04,63.810001,65.540001,63.500000,65.540001,42.504532,7106300
2006-10-05,65.400002,68.809998,65.300003,68.239998,44.255554,12215500
2006-10-06,67.510002,68.110001,66.540001,68.050003,44.132336,6587800
2006-10-09,67.800003,69.949997,67.779999,68.900002,44.683582,6839600
2006-10-10,69.300003,69.410004,68.489998,69.059998,44.787346,4698200
2006-10-11,68.800003,68.809998,67.519997,68.320000,44.307415,3445200
2006-10-12,68.699997,69.669998,68.559998,69.250000,44.910568,4324200
2006-10-13,69.449997,69.449997,68.680000,69.080002,44.800323,3486100
2006-10-16,69.330002,70.250000,69.000000,69.930000,45.351559,6685500
2006-10-17,69.680000,70.120003,68.570000,69.900002,45.332111,6039100
2006-10-18,70.760002,70.919998,68.699997,69.080002,44.800323,6577300
2006-10-19,68.690002,69.150002,68.089996,69.019997,44.956642,4933800
2006-10-20,61.959999,62.279999,58.820000,59.000000,38.430046,67780400
2006-10-23,60.000000,60.630001,59.160000,60.419998,39.354973,22097200
2006-10-24,61.299999,61.799999,60.730000,60.930000,39.687164,11647100
2006-10-25,61.240002,62.090000,60.779999,61.910000,40.325500,11557400
2006-10-26,62.700001,62.779999,62.110001,62.349998,40.612087,10545200
2006-10-27,62.349998,62.349998,61.220001,61.270000,39.908630,9043700
2006-10-30,61.169998,61.189999,60.490002,60.759998,39.576443,5365800
2006-10-31,61.000000,61.130001,60.340000,60.709999,39.543869,6959600
2006-11-01,60.709999,61.020000,60.060001,60.500000,39.407085,9107300
2006-11-02,60.500000,61.119999,60.250000,60.560001,39.446167,7879900
2006-11-03,60.630001,60.930000,60.250000,60.430000,39.361488,6511800
2006-11-06,60.400002,60.590000,59.680000,59.849998,38.983715,9579000
2006-11-07,59.970001,60.400002,59.860001,59.919998,39.029297,7659600
2006-11-08,59.919998,60.400002,59.540001,60.099998,39.146538,11509700
2006-11-09,60.310001,60.400002,59.000000,59.200001,38.560329,7779700
2006-11-10,59.450001,59.689999,58.990002,59.599998,38.820866,5966900
2006-11-13,59.259998,60.209999,59.240002,59.520000,38.768757,5139300
2006-11-14,59.900002,60.439999,59.660000,60.360001,39.315899,6206800
2006-11-15,60.500000,61.660000,60.369999,61.450001,40.025867,8616700
2006-11-16,61.650002,62.110001,61.310001,61.369999,39.973763,4834000
2006-11-17,61.369999,61.369999,60.450001,60.939999,39.693687,7929600
2006-11-20,60.509998,61.080002,60.500000,60.910000,39.674149,3759100
2006-11-21,60.549999,62.400002,60.200001,62.189999,40.507877,9020900
2006-11-22,62.930000,63.099998,61.880001,62.790001,40.898689,7005400
2006-11-24,62.450001,63.330002,62.119999,62.869999,40.950794,2965800
2006-11-27,62.599998,63.189999,61.849998,61.970001,40.364578,5817900
2006-11-28,61.750000,61.959999,60.599998,61.599998,40.123566,6687500
2006-11-29,62.049999,62.459999,61.700001,62.060001,40.423199,3592400
2006-11-30,62.150002,62.700001,61.610001,62.029999,40.403660,3997000
2006-12-01,62.439999,62.439999,60.299999,61.189999,39.856529,7193700
2006-12-04,61.389999,61.790001,60.950001,61.490002,40.051926,4950300
2006-12-05,61.500000,62.500000,61.389999,62.150002,40.481808,4508600
2006-12-06,62.299999,63.099998,62.040001,63.049999,41.068062,6066400
2006-12-07,63.250000,63.950001,62.750000,63.000000,41.035473,5392600
2006-12-08,63.000000,63.880001,63.000000,63.400002,41.296017,4098700
2006-12-11,63.599998,63.660000,62.660000,63.070000,41.081070,4699700
2006-12-12,63.000000,63.299999,61.560001,62.279999,40.566509,6677100
2006-12-13,62.480000,62.500000,61.290001,61.490002,40.051926,5110000
2006-12-14,61.689999,62.470001,61.509998,62.119999,40.462276,5352400
2006-12-15,62.639999,62.740002,61.750000,61.820000,40.266865,5763700
2006-12-18,62.169998,62.590000,61.660000,61.919998,40.332005,5306900
2006-12-19,61.470001,62.000000,61.150002,61.520000,40.071480,4304900
2006-12-20,61.400002,61.889999,60.900002,61.369999,39.973763,5575900
2006-12-21,61.150002,61.529999,60.380001,60.810001,39.608997,3249100
2006-12-22,60.810001,60.889999,60.349998,60.590000,39.465702,2788000
2006-12-26,60.500000,61.130001,60.490002,60.900002,39.667618,1933100
2006-12-27,61.000000,61.580002,60.900002,61.470001,40.038898,2773800
2006-12-28,61.380001,61.849998,61.270000,61.310001,39.934681,2402400
2006-12-29,61.119999,61.650002,61.060001,61.330002,39.947720,2363600
2007-01-03,61.709999,62.310001,60.700001,61.160000,39.836983,6134800
2007-01-04,61.250000,61.279999,60.340000,61.000000,39.732773,4058900
2007-01-05,60.770000,60.919998,59.950001,60.220001,39.224701,6267100
2007-01-08,60.090000,60.570000,59.860001,60.290001,39.270298,3942900
2007-01-09,60.459999,60.700001,60.000000,60.619999,39.485249,3928300
2007-01-10,60.189999,60.389999,59.849998,60.320000,39.289833,6825100
2007-01-11,60.139999,60.580002,59.900002,60.000000,39.081402,7440900
2007-01-12,59.660000,59.900002,59.200001,59.740002,38.912060,6560800
2007-01-16,59.869999,59.930000,59.099998,59.240002,38.586365,6842100
2007-01-17,59.360001,60.680000,59.250000,59.910000,39.022785,7255600
2007-01-18,59.599998,60.299999,59.599998,59.900002,39.212639,7027500
2007-01-19,60.099998,60.200001,59.279999,59.369999,38.865665,5561400
2007-01-22,59.369999,59.529999,57.980000,58.169998,38.080124,9881000
2007-01-23,58.430000,59.560001,58.169998,59.560001,38.990055,8587300
2007-01-24,59.790001,60.119999,59.049999,59.730000,39.101337,8014800
2007-01-25,59.849998,60.119999,59.380001,59.630001,39.035877,7481400
2007-01-26,61.259998,61.419998,60.500000,61.090000,39.991646,12450500
2007-01-29,61.290001,62.290001,61.070000,61.700001,40.390980,9608800
2007-01-30,62.150002,63.160000,61.959999,62.880001,41.163445,8941400
2007-01-31,63.139999,64.339996,62.980000,64.070000,41.942459,9617800
2007-02-01,64.800003,65.250000,64.449997,64.989998,42.544712,10272800
2007-02-02,65.000000,65.370003,64.550003,65.250000,42.714928,5971000
2007-02-05,65.250000,65.300003,64.309998,64.489998,42.217419,5253400
2007-02-06,64.500000,64.949997,64.320000,64.419998,42.171577,4873100
2007-02-07,64.900002,65.900002,64.650002,65.639999,42.970230,6546300
2007-02-08,65.580002,65.849998,64.860001,65.629997,42.963688,4528600
2007-02-09,65.989998,65.989998,64.690002,64.800003,42.420334,5576200
2007-02-12,64.750000,65.180000,64.279999,64.599998,42.289410,4974700
2007-02-13,64.699997,65.180000,64.309998,64.730003,42.374519,4965100
2007-02-14,65.449997,66.480003,65.169998,66.160004,43.310642,7495500
2007-02-15,68.000000,68.199997,67.000000,67.620003,44.266415,9566900
2007-02-16,67.790001,68.040001,67.300003,67.669998,44.299137,4249900
2007-02-20,67.540001,68.000000,67.010002,67.930000,44.469349,6964300
2007-02-21,67.589996,68.360001,67.330002,68.209999,44.652630,7225300
2007-02-22,68.250000,68.430000,67.330002,67.779999,44.371151,4989400
2007-02-23,67.510002,67.660004,67.070000,67.260002,44.030735,3777200
2007-02-26,67.510002,67.769997,67.070000,67.260002,44.030735,3990400
2007-02-27,66.050003,66.169998,63.509998,64.830002,42.439983,10791600
2007-02-28,64.669998,65.059998,63.009998,64.430000,42.178131,9555400
2007-03-01,63.900002,64.290001,62.750000,63.900002,41.831177,7993700
2007-03-02,63.400002,64.160004,62.939999,63.040001,41.268185,6037300
2007-03-05,62.520000,63.799999,62.340000,63.169998,41.353294,6710700
2007-03-06,63.560001,64.129997,63.189999,63.619999,41.647861,5360600
2007-03-07,63.730000,64.650002,63.630001,64.230003,42.047199,5284300
2007-03-08,64.559998,64.989998,64.000000,64.300003,42.093029,4206200
2007-03-09,64.459999,64.800003,64.010002,64.400002,42.158489,3267700
2007-03-12,64.300003,64.889999,63.630001,64.570000,42.269775,4949100
2007-03-13,64.110001,64.650002,63.180000,63.340000,41.464573,6297900
2007-03-14,63.209999,63.779999,62.580002,63.639999,41.660957,6611900
2007-03-15,63.490002,63.910000,63.169998,63.459999,41.543129,4546400
2007-03-16,63.720001,64.110001,62.900002,63.160000,41.346737,5239200
2007-03-19,64.650002,64.750000,63.889999,64.169998,42.007912,5076000
2007-03-20,64.169998,65.180000,64.010002,64.860001,42.459606,4730600
2007-03-21,65.099998,66.449997,64.989998,66.209999,43.343365,5864200
2007-03-22,66.620003,66.870003,65.940002,66.540001,43.559410,4674200
2007-03-23,66.650002,67.430000,66.599998,66.879997,43.781975,3955400
2007-03-26,67.449997,67.720001,66.260002,66.839996,43.755795,7645500
2007-03-27,66.309998,67.040001,66.139999,66.879997,43.781975,4266500
2007-03-28,66.550003,66.739998,65.750000,66.239998,43.363018,4428700
2007-03-29,66.669998,66.910004,65.629997,66.190002,43.330280,3752400
2007-03-30,66.699997,67.690002,66.650002,67.029999,43.880180,6216000
2007-04-02,67.040001,67.150002,66.019997,66.750000,43.696896,4917200
2007-04-03,67.209999,67.699997,66.839996,67.239998,44.017635,5065400
2007-04-04,67.239998,67.760002,66.930000,67.480003,44.174759,3255600
2007-04-05,67.480003,68.000000,67.400002,67.629997,44.272957,3632700
2007-04-09,67.760002,68.190002,67.080002,67.339996,44.083111,3780700
2007-04-10,67.199997,67.550003,66.400002,66.949997,43.827812,3700000
2007-04-11,67.000000,67.169998,66.050003,66.349998,43.435020,3778800
2007-04-12,66.099998,66.750000,65.860001,66.639999,43.624882,4017800
2007-04-13,66.949997,67.029999,66.330002,66.790001,43.723061,3449700
2007-04-16,67.029999,67.330002,66.470001,66.900002,43.795059,5126400
2007-04-17,67.000000,67.760002,66.800003,67.660004,44.292603,7919000
2007-04-18,68.410004,69.860001,68.410004,69.370003,45.412025,9469600
2007-04-19,68.699997,68.930000,68.080002,68.620003,45.116177,6962400
2007-04-20,72.029999,72.830002,70.709999,71.820000,47.220081,19014800
2007-04-23,72.199997,73.000000,71.739998,71.849998,47.239803,10759000
2007-04-24,71.900002,72.940002,71.830002,72.809998,47.870991,6840800
2007-04-25,73.000000,73.489998,72.010002,73.230003,48.147129,5801600
2007-04-26,73.050003,73.339996,72.610001,73.000000,47.995911,4474400
2007-04-27,72.599998,74.099998,72.500000,73.760002,48.495605,6509400
2007-04-30,73.559998,73.919998,72.510002,72.620003,47.746067,5221000
2007-05-01,72.599998,73.309998,71.779999,73.239998,48.153709,5284800
2007-05-02,73.309998,74.290001,73.150002,73.400002,48.258896,4313500
2007-05-03,73.309998,73.690002,72.889999,73.360001,48.232601,4111400
2007-05-04,73.800003,74.180000,72.830002,73.099998,48.061649,3466500
2007-05-07,72.949997,73.419998,72.379997,72.669998,47.778938,3632400
2007-05-08,72.500000,73.849998,72.239998,73.430000,48.278629,4548500
2007-05-09,73.400002,74.760002,73.300003,74.750000,49.146492,5651900
2007-05-10,74.510002,74.900002,73.410004,73.809998,48.528469,4533500
2007-05-11,74.099998,75.000000,73.849998,74.879997,49.231968,5549100
2007-05-14,75.000000,76.459999,74.599998,76.300003,50.165588,8043400
2007-05-15,76.029999,76.839996,75.790001,76.010002,49.974918,5614100
2007-05-16,76.500000,76.790001,75.129997,75.949997,49.935471,5897500
2007-05-17,75.180000,75.199997,73.849998,74.839996,49.205658,6486100
2007-05-18,75.010002,75.250000,74.470001,74.769997,49.159657,5199400
2007-05-21,74.769997,75.260002,74.320000,74.849998,49.212238,4445700
2007-05-22,74.849998,75.730003,74.779999,75.510002,49.646179,4168700
2007-05-23,75.879997,77.250000,75.809998,76.029999,49.988056,5682700
2007-05-24,76.029999,76.980003,75.080002,75.430000,49.593590,6316100
2007-05-25,75.370003,76.589996,75.349998,75.709999,49.777660,3337400
2007-05-29,75.820000,76.309998,75.279999,75.750000,49.803986,3813500
2007-05-30,75.400002,78.639999,75.300003,78.480003,51.598904,8529600
2007-05-31,78.599998,78.889999,77.879997,78.580002,51.664635,5709700
2007-06-01,78.849998,79.459999,77.739998,78.139999,51.375332,6532100
2007-06-04,77.989998,78.410004,77.510002,78.290001,51.473972,3212700
2007-06-05,78.120003,78.879997,77.800003,78.650002,51.710659,3480600
2007-06-06,78.120003,79.120003,78.000000,78.680000,51.730358,5391900
2007-06-07,78.430000,79.279999,77.099998,77.309998,50.829643,6367900
2007-06-08,77.239998,78.580002,77.050003,78.519997,51.625179,5047500
2007-06-11,78.320000,79.459999,78.059998,78.750000,51.776398,3694100
2007-06-12,78.300003,79.330002,78.019997,78.080002,51.335915,4579000
2007-06-13,78.459999,79.970001,78.010002,79.930000,52.552254,7961800
2007-06-14,79.480003,81.000000,79.480003,80.730003,53.078213,6187700
2007-06-15,81.550003,81.599998,81.000000,81.110001,53.328064,5875000
2007-06-18,81.110001,82.129997,81.059998,81.849998,53.814613,4548500
2007-06-19,81.849998,82.800003,81.580002,82.489998,54.235378,4052300
2007-06-20,82.879997,82.889999,81.260002,81.379997,53.505573,4160800
2007-06-21,81.010002,81.629997,80.220001,81.470001,53.564762,5261900
2007-06-22,81.470001,81.989998,80.769997,80.900002,53.189999,5134200
2007-06-25,80.650002,81.580002,80.150002,80.699997,53.058479,4386400
2007-06-26,80.949997,81.139999,80.199997,80.290001,52.788925,5537900
2007-06-27,80.019997,80.290001,78.440002,79.510002,52.276104,7854800
2007-06-28,79.550003,79.629997,78.650002,79.089996,51.999954,4736600
2007-06-29,79.019997,79.349998,77.529999,78.300003,51.480549,7513400
2007-07-02,78.599998,80.870003,78.510002,80.449997,52.894104,4866900
2007-07-03,79.190002,79.190002,77.599998,77.989998,51.276737,6246900
2007-07-05,78.000000,78.379997,77.160004,77.489998,50.947990,4410300
2007-07-06,77.760002,79.139999,77.599998,78.809998,51.815857,4731900
2007-07-09,79.239998,80.790001,79.080002,79.830002,52.486481,6499300
2007-07-10,80.019997,81.839996,80.000000,81.220001,53.400383,10013300
2007-07-11,81.400002,82.580002,81.220001,82.169998,54.025002,6648900
2007-07-12,82.980003,84.150002,82.169998,84.089996,55.287323,7163500
2007-07-13,84.900002,85.900002,84.669998,85.129997,55.971123,6337700
2007-07-16,85.970001,86.489998,85.260002,85.900002,56.477379,6032800
2007-07-17,86.250000,87.000000,85.989998,86.470001,56.852173,5677700
2007-07-18,85.980003,86.980003,84.830002,86.230003,56.931370,7014200
2007-07-19,86.760002,87.000000,85.629997,86.980003,57.426537,6256100
2007-07-20,79.750000,83.199997,78.260002,83.199997,54.930885,38719900
2007-07-23,82.470001,82.989998,81.389999,82.000000,54.138622,10070300
2007-07-24,81.820000,82.370003,80.910004,81.660004,53.914135,8273000
2007-07-25,82.019997,82.059998,79.559998,80.500000,53.148266,9406700
2007-07-26,79.480003,80.830002,76.800003,78.290001,51.689159,11559100
2007-07-27,78.699997,79.980003,75.250000,76.019997,50.190441,12589000
2007-07-30,76.989998,77.750000,75.669998,77.040001,50.863880,6763900
2007-07-31,78.110001,79.699997,77.870003,78.800003,52.025902,11029000
2007-08-01,78.610001,80.279999,78.080002,80.129997,52.903980,10205100
2007-08-02,80.250000,80.800003,79.000000,80.669998,53.260506,6631600
2007-08-03,80.110001,81.419998,78.919998,78.959999,52.131508,7816900
2007-08-06,79.000000,81.110001,77.650002,81.000000,53.478367,7033600
2007-08-07,80.379997,81.559998,79.459999,80.440002,53.108639,6449800
2007-08-08,80.300003,82.129997,79.690002,80.900002,53.412331,6859400
2007-08-09,79.620003,80.480003,78.410004,78.480003,51.814617,8139000
2007-08-10,77.680000,78.500000,76.889999,77.550003,51.200611,8464000
2007-08-13,78.110001,79.300003,77.809998,77.900002,51.431694,3866600
2007-08-14,77.910004,78.209999,76.589996,76.769997,50.685631,5190900
2007-08-15,76.500000,77.320000,74.529999,74.949997,49.483997,7455600
2007-08-16,73.000000,74.110001,70.589996,73.000000,48.196568,16052900
2007-08-17,75.239998,75.699997,71.809998,72.639999,47.958874,10761200
2007-08-20,72.970001,74.800003,72.230003,74.050003,48.889793,6780200
2007-08-21,74.309998,75.000000,73.300003,74.279999,49.041664,4737700
2007-08-22,75.250000,76.239998,74.879997,75.300003,49.715092,5236400
2007-08-23,75.980003,76.500000,74.320000,75.169998,49.629242,5548200
2007-08-24,75.430000,76.410004,74.800003,76.320000,50.388508,3483400
2007-08-27,75.870003,76.889999,75.510002,76.000000,50.177254,3136400
2007-08-28,75.980003,76.239998,74.089996,74.160004,48.962429,4653000
2007-08-29,74.230003,75.099998,73.349998,75.040001,49.543449,4401200
2007-08-30,74.470001,75.699997,74.199997,74.660004,49.292542,3579600
2007-08-31,75.660004,76.279999,75.209999,75.769997,50.025394,3341500
2007-09-04,75.800003,77.370003,75.470001,76.849998,50.738461,4472000
2007-09-05,76.250000,76.949997,75.059998,75.540001,49.873539,4675700
2007-09-06,75.699997,76.820000,74.680000,75.750000,50.012188,4614200
2007-09-07,74.199997,74.500000,73.099998,73.440002,48.487064,6396200
2007-09-10,73.550003,74.470001,72.639999,73.739998,48.685139,4753800
2007-09-11,74.099998,74.779999,73.500000,73.889999,48.784184,4688900
2007-09-12,73.739998,74.000000,72.500000,72.769997,48.044704,5656100
2007-09-13,73.169998,73.400002,72.620003,72.989998,48.189964,4667100
2007-09-14,72.290001,73.800003,72.199997,73.160004,48.302212,4028800
2007-09-17,73.000000,74.599998,73.000000,73.690002,48.652122,4660800
2007-09-18,74.199997,77.959999,74.180000,77.459999,51.141171,7461900
2007-09-19,78.660004,80.169998,77.650002,77.910004,51.438282,7598000
2007-09-20,77.900002,77.919998,76.610001,77.370003,51.081787,4506500
2007-09-21,78.139999,78.360001,77.370003,78.160004,51.603348,5950300
2007-09-24,78.639999,79.750000,77.449997,77.720001,51.312832,5683000
2007-09-25,76.980003,77.309998,75.970001,76.370003,50.421535,6759000
2007-09-26,76.779999,76.779999,75.379997,76.660004,50.612984,6032600
2007-09-27,77.029999,78.029999,76.750000,77.470001,51.147781,4773400
2007-09-28,77.500000,79.000000,77.440002,78.430000,51.781620,5644800
2007-10-01,78.910004,80.040001,78.430000,79.559998,52.527653,4480100
2007-10-02,79.970001,80.169998,78.430000,79.639999,52.580486,5048900
2007-10-03,79.639999,79.650002,78.050003,78.559998,51.867428,4610400
2007-10-04,78.570000,78.989998,77.169998,78.639999,51.920238,4306000
2007-10-05,79.010002,81.000000,79.010002,80.330002,53.036015,6658300
2007-10-08,80.739998,81.610001,80.480003,81.339996,53.702831,3633100
2007-10-09,81.690002,82.739998,81.080002,82.510002,54.475327,4899600
2007-10-10,82.400002,82.410004,80.339996,81.160004,53.584007,5167600
2007-10-11,81.529999,81.760002,78.620003,79.440002,52.448418,6784000
2007-10-12,79.900002,80.449997,78.860001,80.300003,53.016209,4482700
2007-10-15,80.099998,80.099998,77.750000,78.839996,52.052284,6570500
2007-10-16,78.500000,78.989998,77.300003,77.750000,51.332615,6320200
2007-10-17,78.349998,78.860001,76.250000,77.129997,50.923283,7299000
2007-10-18,76.800003,77.750000,75.250000,77.660004,51.513649,7790900
2007-10-19,74.610001,75.699997,72.800003,73.570000,48.800659,19710700
2007-10-22,72.650002,74.110001,71.629997,73.500000,48.754223,10289100
2007-10-23,73.800003,74.599998,73.089996,74.419998,49.364494,7150800
2007-10-24,74.000000,75.980003,74.000000,75.790001,50.273247,9153500
2007-10-25,75.239998,75.849998,73.580002,74.669998,49.530334,6588900
2007-10-26,74.599998,75.099998,73.750000,75.040001,49.775768,4844400
2007-10-29,75.010002,75.360001,73.800003,73.900002,49.019554,6442200
2007-10-30,73.849998,74.290001,73.230003,73.459999,48.727692,4088700
2007-10-31,73.410004,75.160004,73.250000,74.610001,49.490543,6216400
2007-11-01,74.290001,74.290001,72.839996,73.309998,48.628216,6177600
2007-11-02,73.510002,75.129997,72.570000,74.760002,49.590031,5967900
2007-11-05,73.559998,74.120003,73.120003,73.500000,48.754223,5979600
2007-11-06,73.559998,75.000000,73.500000,74.919998,49.696159,5091300
2007-11-07,74.010002,74.980003,73.599998,73.599998,48.820572,4672300
2007-11-08,73.660004,73.830002,71.820000,72.430000,48.044483,9649900
2007-11-09,71.940002,72.099998,69.669998,70.410004,46.704571,8790800
2007-11-12,70.250000,70.550003,69.480003,69.599998,46.167278,7588200
2007-11-13,70.089996,71.300003,69.029999,71.070000,47.142357,7243000
2007-11-14,71.639999,72.000000,69.849998,70.029999,46.452503,7500400
2007-11-15,69.889999,70.650002,69.290001,69.730003,46.253517,7699600
2007-11-16,70.059998,70.250000,68.540001,69.440002,46.061165,7640300
2007-11-19,69.400002,69.500000,67.410004,68.199997,45.238636,7385700
2007-11-20,68.169998,69.230003,67.160004,68.279999,45.291679,7487700
2007-11-21,67.580002,68.730003,67.000000,67.940002,45.066154,6311100
2007-11-23,68.529999,68.730003,67.639999,68.629997,45.523846,2459900
2007-11-26,68.760002,69.709999,67.750000,67.830002,44.993210,4521900
2007-11-27,68.050003,69.430000,67.900002,68.820000,45.649872,7098800
2007-11-28,69.480003,71.349998,68.820000,71.190002,47.221958,6637000
2007-11-29,71.099998,72.339996,70.750000,71.720001,47.573536,5272100
2007-11-30,72.500000,73.309998,71.330002,71.900002,47.692921,5655000
2007-12-03,71.410004,72.680000,71.029999,72.059998,47.799038,5505400
2007-12-04,71.769997,72.260002,71.300003,72.010002,47.765881,5083200
2007-12-05,72.599998,73.029999,72.209999,72.709999,48.230213,4418300
2007-12-06,72.680000,74.400002,72.370003,74.349998,49.318054,4659200
2007-12-07,74.339996,74.769997,73.709999,74.199997,49.218555,3804500
2007-12-10,74.500000,77.220001,74.199997,76.580002,50.797268,7569700
2007-12-11,76.849998,77.260002,73.660004,73.720001,48.900188,8788500
2007-12-12,75.250000,75.870003,73.160004,73.820000,48.966492,6841900
2007-12-13,73.500000,74.510002,73.290001,74.220001,49.231831,4558100
2007-12-14,73.540001,74.519997,73.300003,73.389999,48.681267,4083100
2007-12-17,72.000000,72.150002,70.910004,71.160004,47.202057,9342800
2007-12-18,71.529999,71.970001,70.070000,71.050003,47.129101,7376600
2007-12-19,70.919998,71.680000,70.169998,70.839996,46.989796,4241800
2007-12-20,71.209999,71.839996,70.709999,71.510002,47.434223,3286600
2007-12-21,72.050003,73.360001,71.370003,72.730003,48.243469,7334400
2007-12-24,73.000000,73.209999,72.099998,72.699997,48.223568,2176100
2007-12-26,72.970001,73.930000,72.449997,73.690002,48.880268,3466500
2007-12-27,72.879997,73.870003,72.419998,72.730003,48.243469,3336500
2007-12-28,73.010002,73.650002,72.900002,73.160004,48.528706,3043600
2007-12-31,73.000000,73.709999,72.389999,72.559998,48.130695,2639600
2008-01-02,72.559998,72.669998,70.050003,70.629997,46.850513,6337800
2008-01-03,71.010002,71.489998,69.940002,70.379997,46.684662,4385900
2008-01-04,69.650002,69.940002,68.099998,68.529999,45.457508,7697200
2008-01-07,69.000000,69.129997,67.800003,68.730003,45.590187,8790400
2008-01-08,68.940002,69.489998,67.040001,67.150002,44.542137,7662300
2008-01-09,67.120003,67.260002,65.250000,67.230003,44.595211,9845500
2008-01-10,66.599998,68.199997,65.540001,67.410004,44.714611,6914600
2008-01-11,67.800003,68.330002,66.000000,66.010002,43.785961,9247500
2008-01-14,66.730003,67.500000,65.839996,67.269997,44.621719,8106700
2008-01-15,66.360001,66.730003,65.220001,65.400002,43.381332,9353400
2008-01-16,65.209999,66.199997,63.900002,64.269997,42.631767,13079600
2008-01-17,64.330002,64.830002,62.139999,62.470001,41.671200,11011400
2008-01-18,63.029999,65.050003,62.299999,62.810001,41.897995,9225400
2008-01-22,59.599998,64.449997,59.599998,63.820000,42.571739,9870200
2008-01-23,62.560001,65.190002,61.189999,65.080002,43.412228,10896500
2008-01-24,65.300003,65.970001,64.209999,65.250000,43.525623,8160300
2008-01-25,67.650002,67.750000,65.110001,65.930000,43.979233,9286700
2008-01-28,66.690002,68.629997,64.970001,68.209999,45.500111,10984100
2008-01-29,68.779999,69.620003,68.489998,68.989998,46.020420,8283600
2008-01-30,68.830002,70.470001,68.290001,68.440002,45.653542,7904500
2008-01-31,67.510002,71.639999,67.500000,70.989998,47.354546,8826800
2008-02-01,71.150002,72.169998,70.599998,71.760002,47.868176,6526400
2008-02-04,71.779999,71.980003,70.599998,70.949997,47.327854,4565300
2008-02-05,69.839996,70.099998,67.519997,67.519997,45.039841,11709400
2008-02-06,68.120003,69.050003,67.550003,67.980003,45.346710,7305000
2008-02-07,67.550003,68.900002,67.320000,68.320000,45.573486,6506000
2008-02-08,68.089996,68.690002,67.620003,68.010002,45.366711,4496000
2008-02-11,68.120003,69.430000,67.559998,69.419998,46.307247,4979000
2008-02-12,69.980003,71.260002,69.610001,70.000000,46.694164,6703400
2008-02-13,70.610001,71.910004,70.150002,71.650002,47.794804,7502000
2008-02-14,71.529999,71.989998,70.190002,70.440002,46.987663,5418800
2008-02-15,70.000000,70.339996,69.180000,69.949997,46.660809,5355800
2008-02-19,70.610001,71.110001,69.860001,70.400002,46.960991,5415300
2008-02-20,69.930000,71.500000,69.459999,71.250000,47.527985,4717500
2008-02-21,71.989998,72.180000,70.550003,70.790001,47.221138,5371200
2008-02-22,70.949997,71.650002,69.820000,71.180000,47.481277,5231500
2008-02-25,71.250000,72.330002,70.629997,72.250000,48.195034,5190100
2008-02-26,72.000000,73.760002,71.779999,73.300003,48.895443,6203900
2008-02-27,73.000000,75.190002,72.529999,74.220001,49.509140,7163300
2008-02-28,73.830002,74.699997,73.150002,74.389999,49.622543,6024500
2008-02-29,73.769997,74.339996,72.000000,72.330002,48.248390,8823500
2008-03-03,72.099998,73.610001,72.099998,73.199997,48.828762,6104700
2008-03-04,72.669998,72.879997,70.470001,71.739998,47.854832,7998400
2008-03-05,72.019997,72.769997,70.889999,71.849998,47.928211,7258800
2008-03-06,71.639999,71.839996,70.639999,70.750000,47.194439,5442600
2008-03-07,70.040001,71.110001,68.900002,69.839996,46.587421,6961000
2008-03-10,70.000000,70.309998,68.300003,68.720001,45.840332,7146000
2008-03-11,69.519997,72.730003,69.519997,72.610001,48.435177,7690800
2008-03-12,73.800003,76.639999,73.750000,75.250000,50.196236,14346200
2008-03-13,74.269997,76.050003,73.330002,75.669998,50.476391,8559700
2008-03-14,76.500000,76.800003,73.480003,74.790001,49.889374,8571100
2008-03-17,72.870003,75.220001,72.510002,74.459999,49.669239,8913600
2008-03-18,75.720001,76.870003,74.629997,76.870003,51.276855,9404400
2008-03-19,76.620003,77.000000,73.730003,73.730003,49.182304,7377400
2008-03-20,74.110001,74.279999,72.800003,73.820000,49.242317,9254000
2008-03-24,74.059998,76.500000,74.059998,76.029999,50.716526,5374000
2008-03-25,76.389999,76.940002,75.320000,76.639999,51.123421,5211600
2008-03-26,76.040001,77.610001,75.870003,77.360001,51.603710,7498900
2008-03-27,77.680000,78.000000,76.709999,77.029999,51.383564,7068200
2008-03-28,77.370003,78.000000,76.440002,77.089996,51.423595,4421300
2008-03-31,77.000000,78.629997,77.000000,78.290001,52.224064,6068700
2008-04-01,78.889999,79.989998,78.790001,79.980003,53.351398,9342800
2008-04-02,79.849998,79.980003,78.089996,78.510002,52.370834,8160000
2008-04-03,78.190002,78.360001,76.779999,77.070000,51.410278,7971500
2008-04-04,76.860001,78.570000,76.849998,77.830002,51.917221,4885200
2008-04-07,78.250000,78.449997,76.970001,77.250000,51.530334,5320900
2008-04-08,76.849998,77.919998,76.470001,77.589996,51.757126,4019000
2008-04-09,77.739998,77.739998,75.650002,76.160004,50.803253,4582900
2008-04-10,76.019997,76.930000,75.500000,75.709999,50.503071,6994500
2008-04-11,75.120003,75.849998,74.379997,74.800003,49.896046,9044900
2008-04-14,74.790001,76.019997,74.699997,75.540001,50.389671,4447000
2008-04-15,76.089996,76.750000,74.910004,75.949997,50.663170,5458400
2008-04-16,76.750000,79.169998,76.519997,79.019997,52.711018,7640200
2008-04-17,77.849998,80.000000,77.610001,78.589996,52.664116,9966100
2008-04-18,81.029999,85.449997,81.000000,85.279999,57.147175,20117900
2008-04-21,83.889999,84.449997,82.050003,83.330002,55.840446,9813300
2008-04-22,83.139999,83.339996,81.349998,82.010002,54.955902,5720100
2008-04-23,82.500000,82.769997,81.370003,81.690002,54.741470,4773400
2008-04-24,81.680000,82.500000,80.519997,81.820000,54.828568,5305700
2008-04-25,82.529999,82.889999,81.209999,82.250000,55.116745,4084500
2008-04-28,82.599998,83.599998,82.300003,83.029999,55.639423,4683900
2008-04-29,82.760002,83.089996,81.400002,81.510002,54.620850,4509500
2008-04-30,82.349998,83.309998,81.650002,81.879997,54.868793,6032000
2008-05-01,81.919998,82.669998,80.550003,82.349998,55.183746,5369900
2008-05-02,83.290001,83.639999,82.120003,82.800003,55.485298,4511400
2008-05-05,83.029999,83.029999,82.000000,82.750000,55.451775,3944500
2008-05-06,81.779999,83.489998,81.779999,83.230003,55.773445,4163100
2008-05-07,82.750000,83.639999,81.470001,81.629997,54.701263,4932000
2008-05-08,82.099998,82.730003,81.510002,82.419998,55.230648,3065500
2008-05-09,81.970001,82.389999,81.330002,81.760002,54.788380,3818900
2008-05-12,82.230003,84.220001,81.709999,83.820000,56.168808,5167200
2008-05-13,84.209999,84.500000,82.699997,84.070000,56.336346,4592000
2008-05-14,83.040001,84.099998,82.169998,82.750000,55.451775,6859800
2008-05-15,82.760002,84.139999,82.400002,83.500000,55.954380,4633300
2008-05-16,83.769997,83.970001,82.589996,83.699997,56.088387,5242000
2008-05-19,83.900002,85.959999,83.629997,84.279999,56.477070,6906700
2008-05-20,83.919998,84.050003,82.750000,83.839996,56.182217,5570300
2008-05-21,83.830002,85.739998,83.040001,83.400002,55.887363,7220200
2008-05-22,83.650002,83.720001,81.940002,82.220001,55.096653,5026900
2008-05-23,81.959999,82.989998,80.599998,81.550003,54.647640,5674900
2008-05-27,81.430000,82.230003,80.839996,81.949997,54.915699,4871400
2008-05-28,82.330002,83.370003,82.110001,83.190002,55.746651,4773700
2008-05-29,83.199997,83.910004,82.589996,82.779999,55.471874,4195900
2008-05-30,83.190002,83.190002,82.230003,82.639999,55.378094,4921700
2008-06-02,82.440002,83.120003,81.790001,82.330002,55.170349,5882900
2008-06-03,82.720001,83.300003,81.660004,82.419998,55.230648,4960200
2008-06-04,82.349998,83.650002,82.000000,82.459999,55.257454,5724100
2008-06-05,81.870003,82.800003,81.000000,82.730003,55.438389,6968200
2008-06-06,81.879997,82.260002,79.989998,79.989998,53.602276,9444800
2008-06-09,80.070000,81.059998,79.660004,80.809998,54.151779,5828900
2008-06-10,80.300003,81.040001,79.830002,80.099998,53.675987,5986000
2008-06-11,79.849998,80.110001,78.519997,78.930000,52.891968,9400100
2008-06-12,79.540001,81.790001,79.540001,80.500000,53.944031,8053500
2008-06-13,80.870003,82.349998,80.650002,81.500000,54.614155,5732500
2008-06-16,81.379997,81.510002,80.550003,80.910004,54.218792,4537700
2008-06-17,81.480003,81.580002,80.610001,80.690002,54.071362,4516000
2008-06-18,80.339996,80.750000,79.470001,79.699997,53.407944,5739200
2008-06-19,79.570000,80.339996,78.730003,79.480003,53.260544,6049100
2008-06-20,79.000000,79.639999,78.519997,79.080002,52.992474,9064400
2008-06-23,79.419998,80.239998,79.110001,80.000000,53.608974,6140900
2008-06-24,79.540001,79.680000,76.580002,76.639999,51.357407,13075000
2008-06-25,77.080002,77.419998,76.000000,76.580002,51.317196,8075200
2008-06-26,75.169998,75.820000,73.889999,74.279999,49.775940,14485800
2008-06-27,74.180000,74.849998,72.690002,73.750000,49.420788,11011800
2008-06-30,73.760002,74.260002,72.559998,73.820000,49.467690,6650600
2008-07-01,72.980003,74.209999,72.089996,74.089996,49.648598,9203000
2008-07-02,74.010002,74.190002,70.339996,70.419998,47.189316,11513100
2008-07-03,70.029999,70.750000,68.930000,70.309998,47.115593,7280100
2008-07-07,70.720001,71.750000,70.000000,70.809998,47.450638,11684900
2008-07-08,71.019997,71.440002,68.760002,69.510002,46.579491,10497600
2008-07-09,70.320000,70.779999,68.330002,68.430000,45.855785,7059100
2008-07-10,68.519997,68.989998,66.680000,68.419998,45.849087,9874200
2008-07-11,67.510002,70.610001,67.000000,69.809998,46.780525,11521800
2008-07-14,70.790001,70.790001,68.949997,69.669998,46.686714,6405900
2008-07-15,68.970001,69.250000,65.849998,67.040001,44.924332,11041700
2008-07-16,67.110001,70.739998,66.529999,70.529999,47.263016,10684300
2008-07-17,69.949997,72.150002,69.949997,71.830002,48.422512,9091200
2008-07-18,72.070000,72.129997,70.370003,70.889999,47.788837,7693400
2008-07-21,71.379997,73.639999,70.550003,73.230003,49.366299,10184800
2008-07-22,75.129997,75.870003,73.750000,74.980003,50.546017,12434000
2008-07-23,73.949997,74.250000,71.669998,72.419998,48.820236,9295800
2008-07-24,72.639999,72.720001,69.589996,69.779999,47.040562,8108600
2008-07-25,69.959999,71.080002,69.800003,70.480003,47.512451,4727300
2008-07-28,70.379997,70.769997,69.110001,69.190002,46.642826,5740500
2008-07-29,69.599998,71.300003,69.419998,70.989998,47.856247,5234700
2008-07-30,71.519997,72.269997,70.620003,72.070000,48.584301,4820500
2008-07-31,71.629997,71.629997,69.370003,69.519997,46.865288,7185500
2008-08-01,69.669998,70.000000,67.879997,68.139999,45.934990,6723700
2008-08-04,68.199997,68.739998,67.190002,67.430000,45.456360,7415700
2008-08-05,67.860001,68.379997,67.339996,68.180000,45.961964,6008700
2008-08-06,67.779999,71.559998,67.360001,70.510002,47.532673,7390800
2008-08-07,70.070000,70.610001,68.699997,68.930000,46.467548,7077800
2008-08-08,69.120003,71.940002,68.389999,70.900002,47.795589,6544300
2008-08-11,70.629997,71.370003,70.050003,70.800003,47.728165,3746900
2008-08-12,70.790001,72.080002,70.440002,71.809998,48.409031,5705300
2008-08-13,69.559998,70.050003,67.720001,69.830002,47.074268,9399200
2008-08-14,68.930000,71.360001,68.260002,70.290001,47.384350,5671200
2008-08-15,70.610001,71.360001,69.800003,70.349998,47.424812,5060800
2008-08-18,70.440002,71.050003,68.690002,69.220001,46.663048,5527400
2008-08-19,68.949997,69.309998,68.250000,68.690002,46.305744,4299800
2008-08-20,68.889999,69.320000,67.900002,68.800003,46.379917,6401900
2008-08-21,68.160004,69.250000,67.610001,68.699997,46.312508,5100700
2008-08-22,69.220001,70.610001,69.089996,70.269997,47.370876,4257500
2008-08-25,70.010002,70.150002,68.139999,68.559998,46.218109,4549800
2008-08-26,68.650002,69.040001,67.930000,68.680000,46.299019,3391400
2008-08-27,68.639999,69.860001,68.620003,69.559998,46.892250,3145100
2008-08-28,70.250000,71.809998,70.139999,71.680000,48.321404,5520700
2008-08-29,71.339996,71.970001,70.459999,70.730003,47.680977,4905300
2008-09-02,71.500000,72.000000,68.650002,69.080002,46.568668,6906600
2008-09-03,68.959999,69.110001,67.190002,67.730003,45.658592,8432000
2008-09-04,66.000000,66.000000,63.000000,63.939999,43.103664,13684600
2008-09-05,63.790001,64.440002,62.919998,64.070000,43.191292,9263500
2008-09-08,66.190002,67.070000,63.279999,64.580002,43.535107,7218000
2008-09-09,64.889999,65.000000,61.380001,61.380001,41.377892,10056300
2008-09-10,61.950001,63.990002,61.709999,62.820000,42.348629,7916800
2008-09-11,62.410000,64.809998,61.209999,64.809998,43.690147,9008200
2008-09-12,63.980000,65.680000,63.160000,65.459999,44.128323,6967900
2008-09-15,63.299999,64.849998,63.020000,63.209999,42.611546,7801200
2008-09-16,61.869999,65.320000,61.849998,64.730003,43.636219,10035200
2008-09-17,63.480000,65.449997,62.799999,63.150002,42.571106,9294000
2008-09-18,63.869999,65.500000,60.040001,65.320000,44.033951,12983300
2008-09-19,70.889999,74.500000,65.959999,66.489998,44.822670,15758600
2008-09-22,66.410004,66.839996,64.599998,64.599998,43.548584,5921200
2008-09-23,64.660004,65.730003,63.009998,63.540001,42.834015,6573900
2008-09-24,63.900002,64.330002,61.240002,61.740002,41.620590,6657400
2008-09-25,62.380001,63.220001,60.750000,61.959999,41.768883,7755400
2008-09-26,60.930000,64.199997,60.669998,64.129997,43.231739,8264000
2008-09-29,62.549999,63.380001,58.110001,59.889999,40.373444,12504600
2008-09-30,61.349998,61.459999,58.200001,59.599998,40.177952,10165500
2008-10-01,58.709999,59.029999,54.889999,56.950001,38.391514,15614000
2008-10-02,56.009998,56.250000,51.910000,52.220001,35.202885,15011700
2008-10-03,53.700001,55.650002,50.980000,51.209999,34.522018,11596500
2008-10-06,50.180000,50.779999,45.770000,49.200001,33.167034,17852500
2008-10-07,50.689999,52.759998,47.080002,47.330002,31.906418,13518900
2008-10-08,46.380001,50.209999,45.820000,47.650002,32.122124,15858800
2008-10-09,48.590000,49.259998,44.259998,44.799999,30.200884,11223300
2008-10-10,42.020000,45.810001,37.070000,43.130001,29.075079,19740000
2008-10-13,45.000000,49.500000,44.860001,49.480000,33.355793,10573100
2008-10-14,51.790001,53.000000,46.610001,47.490002,32.014278,12060500
2008-10-15,45.790001,46.299999,41.980000,42.060001,28.353758,12907900
2008-10-16,42.200001,43.060001,39.580002,42.369999,28.850840,16082300
2008-10-17,41.389999,42.910000,39.009998,39.320000,26.774015,18277600
2008-10-20,39.869999,41.599998,39.000000,40.900002,27.849886,13386100
2008-10-21,40.400002,41.349998,38.520000,38.830002,26.440355,14320400
2008-10-22,38.080002,38.340000,35.680000,36.520000,24.867424,13842100
2008-10-23,36.779999,36.919998,33.860001,35.360001,24.077555,17648000
2008-10-24,32.020000,34.490002,31.950001,33.299999,22.674845,13391800
2008-10-27,32.810001,34.900002,32.349998,32.779999,22.320765,12798100
2008-10-28,34.139999,35.360001,32.000000,34.950001,23.798368,12818200
2008-10-29,35.529999,38.439999,34.500000,36.139999,24.608675,16072900
2008-10-30,37.330002,37.939999,36.250000,37.369999,25.446203,8689300
2008-10-31,37.209999,39.189999,36.099998,38.200001,26.011379,9869200
2008-11-03,38.820000,39.410000,38.000000,39.009998,26.562929,7617800
2008-11-04,40.389999,42.430000,39.830002,42.250000,28.769125,11411400
2008-11-05,42.639999,43.580002,40.099998,40.400002,27.509428,14047600
2008-11-06,39.820000,40.599998,37.340000,37.599998,25.602825,13289300
2008-11-07,38.490002,39.400002,37.349998,38.450001,26.181606,9256600
2008-11-10,40.250000,40.880001,36.820000,37.410000,25.473448,13844100
2008-11-11,36.880001,38.299999,36.570000,36.869999,25.105757,12705800
2008-11-12,36.549999,36.709999,35.049999,35.080002,23.886889,10751000
2008-11-13,35.599998,39.540001,34.400002,39.410000,26.835300,17357500
2008-11-14,38.509998,39.389999,36.709999,36.959999,25.167034,11991200
2008-11-17,36.709999,37.750000,35.299999,35.700001,24.309063,9379100
2008-11-18,35.330002,36.299999,34.730000,36.189999,24.642721,12275800
2008-11-19,36.099998,36.419998,33.799999,33.869999,23.062975,10596400
2008-11-20,33.369999,35.560001,32.230000,32.840000,22.361614,19824100
2008-11-21,33.660000,34.849998,32.099998,34.669998,23.607718,16836200
2008-11-24,36.490002,36.939999,34.599998,36.340000,24.744856,16864600
2008-11-25,36.869999,37.619999,35.660000,37.270000,25.378119,12915500
2008-11-26,36.000000,39.349998,35.700001,39.330002,26.780830,11110900
2008-11-28,39.200001,41.180000,39.200001,40.990002,27.911167,5429800
2008-12-01,38.919998,38.919998,36.369999,36.580002,24.908278,13152700
2008-12-02,37.299999,38.240002,36.529999,38.000000,25.875195,10440200
2008-12-03,37.389999,40.060001,36.930000,39.650002,26.998724,14289200
2008-12-04,39.099998,39.389999,36.910000,37.520000,25.548351,11379200
2008-12-05,37.049999,38.650002,36.689999,38.259998,26.052223,14260300
2008-12-08,40.830002,44.040001,40.400002,42.419998,28.884886,25502000
2008-12-09,42.049999,44.160000,41.259998,42.380001,28.857655,15381700
2008-12-10,43.250000,44.950001,42.900002,43.669998,29.736040,15423400
2008-12-11,43.009998,44.889999,41.700001,42.200001,28.735090,12132100
2008-12-12,40.049999,42.470001,40.000000,42.080002,28.653385,10389000
2008-12-15,42.570000,43.060001,41.500000,42.209999,28.741884,8065200
2008-12-16,42.730000,43.900002,41.119999,43.799999,29.824570,11652300
2008-12-17,43.349998,45.700001,43.009998,44.650002,30.403357,9688000
2008-12-18,45.430000,45.490002,42.009998,42.160000,28.707857,12694700
2008-12-19,42.720001,43.169998,41.910000,42.689999,29.068737,13271200
2008-12-22,43.119999,43.490002,40.820000,41.779999,28.449097,9148600
2008-12-23,42.080002,42.270000,40.650002,41.130001,28.006500,6449900
2008-12-24,41.270000,42.119999,41.000000,41.910000,28.537617,2110200
2008-12-26,41.980000,42.910000,41.900002,42.720001,29.089155,2855200
2008-12-29,42.709999,43.299999,41.709999,42.340000,28.830416,4973200
2008-12-30,42.570000,43.750000,42.009998,43.660000,29.729235,5060400
2008-12-31,43.700001,45.099998,43.700001,44.669998,30.416971,6277400
2009-01-02,44.910000,46.980000,44.709999,46.910000,31.942251,7117200
2009-01-05,46.900002,47.119999,45.810001,46.080002,31.377083,11098700
2009-01-06,46.790001,46.799999,45.410000,45.799999,31.186419,10863400
2009-01-07,45.220001,45.599998,43.200001,43.669998,29.736040,9026500
2009-01-08,42.930000,44.110001,42.520000,44.020000,29.974365,9384200
2009-01-09,43.910000,44.060001,42.250000,43.200001,29.416006,8872300
2009-01-12,43.000000,43.099998,40.630001,41.189999,28.047348,9583700
2009-01-13,41.110001,41.889999,40.549999,41.400002,28.190340,9281600
2009-01-14,40.000000,40.340000,38.250000,39.349998,26.794443,17261700
2009-01-15,39.160000,39.980000,37.290001,39.389999,27.111052,15448300
2009-01-16,40.590000,40.590000,38.060001,39.549999,27.221174,12890100
2009-01-20,39.150002,39.630001,38.000000,38.320000,26.374601,11889900
2009-01-21,39.270000,39.709999,37.720001,39.549999,27.221174,10287000
2009-01-22,38.889999,39.000000,36.330002,37.230000,25.624386,19268200
2009-01-23,35.990002,37.230000,35.009998,35.660000,24.543789,22677400
2009-01-26,33.599998,34.240002,31.700001,32.669998,22.485857,47390400
2009-01-27,33.240002,33.419998,32.099998,32.320000,22.244961,20354500
2009-01-28,33.259998,33.509998,32.619999,33.000000,22.712988,13466700
2009-01-29,32.610001,32.660000,31.629999,31.850000,21.921476,14575000
2009-01-30,31.580000,31.730000,30.059999,30.850000,21.233208,20956900
2009-02-02,30.100000,30.799999,29.600000,30.290001,20.847773,16966700
2009-02-03,29.809999,31.030001,29.809999,29.990000,20.641289,18880200
2009-02-04,30.440001,31.570000,30.200001,30.600000,21.061146,17419200
2009-02-05,30.350000,32.090000,30.200001,31.610001,21.756292,17793300
2009-02-06,32.380001,33.849998,32.209999,33.279999,22.905704,17010100
2009-02-09,33.470001,33.599998,32.400002,32.720001,22.520283,9063700
2009-02-10,32.860001,33.310001,30.610001,30.920000,21.281387,17205600
2009-02-11,31.350000,31.930000,30.650000,31.129999,21.425924,10544900
2009-02-12,30.750000,31.090000,30.030001,31.020000,21.350214,13662000
2009-02-13,31.410000,31.840000,30.850000,30.940001,21.295153,10182000
2009-02-17,30.299999,30.500000,28.520000,28.980000,19.946133,22207000
2009-02-18,29.160000,29.219999,27.770000,28.440001,19.574469,17863600
2009-02-19,28.950001,28.980000,26.860001,27.020000,18.597122,17837600
2009-02-20,26.139999,27.270000,26.020000,26.660000,18.349340,19735100
2009-02-23,27.260000,27.260000,25.059999,25.120001,17.289404,16294800
2009-02-24,25.250000,26.320000,24.420000,26.040001,17.922619,22352400
2009-02-25,26.040001,26.049999,24.360001,25.030001,17.227463,17736700
2009-02-26,25.400000,25.719999,24.150000,24.230000,16.676846,14299600
2009-02-27,23.750000,25.230000,23.500000,24.610001,16.938389,16872900
2009-03-02,24.070000,24.200001,22.030001,22.170000,15.258997,21017600
2009-03-03,22.650000,23.290001,21.709999,22.469999,15.465483,22397200
2009-03-04,23.809999,26.389999,23.660000,25.440001,17.509657,37251600
2009-03-05,24.700001,24.700001,23.180000,23.490000,16.167521,21400000
2009-03-06,23.900000,24.910000,22.520000,23.230000,15.988565,19993500
2009-03-09,22.879999,24.860001,22.719999,23.920000,16.463478,19510700
2009-03-10,24.760000,26.969999,24.530001,26.510000,18.246105,22468000
2009-03-11,26.969999,27.129999,25.660000,26.309999,18.108446,15780700
2009-03-12,26.209999,27.170000,25.270000,27.020000,18.597122,13783900
2009-03-13,27.440001,27.610001,26.020000,26.780001,18.431940,10861300
2009-03-16,27.070000,27.400000,26.280001,26.420000,18.184160,13215200
2009-03-17,26.510000,26.850000,25.670000,26.830000,18.466360,14259900
2009-03-18,26.240000,27.930000,25.700001,27.469999,18.906841,17978500
2009-03-19,27.969999,28.850000,27.770000,28.410000,19.553820,17542700
2009-03-20,28.629999,28.900000,26.730000,27.070000,18.631536,16531300
2009-03-23,28.139999,29.650000,27.530001,29.629999,20.393517,14463000
2009-03-24,29.540001,30.330000,28.540001,29.400000,20.235209,13690200
2009-03-25,30.139999,30.990000,27.690001,28.910000,19.897951,20700600
2009-03-26,29.570000,30.980000,29.450001,30.780001,21.185024,16161100
2009-03-27,30.200001,30.740000,29.750000,30.350000,20.889072,11277500
2009-03-30,29.340000,29.500000,27.049999,27.530001,18.948141,15827700
2009-03-31,28.160000,28.450001,27.440001,27.959999,19.244099,13405900
2009-04-01,27.500000,29.520000,27.440001,28.990000,19.953024,15308300
2009-04-02,30.290001,31.980000,30.000000,31.540001,21.708115,21643000
2009-04-03,31.600000,32.700001,30.920000,32.150002,22.127958,13674000
2009-04-06,31.719999,32.000000,30.230000,31.309999,21.549805,11067500
2009-04-07,30.389999,30.500000,29.379999,29.450001,20.269623,13156900
2009-04-08,29.770000,30.350000,28.879999,29.570000,20.352219,12817200
2009-04-09,30.510000,32.700001,30.510000,32.520000,22.382624,18171400
2009-04-13,32.250000,33.560001,31.480000,33.160000,22.823114,12458400
2009-04-14,32.669998,33.939999,32.410000,32.700001,22.506504,11034600
2009-04-15,32.599998,33.200001,32.070000,33.020000,22.726749,11224800
2009-04-16,32.500000,33.119999,31.330000,32.709999,22.803442,16226000
2009-04-17,32.680000,32.720001,31.209999,32.290001,22.510647,14723000
2009-04-20,31.620001,31.620001,30.170000,30.480000,21.248821,14373800
2009-04-21,28.980000,31.700001,28.500000,31.389999,21.883221,29526100
2009-04-22,31.559999,34.919998,31.400000,32.450001,22.622189,29665400
2009-04-23,32.730000,32.740002,31.469999,32.450001,22.622189,16288600
2009-04-24,32.650002,34.189999,32.240002,33.630001,23.444813,15805800
2009-04-27,32.730000,34.099998,32.689999,33.389999,23.277491,9647500
2009-04-28,33.000000,33.549999,32.400002,32.779999,22.852240,8480400
2009-04-29,33.169998,34.150002,33.000000,33.689999,23.486639,11981200
2009-04-30,34.419998,36.400002,34.349998,35.580002,24.804232,20103300
2009-05-01,35.869999,37.709999,35.650002,37.259998,25.975424,14113400
2009-05-04,37.930000,38.919998,37.599998,38.480000,26.825932,14399700
2009-05-05,38.349998,39.580002,38.250000,39.410000,27.474277,13609800
2009-05-06,39.939999,40.639999,38.410000,40.000000,27.885593,14755200
2009-05-07,40.540001,40.959999,37.209999,37.919998,26.435534,16972200
2009-05-08,38.490002,39.919998,38.279999,39.639999,27.634615,15556000
2009-05-11,38.750000,39.080002,38.070000,38.430000,26.791094,9486400
2009-05-12,38.740002,39.000000,37.130001,38.060001,26.533146,11919800
2009-05-13,36.970001,37.029999,35.779999,36.080002,25.152807,13415600
2009-05-14,35.869999,36.779999,35.380001,36.070000,25.145836,12056100
2009-05-15,36.060001,36.950001,35.150002,35.740002,24.915775,14010000
2009-05-18,36.529999,37.820000,36.110001,37.779999,26.337936,11012400
2009-05-19,38.290001,38.500000,37.540001,37.669998,26.261251,10539200
2009-05-20,38.090000,39.299999,37.169998,37.299999,26.003311,13806100
2009-05-21,36.759998,37.009998,35.369999,35.540001,24.776354,14108000
2009-05-22,36.049999,36.099998,34.180000,34.310001,23.918867,14292900
2009-05-26,34.380001,35.840000,34.029999,35.000000,24.399893,13792600
2009-05-27,35.500000,35.590000,34.849998,35.049999,24.434744,13517600
2009-05-28,34.790001,34.799999,33.439999,34.590000,24.114073,15118800
2009-05-29,34.959999,35.619999,34.790001,35.459999,24.720581,11076700
2009-06-01,36.369999,37.730000,36.349998,37.549999,26.177605,14336900
2009-06-02,37.509998,37.950001,37.189999,37.450001,26.107880,7734900
2009-06-03,37.000000,37.209999,36.230000,36.660000,25.557146,9236400
2009-06-04,36.860001,38.220001,36.279999,38.020000,26.505257,11317900
2009-06-05,38.520000,38.759998,37.340000,38.470001,26.818974,15819100
2009-06-08,38.029999,38.880001,36.900002,38.570000,26.888683,13725300
2009-06-09,38.500000,38.900002,37.900002,38.240002,26.658628,10475400
2009-06-10,38.740002,38.750000,36.930000,37.619999,26.226391,14923900
2009-06-11,37.790001,38.290001,37.250000,37.610001,26.219431,10273800
2009-06-12,37.470001,37.770000,37.020000,37.730000,26.303085,8567400
2009-06-15,37.009998,37.090000,35.869999,36.119999,25.180691,10456700
2009-06-16,36.459999,36.970001,35.389999,35.560001,24.790297,12501500
2009-06-17,35.200001,35.270000,33.750000,34.799999,24.260468,15381900
2009-06-18,34.919998,34.930000,33.549999,34.080002,23.758524,16245700
2009-06-19,34.450001,34.599998,33.450001,33.650002,23.458759,14484700
2009-06-22,33.459999,33.490002,32.009998,32.360001,22.559441,14197900
2009-06-23,32.470001,33.150002,32.139999,33.000000,23.005611,10935700
2009-06-24,33.520000,34.360001,33.130001,33.400002,23.284468,10348300
2009-06-25,33.919998,34.790001,33.180000,34.490002,24.044355,11633400
2009-06-26,34.540001,35.200001,34.099998,34.560001,24.093147,12586700
2009-06-29,34.860001,35.299999,34.150002,34.740002,24.218632,6831400
2009-06-30,34.689999,34.740002,32.990002,33.040001,23.033501,16878900
2009-07-01,33.480000,34.150002,33.150002,33.189999,23.138069,11585100
2009-07-02,32.790001,32.790001,31.740000,31.740000,22.127216,13560800
2009-07-06,31.570000,31.830000,30.959999,31.700001,22.099335,10887100
2009-07-07,31.620001,31.770000,30.240000,30.290001,21.116367,14612100
2009-07-08,30.490000,30.709999,30.010000,30.580000,21.318537,15867800
2009-07-09,31.150000,31.340000,30.580000,30.650000,21.367331,10181900
2009-07-10,30.400000,30.650000,30.030001,30.530001,21.283678,10456100
2009-07-13,30.809999,31.799999,30.250000,31.799999,22.169044,11100500
2009-07-14,31.500000,31.959999,31.219999,31.930000,22.259674,10124900
2009-07-15,32.389999,33.970001,32.389999,33.840000,23.591204,18065800
2009-07-16,33.599998,34.259998,33.139999,34.150002,24.106518,10224700
2009-07-17,33.980000,34.299999,33.790001,33.990002,23.993578,8814500
2009-07-20,35.320000,36.750000,35.250000,36.650002,25.871273,21979800
2009-07-21,40.810001,41.450001,38.040001,39.459999,27.854847,62789300
2009-07-22,38.470001,39.389999,38.099998,38.660000,27.290140,16656500
2009-07-23,38.759998,41.500000,38.599998,41.259998,29.125463,19367900
2009-07-24,40.930000,42.080002,40.250000,42.000000,29.647840,17007900
2009-07-27,41.849998,42.990002,41.549999,42.860001,30.254917,14323100
2009-07-28,42.340000,43.580002,41.900002,42.900002,30.283152,16693600
2009-07-29,42.540001,42.549999,41.299999,41.830002,29.527836,12387200
2009-07-30,42.650002,43.869999,42.610001,43.410000,30.643156,14918100
2009-07-31,43.259998,44.470001,43.000000,44.060001,31.101999,11731800
2009-08-03,44.680000,45.490002,44.340000,45.119999,31.850241,12258800
2009-08-04,45.450001,47.950001,45.349998,47.889999,33.805603,25328500
2009-08-05,47.759998,48.080002,46.430000,46.639999,32.923218,15593200
2009-08-06,47.119999,47.799999,46.560001,47.139999,33.276176,12246500
2009-08-07,47.950001,48.220001,47.419998,47.779999,33.727955,15352200
2009-08-10,47.590000,48.200001,46.590000,47.150002,33.283222,11555300
2009-08-11,46.770000,46.799999,45.029999,46.279999,32.669094,13091100
2009-08-12,45.900002,48.049999,45.599998,47.580002,33.586781,11464600
2009-08-13,48.020000,48.060001,46.639999,47.169998,33.297340,9605800
2009-08-14,47.169998,47.250000,45.439999,46.000000,32.471455,9107200
2009-08-17,44.750000,44.750000,43.279999,43.950001,31.024345,11384300
2009-08-18,44.200001,45.279999,44.060001,45.110001,31.843195,8892000
2009-08-19,44.000000,45.750000,43.599998,45.169998,31.885546,9045000
2009-08-20,44.930000,45.639999,44.660000,45.500000,32.118496,6887900
2009-08-21,46.029999,47.330002,45.619999,47.299999,33.389114,12327500
2009-08-24,47.900002,48.930000,47.340000,47.560001,33.572655,9772600
2009-08-25,47.790001,48.330002,47.360001,47.830002,33.763241,9574900
2009-08-26,47.709999,47.759998,46.750000,47.250000,33.353821,7900100
2009-08-27,47.000000,47.360001,45.919998,47.080002,33.233822,8307200
2009-08-28,47.580002,48.000000,46.259998,46.709999,32.972630,7568400
2009-08-31,45.770000,45.900002,44.900002,45.310001,31.984364,10475100
2009-09-01,44.900002,46.509998,43.740002,43.840000,30.946695,13899800
2009-09-02,43.840000,44.040001,43.189999,43.509998,30.713747,8886000
2009-09-03,44.310001,45.119999,43.630001,45.040001,31.793787,8784300
2009-09-04,45.029999,46.320000,44.840000,46.110001,32.549095,7398500
2009-09-08,46.900002,47.270000,46.360001,46.970001,33.156174,7448100
2009-09-09,47.040001,48.750000,46.500000,48.410000,34.172672,12361900
2009-09-10,48.130001,48.750000,47.630001,48.689999,34.370316,8196200
2009-09-11,48.720001,49.110001,47.810001,48.529999,34.257374,9760200
2009-09-14,48.020000,49.099998,47.750000,48.770000,34.426792,6909200
2009-09-15,49.110001,52.119999,48.650002,51.700001,36.495075,20593500
2009-09-16,52.310001,52.939999,51.939999,52.619999,37.144508,12789100
2009-09-17,52.590000,54.470001,52.509998,53.889999,38.041000,15284900
2009-09-18,54.110001,54.490002,52.939999,53.419998,37.709217,12397800
2009-09-21,52.680000,53.430000,51.820000,52.459999,37.031567,10109400
2009-09-22,52.990002,54.430000,52.860001,54.340000,38.358654,11179500
2009-09-23,54.430000,54.709999,53.110001,53.139999,37.511574,9615400
2009-09-24,53.279999,53.799999,51.099998,51.849998,36.600975,11799300
2009-09-25,52.169998,52.720001,51.049999,51.200001,36.142143,10786700
2009-09-28,51.750000,52.400002,51.250000,52.180000,36.833916,6040400
2009-09-29,52.230000,52.889999,51.490002,51.599998,36.424477,7536500
2009-09-30,52.200001,52.470001,50.369999,51.330002,36.233906,10647200
2009-10-01,50.820000,51.090000,49.299999,49.450001,34.906796,12845600
2009-10-02,48.680000,49.450001,47.500000,48.830002,34.469143,10681200
2009-10-05,49.200001,50.799999,49.049999,50.750000,35.824478,8668000
2009-10-06,51.400002,52.389999,50.689999,51.700001,36.495075,9776300
2009-10-07,51.250000,52.080002,51.250000,51.900002,36.636261,7437300
2009-10-08,52.529999,53.259998,51.759998,53.090000,37.476284,11193400
2009-10-09,52.509998,53.700001,52.310001,53.639999,37.864521,8049900
2009-10-12,53.990002,54.000000,52.810001,53.049999,37.448051,6686100
2009-10-13,52.900002,53.189999,52.080002,52.740002,37.229214,6511700
2009-10-14,53.520000,54.509998,53.049999,54.509998,38.478649,9191300
2009-10-15,54.000000,54.790001,53.509998,54.770000,38.662201,7367400
2009-10-16,54.110001,54.750000,53.619999,54.570000,38.521019,8837900
2009-10-19,54.889999,58.200001,54.860001,57.849998,40.836372,18786400
2009-10-20,61.169998,61.279999,58.369999,59.610001,42.078758,33896900
2009-10-21,59.049999,60.119999,58.230000,58.400002,41.224621,17064300
2009-10-22,57.799999,58.900002,56.299999,58.740002,41.764988,11376500
2009-10-23,58.610001,59.590000,57.430000,57.599998,40.954430,8775700
2009-10-26,57.990002,59.080002,56.830002,57.070000,40.577587,9793200
2009-10-27,56.900002,57.599998,56.389999,56.689999,40.307411,10948800
2009-10-28,56.220001,57.060001,54.419998,54.430000,38.700508,12086300
2009-10-29,55.299999,57.340000,55.020000,57.250000,40.705574,9873200
2009-10-30,57.090000,57.900002,54.639999,55.060001,39.148453,12047400
2009-11-02,55.700001,56.720001,54.259998,55.490002,39.454182,9967300
2009-11-03,54.980000,56.730000,54.639999,56.459999,40.143867,7770500
2009-11-04,56.930000,57.830002,56.099998,56.220001,39.973228,8643700
2009-11-05,56.740002,58.090000,56.590000,57.990002,41.231720,6843500
2009-11-06,57.380001,58.200001,56.540001,57.599998,40.954430,6160600
2009-11-09,58.380001,60.090000,58.240002,60.000000,42.660866,12250500
2009-11-10,59.830002,60.330002,59.070000,59.959999,42.632416,8872900
2009-11-11,60.759998,60.820000,59.470001,60.060001,42.703522,7496100
2009-11-12,59.830002,60.119999,58.180000,58.570000,41.644119,7588100
2009-11-13,58.849998,59.250000,58.200001,58.779999,41.793423,6442100
2009-11-16,59.500000,60.900002,59.250000,60.400002,42.945267,8333600
2009-11-17,60.049999,60.169998,59.049999,59.880001,42.575531,7096000
2009-11-18,59.959999,60.139999,59.000000,59.410000,42.241348,6626100
2009-11-19,58.720001,58.740002,57.599998,58.610001,41.672550,8235500
2009-11-20,58.099998,58.240002,57.040001,57.950001,41.203281,8698100
2009-11-23,58.959999,59.830002,57.959999,58.139999,41.338375,9476000
2009-11-24,58.110001,58.369999,57.240002,58.000000,41.238842,6625800
2009-11-25,58.020000,59.340000,57.450001,59.040001,41.978283,6236500
2009-11-27,57.040001,58.330002,56.750000,57.450001,40.847778,5189600
2009-11-30,57.820000,58.509998,57.310001,58.389999,41.516129,9718500
2009-12-01,59.240002,60.250000,59.049999,59.680000,42.433353,9823800
2009-12-02,59.849998,60.080002,58.549999,58.939999,41.907192,7872000
2009-12-03,59.119999,60.000000,58.000000,58.200001,41.381046,7593300
2009-12-04,59.130001,59.619999,57.259998,58.299999,41.452148,10448100
2009-12-07,58.419998,58.419998,57.310001,57.560001,40.925987,6834500
2009-12-08,57.139999,57.189999,56.250000,56.380001,40.086994,6480000
2009-12-09,56.360001,56.590000,55.400002,56.180000,39.944801,8552300
2009-12-10,56.910000,57.270000,56.509998,56.939999,40.485168,6303900
2009-12-11,57.240002,57.650002,56.639999,57.509998,40.890427,5364700
2009-12-14,58.000000,58.450001,57.750000,58.299999,41.452148,4585300
2009-12-15,58.220001,58.439999,57.799999,58.200001,41.381046,4950100
2009-12-16,58.430000,58.849998,58.000000,58.230000,41.402374,6738800
2009-12-17,57.930000,57.990002,57.009998,57.529999,40.904659,5700400
2009-12-18,58.070000,58.099998,56.720001,57.189999,40.662910,7236400
2009-12-21,57.560001,57.930000,57.299999,57.599998,40.954430,5339700
2009-12-22,57.560001,57.980000,57.320000,57.889999,41.160629,4280000
2009-12-23,58.049999,58.570000,57.889999,58.320000,41.466373,4047700
2009-12-24,58.349998,58.630001,58.189999,58.330002,41.473484,1507800
2009-12-28,58.500000,58.680000,58.169998,58.509998,41.601437,3789800
2009-12-29,58.570000,58.740002,58.130001,58.180000,41.366821,2879300
2009-12-30,57.980000,58.220001,57.750000,58.049999,41.274387,3479800
2009-12-31,57.599998,57.959999,56.990002,56.990002,40.520714,3859700
2010-01-04,57.650002,59.189999,57.509998,58.549999,41.629894,7325600
2010-01-05,58.549999,59.439999,58.230000,59.250000,42.127602,5697200
2010-01-06,59.180000,59.930000,59.049999,59.430000,42.255589,4718800
2010-01-07,59.299999,59.900002,58.650002,59.669998,42.426231,5432900
2010-01-08,59.250000,60.369999,59.250000,60.340000,42.902615,6651300
2010-01-11,60.950001,64.419998,60.849998,64.129997,45.597343,21958800
2010-01-12,63.009998,63.160000,61.180000,62.240002,44.253540,13561900
2010-01-13,62.099998,62.779999,61.380001,62.330002,44.317520,8398700
2010-01-14,62.099998,62.840000,61.750000,61.980000,44.068668,6224100
2010-01-15,61.450001,61.669998,60.009998,60.119999,43.037846,9397000
2010-01-19,59.759998,61.200001,59.349998,60.930000,43.617687,8056500
2010-01-20,60.169998,60.430000,59.310001,59.759998,42.780113,6953500
2010-01-21,59.500000,59.900002,56.700001,56.849998,40.696941,13874900
2010-01-22,56.580002,57.540001,54.020000,54.250000,38.835705,14757600
2010-01-25,55.160000,56.189999,54.830002,55.139999,39.472820,9777300
2010-01-26,54.990002,56.939999,54.599998,55.849998,39.981075,15218300
2010-01-27,52.959999,53.840000,51.029999,53.439999,38.255848,34041000
2010-01-28,53.820000,53.830002,51.200001,51.860001,37.124786,15623100
2010-01-29,52.779999,53.779999,52.000000,52.240002,37.396809,13962000
2010-02-01,52.820000,53.500000,52.500000,52.939999,37.897926,7159100
2010-02-02,53.480000,53.720001,52.619999,53.549999,38.334591,7665400
2010-02-03,53.200001,54.000000,53.099998,53.389999,38.220047,6340800
2010-02-04,52.799999,52.860001,51.380001,51.400002,36.795479,11640200
2010-02-05,51.209999,51.980000,50.689999,51.750000,37.046047,15988800
2010-02-08,51.639999,52.150002,50.500000,50.779999,36.351643,8668700
2010-02-09,52.700001,54.250000,52.549999,53.529999,38.320274,15494200
2010-02-10,53.650002,54.049999,52.450001,53.150002,38.048256,8581500
2010-02-11,53.099998,56.270000,52.669998,56.150002,40.195850,16405500
2010-02-12,55.090000,56.549999,54.610001,56.200001,40.231636,13447700
2010-02-16,56.770000,57.240002,56.189999,57.119999,40.890236,7364200
2010-02-17,58.049999,58.349998,57.220001,57.500000,41.162254,8450800
2010-02-18,57.150002,58.049999,56.849998,57.810001,41.384186,6844000
2010-02-19,57.590000,58.480000,57.310001,58.250000,41.699154,8005800
2010-02-22,58.730000,58.970001,58.000000,58.029999,41.541683,6994800
2010-02-23,57.889999,58.380001,56.220001,56.660000,40.560932,10311000
2010-02-24,56.669998,57.459999,56.459999,56.959999,40.775681,5810100
2010-02-25,55.330002,57.020000,54.209999,56.790001,40.654003,9965600
2010-02-26,56.939999,57.240002,56.099998,57.049999,40.840122,6108500
2010-03-01,57.330002,58.389999,57.250000,57.849998,41.412811,8398500
2010-03-02,58.279999,58.820000,58.020000,58.150002,41.627579,6583600
2010-03-03,58.450001,59.930000,58.389999,58.570000,41.928242,8833800
2010-03-04,58.790001,59.000000,57.810001,58.450001,41.842339,6195600
2010-03-05,59.410000,59.580002,58.900002,59.230000,42.400711,6626900
2010-03-08,59.470001,59.490002,58.570000,58.910000,42.171623,4755100
2010-03-09,58.459999,59.720001,58.400002,59.180000,42.364914,7692500
2010-03-10,59.110001,59.500000,58.430000,58.779999,42.078571,6529900
2010-03-11,58.790001,58.980000,57.919998,58.900002,42.164482,6166500
2010-03-12,59.529999,60.490002,59.349998,60.360001,43.209641,9688800
2010-03-15,60.040001,60.250000,58.380001,59.470001,42.572517,7906700
2010-03-16,59.650002,59.680000,58.840000,59.450001,42.558201,7281000
2010-03-17,59.650002,60.500000,59.490002,60.220001,43.109417,7925400
2010-03-18,59.610001,60.389999,59.340000,59.770000,42.787281,7204200
2010-03-19,59.369999,60.310001,58.950001,59.369999,42.500927,9425500
2010-03-22,58.700001,60.270000,58.660000,59.950001,42.916126,7512500
2010-03-23,60.099998,62.509998,60.009998,62.410000,44.677155,14315300
2010-03-24,61.959999,62.540001,61.419998,62.060001,44.426617,11447400
2010-03-25,62.680000,63.709999,62.049999,62.139999,44.483875,11361900
2010-03-26,62.400002,63.180000,61.990002,62.439999,44.698639,7887300
2010-03-29,62.759998,63.599998,62.759998,63.480000,45.443138,6986500
2010-03-30,63.380001,63.630001,62.810001,63.160000,45.214062,6183200
2010-03-31,62.759998,63.500000,62.630001,62.849998,44.992138,6660800
2010-04-01,63.290001,64.199997,63.290001,63.990002,45.808224,7829300
2010-04-05,64.360001,65.000000,64.199997,64.989998,46.524086,6695600
2010-04-06,64.809998,65.470001,64.570000,65.290001,46.738853,6389000
2010-04-07,65.250000,65.379997,64.000000,64.470001,46.151852,6973000
2010-04-08,64.050003,64.650002,63.549999,64.480003,46.159004,5418000
2010-04-09,64.900002,65.519997,64.820000,65.269997,46.724548,6022900
2010-04-12,65.930000,67.000000,65.760002,66.730003,47.769711,11837000
2010-04-13,66.699997,67.250000,66.160004,66.190002,47.383137,7001400
2010-04-14,66.370003,67.370003,66.199997,67.279999,48.163414,5497400
2010-04-15,67.160004,68.709999,67.160004,68.220001,48.836334,7129500
2010-04-16,68.050003,68.230003,66.339996,66.879997,47.877083,10385300
2010-04-19,66.599998,67.699997,65.769997,66.989998,47.955830,7969400
2010-04-20,67.709999,68.300003,67.400002,67.500000,48.320908,7695400
2010-04-21,67.739998,67.919998,66.699997,67.750000,48.499874,6357500
2010-04-22,66.669998,67.650002,65.970001,67.510002,48.629551,8718700
2010-04-23,67.199997,68.949997,66.989998,68.779999,49.544350,9044500
2010-04-26,70.879997,72.830002,70.650002,71.650002,51.611713,20131900
2010-04-27,71.250000,71.580002,68.279999,68.529999,49.364269,14323100
2010-04-28,69.430000,70.269997,68.599998,68.970001,49.681206,8232800
2010-04-29,69.959999,70.760002,69.620003,70.750000,50.963409,7916800
2010-04-30,70.989998,71.360001,67.820000,68.089996,49.047318,9428100
2010-05-03,68.370003,70.160004,68.089996,69.940002,50.379951,7885900
2010-05-04,68.559998,68.559998,66.250000,66.699997,48.046074,12558100
2010-05-05,65.860001,67.440002,64.080002,65.959999,47.513027,11419500
2010-05-06,65.849998,66.940002,58.799999,63.500000,45.741013,19363500
2010-05-07,63.049999,64.449997,60.639999,62.099998,44.732552,15724700
2010-05-10,65.879997,67.000000,65.190002,66.690002,48.038876,11852100
2010-05-11,65.180000,66.980003,65.000000,66.070000,47.592255,7481300
2010-05-12,66.660004,68.300003,66.599998,68.150002,49.090546,7791600
2010-05-13,68.150002,68.400002,66.669998,66.910004,48.197350,6531000
2010-05-14,65.959999,66.190002,63.910000,64.879997,46.735065,9938400
2010-05-17,65.010002,65.739998,61.990002,63.779999,45.942703,11881200
2010-05-18,64.910004,65.529999,62.849998,63.189999,45.517715,9594300
2010-05-19,62.939999,63.169998,59.279999,61.439999,44.257122,18582700
2010-05-20,59.070000,60.410000,58.000000,58.669998,42.261818,22798500
2010-05-21,57.299999,60.500000,57.200001,60.090000,43.284695,15889900
2010-05-24,60.060001,61.110001,59.090000,59.220001,42.657993,11176700
2010-05-25,56.349998,59.360001,55.740002,59.209999,42.650803,13793600
2010-05-26,59.630001,61.400002,59.250000,59.730000,43.025360,11566900
2010-05-27,61.360001,62.119999,60.820000,62.060001,44.703747,9555100
2010-05-28,62.419998,62.419998,60.049999,60.759998,43.767303,7704900
2010-06-01,60.040001,61.639999,59.220001,59.270000,42.694008,8340800
2010-06-02,59.900002,60.900002,59.279999,60.860001,43.839344,9453500
2010-06-03,62.290001,62.360001,60.419998,61.110001,44.019421,8982700
2010-06-04,59.490002,60.200001,57.360001,57.759998,41.606316,10279600
2010-06-07,58.009998,58.279999,55.799999,55.830002,40.216080,8904600
2010-06-08,56.009998,57.180000,54.889999,56.610001,40.777927,11604900
2010-06-09,57.490002,58.849998,56.590000,56.810001,40.922009,9749300
2010-06-10,58.310001,60.000000,58.000000,59.950001,43.183830,9704700
2010-06-11,59.220001,60.240002,58.990002,60.230000,43.385532,7341400
2010-06-14,61.419998,62.560001,60.880001,61.000000,43.940178,9783000
2010-06-15,61.799999,63.560001,61.500000,63.459999,45.712204,11870300
2010-06-16,62.910000,64.519997,62.730000,64.389999,46.382107,10561900
2010-06-17,64.629997,64.989998,63.669998,64.949997,46.785484,10574600
2010-06-18,65.129997,65.900002,64.570000,65.849998,47.433784,11005600
2010-06-21,67.559998,68.349998,65.550003,66.070000,47.592255,11652400
2010-06-22,66.300003,66.480003,63.880001,64.110001,46.180408,8659600
2010-06-23,64.059998,64.870003,62.639999,64.330002,46.338898,9037100
2010-06-24,63.810001,64.449997,63.049999,63.369999,45.647373,8658200
2010-06-25,63.540001,64.709999,62.919998,64.709999,46.612610,12068800
2010-06-28,64.449997,65.300003,64.010002,64.400002,46.389317,6836700
2010-06-29,62.740002,62.860001,60.250000,60.849998,43.832130,13057100
2010-06-30,61.020000,61.939999,59.910000,60.070000,43.270267,9630300
2010-07-01,59.669998,60.700001,58.060001,59.970001,43.198254,11598200
2010-07-02,60.299999,60.660000,58.619999,59.180000,42.629181,7878200
2010-07-06,60.599998,61.650002,59.209999,59.810001,43.082977,9357300
2010-07-07,59.849998,62.270000,59.669998,62.180000,44.790176,7592900
2010-07-08,63.080002,63.349998,62.180000,63.169998,45.503315,6058800
2010-07-09,63.119999,64.849998,63.000000,64.720001,46.619812,6456900
2010-07-12,64.500000,65.099998,63.869999,64.279999,46.302876,4915400
2010-07-13,65.879997,67.360001,65.309998,66.790001,48.110912,10081500
2010-07-14,66.349998,66.910004,65.519997,66.699997,48.046074,6851200
2010-07-15,66.379997,66.589996,65.360001,66.510002,47.909195,8101700
2010-07-16,65.760002,65.790001,63.750000,63.939999,46.364689,8504100
2010-07-19,64.360001,65.230003,63.560001,64.800003,46.988285,6826400
2010-07-20,63.560001,66.769997,63.560001,66.430000,48.170258,9468600
2010-07-21,66.989998,68.050003,66.190002,66.870003,48.489319,11432400
2010-07-22,67.410004,68.620003,66.459999,68.000000,49.308708,15905800
2010-07-23,67.500000,69.639999,67.330002,69.309998,50.258617,8865900
2010-07-26,69.410004,70.080002,69.080002,69.989998,50.751698,8878400
2010-07-27,70.180000,70.180000,68.089996,69.180000,50.164352,11948000
2010-07-28,68.699997,69.849998,68.699997,69.720001,50.555931,7609900
2010-07-29,69.839996,70.290001,68.209999,69.400002,50.323883,7671300
2010-07-30,68.389999,70.250000,68.389999,69.750000,50.577679,7218100
2010-08-02,70.739998,71.699997,70.070000,71.050003,51.520344,6304100
2010-08-03,70.570000,71.029999,69.879997,70.370003,51.027267,5878900
2010-08-04,70.279999,71.470001,70.279999,71.120003,51.571102,6204800
2010-08-05,70.820000,72.250000,70.809998,71.959999,52.180214,7415000
2010-08-06,71.010002,71.930000,70.300003,71.559998,51.890152,5463400
2010-08-09,72.059998,72.180000,71.419998,72.070000,52.259979,3625400
2010-08-10,70.879997,71.989998,70.580002,71.419998,51.788643,6082400
2010-08-11,70.010002,70.160004,68.349998,68.709999,49.823547,9221200
2010-08-12,67.500000,68.000000,66.779999,67.500000,48.946148,7639900
2010-08-13,67.739998,68.459999,67.209999,68.010002,49.315971,6659300
2010-08-16,67.620003,68.980003,67.059998,68.489998,49.664001,5432500
2010-08-17,69.440002,70.760002,69.300003,69.739998,50.570431,5946900
2010-08-18,69.820000,70.440002,69.059998,69.750000,50.577679,4988000
2010-08-19,69.870003,70.500000,68.419998,69.290001,50.244122,9625400
2010-08-20,69.400002,69.540001,67.459999,68.860001,49.932316,8022000
2010-08-23,68.699997,69.750000,66.720001,66.839996,48.467552,8878600
2010-08-24,65.589996,65.839996,64.309998,65.040001,47.162323,9669800
2010-08-25,64.290001,64.980003,63.340000,64.699997,46.915779,8679500
2010-08-26,64.830002,65.820000,63.770000,63.950001,46.371941,7075100
2010-08-27,64.760002,66.150002,63.360001,65.900002,47.785938,7486300
2010-08-30,66.139999,66.160004,64.459999,64.470001,46.749008,5133900
2010-08-31,64.139999,65.849998,63.919998,65.160004,47.249348,6760700
2010-09-01,67.050003,68.540001,66.349998,68.160004,49.424721,9071200
2010-09-02,68.349998,68.790001,67.750000,68.540001,49.700268,5293400
2010-09-03,69.949997,70.589996,69.540001,70.080002,50.816978,7837700
2010-09-07,69.779999,70.050003,68.800003,69.699997,50.541405,6841700
2010-09-08,69.980003,71.480003,69.949997,70.739998,51.295551,6323200
2010-09-09,71.559998,71.830002,70.010002,70.639999,51.223053,5355900
2010-09-10,70.930000,71.559998,70.370003,71.260002,51.672623,5018300
2010-09-13,71.959999,72.480003,71.709999,72.239998,52.383251,7694600
2010-09-14,72.279999,72.370003,71.570000,71.830002,52.085938,6040400
2010-09-15,71.379997,72.269997,70.800003,72.129997,52.303478,5506100
2010-09-16,71.919998,72.349998,71.279999,72.000000,52.209206,6233000
2010-09-17,72.220001,73.309998,71.089996,73.180000,53.064877,11341800
2010-09-20,73.260002,74.800003,72.879997,74.750000,54.203323,8886300
2010-09-21,74.790001,77.110001,74.720001,76.389999,55.392536,14968300
2010-09-22,76.250000,76.500000,75.500000,76.180000,55.240246,8386100
2010-09-23,75.419998,77.500000,75.000000,76.260002,55.298267,8745800
2010-09-24,77.800003,79.930000,77.620003,79.730003,57.814468,14218600
2010-09-27,79.699997,79.980003,78.900002,79.540001,57.676678,8361900
2010-09-28,79.440002,79.940002,78.430000,79.669998,57.770943,7784800
2010-09-29,79.599998,80.000000,79.419998,79.989998,58.003002,7939900
2010-09-30,80.040001,80.080002,78.209999,78.680000,57.053070,11940800
2010-10-01,78.290001,78.879997,77.529999,78.220001,56.719521,8540800
2010-10-04,78.019997,78.260002,76.510002,77.269997,56.030651,6418700
2010-10-05,78.480003,79.760002,78.199997,79.400002,57.575169,7140300
2010-10-06,79.599998,79.900002,78.480003,79.080002,57.343109,6252200
2010-10-07,79.459999,79.790001,77.849998,78.739998,57.096573,8978100
2010-10-08,79.410004,81.000000,78.930000,80.370003,58.278534,14296600
2010-10-11,80.029999,80.750000,79.510002,79.980003,57.995731,4593700
2010-10-12,79.750000,79.750000,78.300003,79.339996,57.531651,10034200
2010-10-13,80.360001,81.190002,80.080002,80.290001,58.220539,8493200
2010-10-14,80.489998,80.830002,79.269997,79.910004,57.945007,5663900
2010-10-15,80.279999,80.470001,79.000000,79.750000,57.828960,6522900
2010-10-18,79.949997,80.510002,79.660004,80.239998,58.184273,6542700
2010-10-19,78.970001,79.709999,77.769997,78.550003,56.958836,9857200
2010-10-20,78.900002,80.779999,78.809998,80.320000,58.242287,9662300
2010-10-21,80.989998,81.199997,77.510002,78.889999,57.520443,17736900
2010-10-22,78.760002,78.910004,77.860001,78.330002,57.112156,6445800
2010-10-25,78.709999,80.000000,78.500000,79.050003,57.637104,6484700
2010-10-26,78.110001,79.059998,77.870003,78.650002,57.345459,6240500
2010-10-27,78.199997,78.410004,77.120003,78.220001,57.031948,6782800
2010-10-28,78.870003,79.000000,76.779999,77.739998,56.681953,7055800
2010-10-29,77.610001,78.750000,77.580002,78.599998,57.309002,4563900
2010-11-01,78.970001,80.180000,78.510002,79.269997,57.797520,7470500
2010-11-02,79.989998,80.430000,79.519997,79.750000,58.147499,4941400
2010-11-03,79.820000,79.949997,78.550003,79.879997,58.242290,5771800
2010-11-04,80.820000,83.279999,80.760002,83.180000,60.648369,13044100
2010-11-05,83.250000,83.839996,82.930000,83.540001,60.910862,6271600
2010-11-08,83.250000,83.550003,82.400002,83.120003,60.604645,4283800
2010-11-09,83.199997,83.470001,81.410004,81.910004,59.722420,6030100
2010-11-10,82.160004,82.839996,81.300003,82.459999,60.123413,5944000
2010-11-11,81.730003,82.660004,81.519997,82.440002,60.108845,5006000
2010-11-12,81.839996,82.529999,80.040001,81.040001,59.088043,6156900
2010-11-15,79.889999,83.580002,79.800003,81.820000,59.656769,15814200
2010-11-16,81.879997,82.180000,79.699997,80.370003,58.599552,12510000
2010-11-17,80.559998,81.449997,80.010002,81.169998,59.182854,5402900
2010-11-18,82.500000,83.430000,82.269997,83.110001,60.597355,6638700
2010-11-19,83.089996,83.980003,82.510002,83.970001,61.224377,5740500
2010-11-22,83.879997,84.349998,82.790001,84.000000,61.246243,6411200
2010-11-23,83.279999,83.379997,82.010002,82.629997,60.247337,5739200
2010-11-24,83.250000,84.790001,83.250000,84.690002,61.749363,5865900
2010-11-26,83.830002,84.250000,83.449997,84.129997,61.341049,2520700
2010-11-29,83.709999,83.889999,82.550003,83.669998,61.005634,5085700
2010-11-30,82.830002,84.919998,82.760002,84.599998,61.683727,7768400
2010-12-01,85.029999,87.800003,85.000000,87.449997,63.761753,8858600
2010-12-02,87.449997,88.889999,87.449997,88.620003,64.614838,6349200
2010-12-03,88.360001,89.489998,87.830002,89.379997,65.168930,4996600
2010-12-06,89.279999,89.680000,88.570000,89.199997,65.037697,4341500
2010-12-07,89.949997,92.000000,89.949997,90.349998,65.876198,11247700
2010-12-08,90.260002,90.900002,89.290001,89.620003,65.343964,5246500
2010-12-09,90.129997,90.239998,89.019997,89.669998,65.380379,3832300
2010-12-10,89.790001,90.160004,89.389999,89.940002,65.577248,3313200
2010-12-13,90.650002,92.370003,90.199997,91.629997,66.809448,6637100
2010-12-14,92.190002,92.910004,91.510002,92.089996,67.144882,4944100
2010-12-15,92.750000,94.330002,92.660004,93.120003,67.895874,8314300
2010-12-16,93.190002,93.650002,92.540001,93.199997,67.954201,4863400
2010-12-17,93.400002,93.410004,92.250000,92.589996,67.509445,6467000
2010-12-20,93.370003,93.550003,92.529999,93.300003,68.027092,3523200
2010-12-21,93.699997,94.889999,93.239998,94.629997,68.996834,4108200
2010-12-22,94.779999,94.779999,94.110001,94.570000,68.953079,2611800
2010-12-23,94.290001,94.739998,94.000000,94.449997,68.865601,2206200
2010-12-27,93.849998,94.199997,93.209999,94.070000,68.588524,2620200
2010-12-28,94.279999,94.419998,93.070000,93.690002,68.311440,2991800
2010-12-29,93.750000,94.220001,93.500000,93.779999,68.377045,2779400
2010-12-30,93.559998,94.139999,93.519997,93.870003,68.442703,2325500
2010-12-31,93.830002,93.900002,93.309998,93.660004,68.289604,2542700
2011-01-03,94.379997,94.809998,94.110001,94.150002,68.646851,5231500
2011-01-04,94.639999,94.639999,92.300003,93.709999,68.326050,6119300
2011-01-05,93.269997,94.690002,92.989998,94.519997,68.916634,4118100
2011-01-06,94.709999,94.709999,93.300003,93.540001,68.202080,4106300
2011-01-07,93.860001,94.730003,92.800003,93.730003,68.340637,4547800
2011-01-10,93.209999,93.970001,92.510002,93.389999,68.092712,4154500
2011-01-11,94.080002,94.699997,93.250000,93.949997,68.501022,5302800
2011-01-12,94.589996,94.620003,93.430000,93.489998,68.165649,5699000
2011-01-13,94.089996,94.529999,93.699997,94.139999,68.639557,4539900
2011-01-14,93.940002,94.260002,93.110001,94.010002,68.544792,4572500
2011-01-18,94.160004,96.470001,93.940002,96.230003,70.493370,8819200
2011-01-19,96.339996,96.800003,95.150002,95.540001,69.987900,6478100
2011-01-20,94.900002,95.279999,93.309998,93.610001,68.574081,7160800
2011-01-21,94.750000,95.000000,92.370003,92.750000,67.944061,6189000
2011-01-24,92.709999,94.690002,92.510002,94.570000,69.277328,4615000
2011-01-25,94.389999,94.650002,92.970001,94.389999,69.145447,5436900
2011-01-26,94.930000,96.160004,94.400002,95.750000,70.141739,6090700
2011-01-27,97.099998,97.790001,95.519997,96.629997,70.786392,11534600
2011-01-28,97.010002,97.199997,94.900002,95.680000,70.090446,7240800
2011-01-31,96.129997,97.199997,95.849998,97.010002,71.064735,6012900
2011-02-01,97.349998,98.059998,96.500000,98.010002,71.797302,7553400
2011-02-02,97.739998,99.269997,97.680000,99.089996,72.588463,6527600
2011-02-03,99.239998,99.239998,98.150002,98.930000,72.471245,5032400
2011-02-04,99.010002,99.720001,98.699997,99.589996,72.954742,6027100
2011-02-07,99.620003,100.809998,99.489998,100.470001,73.599373,5697900
2011-02-08,100.570000,100.699997,99.309998,100.610001,73.701935,5044700
2011-02-09,100.110001,100.449997,99.190002,99.790001,73.101242,4800800
2011-02-10,99.279999,100.760002,98.750000,100.599998,73.694611,5634800
2011-02-11,100.290001,103.550003,100.199997,103.540001,75.848312,6445100
2011-02-14,103.559998,103.639999,102.800003,103.260002,75.643188,4057400
2011-02-15,102.959999,103.110001,102.010002,103.000000,75.452728,4421900
2011-02-16,103.900002,104.410004,102.910004,103.550003,75.855621,4852100
2011-02-17,103.320000,103.760002,102.959999,103.360001,75.716446,2993500
2011-02-18,103.860001,105.860001,103.449997,105.860001,77.547821,8745400
2011-02-22,104.860001,105.300003,101.529999,102.010002,74.727516,8241900
2011-02-23,101.910004,102.129997,98.040001,100.019997,73.269745,8907600
2011-02-24,99.930000,101.910004,98.769997,100.570000,73.672615,6350900
2011-02-25,101.449997,102.639999,101.139999,102.000000,74.720177,4623200
2011-02-28,102.720001,103.360001,101.529999,102.930000,75.401436,4010800
2011-03-01,103.370003,103.639999,99.349998,99.860001,73.152534,7283700
2011-03-02,99.849998,102.120003,99.430000,100.970001,73.965645,5420000
2011-03-03,101.940002,104.430000,101.919998,104.250000,76.368401,7413400
2011-03-04,104.010002,104.199997,102.019997,103.040001,75.482063,5677000
2011-03-07,103.419998,104.199997,101.050003,102.129997,74.815399,6002100
2011-03-08,101.889999,104.449997,101.180000,104.129997,76.280510,6165000
2011-03-09,103.589996,103.589996,101.800003,102.360001,74.983894,6402200
2011-03-10,100.550003,100.750000,98.099998,98.389999,72.075668,11824400
2011-03-11,97.739998,100.500000,97.010002,100.019997,73.269745,8172400
2011-03-14,102.589996,102.589996,100.389999,102.099998,74.793419,7985500
2011-03-15,99.019997,101.379997,98.550003,100.750000,73.804489,11762200
2011-03-16,101.699997,102.610001,99.040001,100.400002,73.548096,13046600
2011-03-17,101.889999,103.309998,101.279999,103.120003,75.540627,9854900
2011-03-18,104.989998,105.639999,104.660004,105.059998,76.961792,11512900
2011-03-21,106.900002,107.680000,106.620003,107.589996,78.815140,7688600
2011-03-22,107.059998,107.480003,106.029999,106.790001,78.229103,7012000
2011-03-23,106.080002,107.699997,105.639999,106.760002,78.207138,7096400
2011-03-24,107.900002,108.900002,106.949997,108.370003,79.386543,8360800
2011-03-25,108.750000,110.150002,108.699997,109.089996,79.913963,7659000
2011-03-28,109.540001,110.489998,109.389999,109.400002,80.141045,5445700
2011-03-29,109.639999,110.790001,108.610001,110.540001,80.976173,5767700
2011-03-30,111.709999,111.720001,110.550003,111.529999,81.701385,5616900
2011-03-31,110.820000,111.980003,110.820000,111.349998,81.569542,5168600
2011-04-01,112.089996,113.589996,111.800003,113.120003,82.866173,6092600
2011-04-04,113.750000,113.930000,112.529999,113.379997,83.056595,3883600
2011-04-05,112.970001,113.160004,111.910004,112.309998,82.272766,5338700
2011-04-06,112.849998,113.300003,110.860001,111.000000,81.313171,5715400
2011-04-07,110.720001,110.900002,109.080002,109.849998,80.470703,8402700
2011-04-08,110.540001,111.000000,108.879997,109.820000,80.448730,5394700
2011-04-11,110.019997,110.300003,108.320000,109.070000,79.899307,5004400
2011-04-12,108.610001,109.019997,106.339996,106.570000,78.067917,8736300
2011-04-13,107.760002,107.970001,106.379997,107.629997,78.844444,5835000
2011-04-14,106.820000,107.769997,105.349998,107.580002,78.807823,5770700
2011-04-15,108.080002,108.110001,106.800003,107.209999,78.536758,5319100
2011-04-18,105.580002,105.739998,102.160004,103.900002,76.112045,11445300
2011-04-19,105.180000,106.419998,104.639999,106.099998,77.723648,7152000
2011-04-20,107.940002,108.500000,107.360001,108.279999,79.650909,5317800
2011-04-21,109.000000,109.500000,108.410004,109.419998,80.489502,4051200
2011-04-25,109.239998,109.480003,107.949997,108.849998,80.070206,3708600
2011-04-26,110.150002,112.199997,109.849998,111.940002,82.343208,6700000
2011-04-27,112.660004,112.699997,109.750000,112.610001,82.836060,6070600
2011-04-28,112.279999,112.699997,111.349998,112.639999,82.858139,6262600
2011-04-29,115.400002,116.250000,114.529999,115.410004,84.895744,11800000
2011-05-02,116.239998,116.550003,113.919998,114.370003,84.130730,7623600
2011-05-03,114.120003,114.379997,112.739998,113.269997,83.321564,6302000
2011-05-04,113.220001,113.910004,109.940002,110.769997,81.482552,8966500
2011-05-05,110.080002,111.459999,108.389999,109.389999,80.467438,8779100
2011-05-06,111.519997,112.709999,110.169998,110.339996,81.166252,7987300
2011-05-09,110.800003,112.480003,110.370003,111.660004,82.137268,5075800
2011-05-10,112.760002,112.970001,111.860001,112.870003,83.027336,4923900
2011-05-11,112.339996,112.349998,109.000000,109.980003,80.901443,9670400
2011-05-12,109.199997,109.610001,107.000000,108.629997,79.908356,9274800
2011-05-13,109.470001,109.599998,106.019997,106.330002,78.216476,9250400
2011-05-16,105.870003,108.269997,105.070000,106.089996,78.039932,8290800
2011-05-17,105.080002,105.230003,101.470001,102.080002,75.090187,19186700
2011-05-18,102.849998,105.500000,101.779999,105.250000,77.422043,9472200
2011-05-19,106.610001,106.870003,104.910004,105.300003,77.458817,8613400
2011-05-20,105.239998,105.500000,103.599998,104.330002,76.745300,8656800
2011-05-23,101.309998,102.510002,100.370003,101.889999,74.950394,10095100
2011-05-24,102.370003,102.949997,101.070000,101.550003,74.700310,7273300
2011-05-25,101.029999,103.930000,100.779999,103.250000,75.950851,6193100
2011-05-26,103.070000,104.680000,102.029999,104.190002,76.642319,6640000
2011-05-27,104.720001,105.360001,104.269997,104.599998,76.943909,4511300
2011-05-31,106.410004,106.599998,104.309998,105.800003,77.826622,6641900
2011-06-01,104.970001,105.480003,101.000000,101.239998,74.472282,10597600
2011-06-02,101.820000,103.720001,101.309998,102.190002,75.171112,9125300
2011-06-03,100.489998,102.489998,99.150002,101.099998,74.369301,9508600
2011-06-06,100.250000,101.610001,99.470001,99.860001,73.457169,8092800
2011-06-07,101.239998,101.349998,99.809998,99.879997,73.471855,6772200
2011-06-08,99.209999,99.860001,97.769997,98.040001,72.118370,9761100
2011-06-09,98.290001,99.709999,98.220001,99.260002,73.015793,6167600
2011-06-10,98.800003,98.900002,96.419998,96.790001,71.198853,9603600
2011-06-13,96.930000,97.529999,94.720001,95.440002,70.205795,9767400
2011-06-14,96.849998,98.449997,96.129997,97.860001,71.985954,8479700
2011-06-15,96.580002,97.360001,95.510002,95.650002,70.360252,8143600
2011-06-16,95.389999,96.860001,94.209999,95.459999,70.220505,8886500
2011-06-17,96.459999,96.940002,95.309998,95.949997,70.580963,8314800
2011-06-20,96.489998,98.370003,96.050003,98.180000,72.221344,7484700
2011-06-21,99.419998,101.959999,99.059998,101.389999,74.582634,9638100
2011-06-22,101.169998,102.500000,100.070000,100.150002,73.670471,7445100
2011-06-23,97.900002,100.650002,96.949997,100.550003,73.964714,10640900
2011-06-24,101.050003,101.099998,99.440002,100.010002,73.567513,8496400
2011-06-27,99.959999,101.500000,99.070000,100.800003,74.148628,5614400
2011-06-28,101.440002,104.070000,101.400002,103.839996,76.384819,7884300
2011-06-29,104.449997,104.489998,102.400002,103.360001,76.031761,8642000
2011-06-30,103.360001,106.930000,103.320000,106.459999,78.312126,10598400
2011-07-01,106.150002,109.169998,105.750000,108.620003,79.901016,9153800
2011-07-05,107.919998,108.779999,107.339996,108.430000,79.761253,6880200
2011-07-06,108.110001,110.120003,108.080002,110.080002,80.975006,6933200
2011-07-07,111.570000,112.650002,111.250000,111.629997,82.115196,7403800
2011-07-08,108.519997,110.410004,107.800003,110.410004,81.217766,8293100
2011-07-11,108.410004,109.480003,107.250000,108.160004,79.562645,7568600
2011-07-12,107.629997,108.459999,106.669998,106.930000,78.657867,7892700
2011-07-13,108.480003,110.419998,108.339996,108.639999,79.915741,6819200
2011-07-14,108.830002,110.500000,107.000000,107.580002,79.136002,7394300
2011-07-15,108.769997,109.360001,107.139999,109.360001,80.445374,6660700
2011-07-18,108.459999,108.470001,106.160004,107.800003,79.632774,6878600
2011-07-19,108.889999,109.970001,108.199997,109.639999,80.991997,6674600
2011-07-20,110.709999,110.980003,109.610001,110.309998,81.486946,5761600
2011-07-21,111.050003,112.430000,110.120003,111.599998,82.439873,9340700
2011-07-22,104.620003,106.480003,103.000000,105.150002,77.675217,25775600
2011-07-25,104.160004,106.300003,103.800003,105.660004,78.051949,8662500
2011-07-26,105.910004,106.000000,104.699997,105.199997,77.712143,7155500
2011-07-27,104.430000,104.610001,101.000000,101.339996,74.860748,10684500
2011-07-28,101.510002,102.089996,99.449997,99.639999,73.604927,9438000
2011-07-29,98.320000,99.970001,97.279999,98.790001,72.977043,12283000
2011-08-01,102.430000,102.820000,98.800003,100.720001,74.402725,12865200
2011-08-02,99.550003,101.550003,97.120003,97.180000,71.787712,12058300
2011-08-03,97.919998,98.290001,93.540001,96.279999,71.122871,16922200
2011-08-04,94.400002,94.709999,89.500000,89.550003,66.151367,18655000
2011-08-05,92.129997,92.500000,86.480003,90.989998,67.215096,22791500
2011-08-08,86.230003,88.160004,82.250000,82.599998,61.017342,21293000
2011-08-09,85.400002,87.599998,80.839996,87.480003,64.622215,20473600
2011-08-10,86.720001,87.199997,83.389999,83.510002,61.689564,15335900
2011-08-11,85.139999,88.790001,83.940002,87.250000,64.452332,14157600
2011-08-12,91.059998,91.300003,88.809998,89.809998,66.343430,11463400
2011-08-15,91.449997,92.800003,90.680000,91.370003,67.495827,10460200
2011-08-16,90.019997,90.370003,88.519997,89.349998,66.003624,10816200
2011-08-17,90.110001,90.800003,87.150002,87.639999,64.740433,10620900
2011-08-18,84.449997,84.800003,81.500000,83.330002,61.556580,16793000
2011-08-19,81.919998,85.000000,79.820000,79.970001,59.074535,13740200
2011-08-22,82.940002,83.040001,79.559998,79.889999,59.015415,9459400
2011-08-23,80.540001,83.000000,79.800003,82.980003,61.298038,11696900
2011-08-24,83.239998,85.709999,82.199997,85.400002,63.085697,10137700
2011-08-25,86.239998,86.860001,82.800003,83.250000,61.497498,8204700
2011-08-26,82.190002,85.910004,81.050003,85.160004,62.908428,9456900
2011-08-29,87.110001,88.550003,86.349998,88.150002,65.117134,7643500
2011-08-30,88.000000,90.870003,87.360001,89.830002,66.358200,9851600
2011-08-31,91.750000,93.820000,89.889999,91.000000,67.222496,12664700
2011-09-01,91.190002,92.830002,88.279999,88.550003,65.412659,10690900
2011-09-02,85.250000,86.699997,84.370003,85.379997,63.070942,11950700
2011-09-06,82.239998,86.019997,82.110001,85.699997,63.307331,8647900
2011-09-07,87.800003,88.709999,86.419998,88.690002,65.516068,9318700
2011-09-08,87.320000,88.980003,86.400002,87.040001,64.297195,9947800
2011-09-09,86.029999,86.250000,83.139999,83.959999,62.021965,11669500
2011-09-12,81.930000,84.139999,81.250000,83.870003,61.955475,10842300
2011-09-13,83.849998,86.250000,83.379997,85.019997,62.805004,9802300
2011-09-14,85.610001,86.959999,82.529999,85.449997,63.122631,10622100
2011-09-15,86.650002,87.690002,85.769997,86.599998,63.972172,8298500
2011-09-16,87.459999,87.459999,85.209999,85.900002,63.455078,10488600
2011-09-19,83.919998,85.160004,82.330002,84.599998,62.494762,8936500
2011-09-20,85.639999,85.769997,83.500000,83.660004,61.800369,8999300
2011-09-21,83.110001,83.389999,79.290001,79.360001,58.623894,16459600
2011-09-22,76.290001,76.559998,72.599998,73.900002,54.590572,20947300
2011-09-23,73.440002,75.500000,73.019997,73.860001,54.561016,12104700
2011-09-26,74.709999,77.000000,73.239998,76.849998,56.769753,10016400
2011-09-27,79.250000,79.849998,77.120003,77.669998,57.375496,10814900
2011-09-28,78.129997,79.150002,74.879997,75.080002,55.462238,9380700
2011-09-29,76.889999,77.279999,73.199997,75.389999,55.691219,10260900
2011-09-30,73.459999,75.889999,73.230003,73.839996,54.546249,10537000
2011-10-03,72.779999,73.589996,70.500000,70.550003,52.115898,10783200
2011-10-04,68.750000,72.760002,67.540001,72.540001,53.585926,14700000
2011-10-05,72.839996,74.610001,71.489998,74.260002,54.856518,9672300
2011-10-06,74.570000,77.190002,73.599998,77.089996,56.947037,15808200
2011-10-07,77.769997,77.790001,74.699997,75.519997,55.787273,14024700
2011-10-10,77.269997,79.750000,77.199997,79.129997,58.453995,10302400
2011-10-11,78.080002,81.139999,77.949997,80.660004,59.584217,17854600
2011-10-12,82.010002,82.800003,81.059998,81.699997,60.352474,10423700
2011-10-13,81.220001,81.910004,80.339996,81.440002,60.160450,7952500
2011-10-14,82.849998,84.220001,82.389999,84.089996,62.117989,7353700
2011-10-17,84.830002,85.379997,81.330002,81.519997,60.219513,10196700
2011-10-18,81.449997,85.570000,80.760002,84.720001,62.583397,13574600
2011-10-19,84.669998,85.419998,83.070000,83.559998,61.726498,8731100
2011-10-20,83.900002,85.000000,82.500000,84.260002,62.588135,9446500
2011-10-21,85.419998,87.500000,85.300003,87.389999,64.913071,11480300
2011-10-24,91.760002,92.900002,90.800003,91.769997,68.166534,16383300
2011-10-25,91.360001,92.489998,89.019997,89.889999,66.770088,10711700
2011-10-26,91.820000,92.250000,90.019997,91.570000,68.017990,9747800
2011-10-27,95.000000,97.720001,94.610001,96.330002,71.553703,13928100
2011-10-28,95.699997,97.949997,95.650002,96.849998,71.939957,8699300
2011-10-31,95.040001,95.629997,93.849998,94.459999,70.164673,9273900
2011-11-01,90.000000,93.000000,89.000000,91.629997,68.062569,13543700
2011-11-02,93.029999,94.239998,92.199997,93.940002,69.778412,9303400
2011-11-03,95.459999,96.349998,93.870003,96.000000,71.308601,11159000
2011-11-04,95.300003,95.989998,93.800003,95.739998,71.115463,6818800
2011-11-07,95.599998,96.250000,93.389999,95.000000,70.565796,7285300
2011-11-08,95.959999,96.000000,93.940002,95.889999,71.226883,7316700
2011-11-09,93.500000,93.980003,91.150002,91.639999,68.070015,11208500
2011-11-10,92.980003,93.400002,91.199997,92.199997,68.485962,7323000
2011-11-11,93.570000,96.199997,93.370003,96.129997,71.405144,9818400
2011-11-14,97.470001,98.070000,95.879997,96.529999,71.702255,8584900
2011-11-15,96.209999,97.739998,95.800003,97.070000,72.103355,8760700
2011-11-16,96.239998,98.199997,95.599998,95.750000,71.122894,8117500
2011-11-17,95.699997,96.059998,92.800003,93.809998,69.681847,10084000
2011-11-18,94.540001,94.790001,93.150002,93.930000,69.770973,6065700
2011-11-21,92.070000,92.099998,89.470001,91.120003,67.683739,9853100
2011-11-22,90.800003,91.220001,88.580002,89.989998,66.844376,7490600
2011-11-23,89.389999,89.599998,87.430000,87.760002,65.187927,7643800
2011-11-25,87.300003,88.400002,86.629997,86.720001,64.415421,3078700
2011-11-28,90.349998,91.889999,89.989998,91.480003,67.951111,8339500
2011-11-29,91.639999,91.820000,90.449997,90.540001,67.252899,6054600
2011-11-30,94.650002,97.910004,94.650002,97.879997,72.705040,13076500
2011-12-01,97.230003,98.000000,95.760002,96.820000,71.917656,7491800
2011-12-02,97.750000,98.000000,96.010002,96.290001,71.523994,7897900
2011-12-05,97.730003,97.970001,96.330002,96.849998,71.939957,7484800
2011-12-06,96.620003,96.930000,94.889999,95.959999,71.278885,6443200
2011-12-07,94.980003,95.279999,93.800003,94.889999,70.484077,8146300
2011-12-08,94.339996,95.529999,92.599998,92.919998,69.020760,7842300
2011-12-09,93.629997,96.290001,93.440002,95.970001,71.286316,7139000
2011-12-12,94.360001,94.500000,92.309998,93.239998,69.258476,6326700
2011-12-13,94.040001,94.680000,90.099998,90.980003,67.579750,8464700
2011-12-14,89.589996,89.800003,86.290001,87.000000,64.623398,13564500
2011-12-15,88.790001,88.879997,87.089996,87.699997,65.143356,7645200
2011-12-16,88.820000,89.510002,87.199997,87.199997,64.771973,11556900
2011-12-19,88.089996,89.720001,86.940002,87.250000,64.809090,7919100
2011-12-20,89.260002,91.900002,89.230003,91.730003,68.136826,7844300
2011-12-21,91.779999,92.010002,89.900002,91.629997,68.062569,7177300
2011-12-22,92.029999,92.500000,91.019997,91.809998,68.196259,4766000
2011-12-23,92.199997,92.419998,91.650002,92.250000,68.523087,3368600
2011-12-27,91.699997,92.379997,91.510002,91.550003,68.003120,3216200
2011-12-28,91.760002,91.800003,89.169998,89.370003,66.383850,5248800
2011-12-29,89.459999,90.860001,89.459999,90.580002,67.282600,3570800
2011-12-30,90.720001,91.419998,90.400002,90.599998,67.297470,3279800
2012-01-03,92.769997,95.110001,92.769997,93.980003,69.808151,8177000
2012-01-04,93.410004,95.510002,93.410004,94.849998,70.454338,7335200
2012-01-05,94.839996,96.160004,93.900002,95.519997,70.952042,5555900
2012-01-06,96.029999,96.199997,95.320000,95.760002,71.130310,5474100
2012-01-09,96.089996,97.410004,96.000000,97.099998,72.125679,6536300
2012-01-10,98.449997,99.980003,98.279999,99.959999,74.250046,9545000
2012-01-11,99.830002,100.449997,99.400002,99.639999,74.012367,7226500
2012-01-12,99.989998,102.040001,98.660004,101.940002,75.720802,10471800
2012-01-13,100.720001,102.699997,100.550003,102.480003,76.121933,9914300
2012-01-17,103.820000,104.800003,103.320000,103.370003,76.783005,8864700
2012-01-18,102.660004,104.500000,102.500000,104.260002,77.790260,6794400
2012-01-19,104.650002,105.760002,103.629997,105.750000,78.901978,9464800
2012-01-20,105.349998,105.919998,104.839996,105.639999,78.819908,6601100
2012-01-23,105.910004,107.239998,105.639999,106.370003,79.364571,7003800
2012-01-24,105.430000,106.800003,105.150002,106.290001,79.304893,5577300
2012-01-25,106.000000,109.279999,105.989998,109.050003,81.364159,10649400
2012-01-26,112.209999,114.000000,110.699997,111.309998,83.050369,18539000
2012-01-27,110.529999,111.980003,109.669998,111.279999,83.028015,7835100
2012-01-30,110.019997,110.750000,104.449997,110.410004,82.378899,5968400
2012-01-31,111.290001,112.000000,108.709999,109.120003,81.416389,7608300
2012-02-01,110.750000,111.389999,109.940002,110.519997,82.460953,6737900
2012-02-02,110.800003,111.019997,109.860001,110.330002,82.319176,5125400
2012-02-03,112.169998,114.650002,111.900002,113.940002,85.012680,10225500
2012-02-06,113.239998,114.250000,112.800003,113.779999,84.893280,5029600
2012-02-07,113.050003,114.099998,112.489998,113.809998,84.915665,5139200
2012-02-08,113.820000,114.330002,113.220001,114.040001,85.087288,4123800
2012-02-09,114.389999,114.639999,112.589996,112.830002,84.184494,7566200
2012-02-10,111.010002,111.779999,110.330002,111.750000,83.378693,6351700
2012-02-13,112.699997,113.860001,111.680000,113.699997,84.833611,5702400
2012-02-14,113.320000,114.480003,113.209999,114.449997,85.393188,6425000
2012-02-15,114.489998,114.699997,111.940002,112.529999,83.960632,8201900
2012-02-16,112.720001,114.050003,112.389999,113.959999,85.027588,5456900
2012-02-17,114.379997,114.500000,113.029999,113.949997,85.020142,4296000
2012-02-21,114.500000,116.440002,114.389999,115.000000,85.803581,7520200
2012-02-22,114.760002,116.449997,114.500000,115.809998,86.407906,5004800
2012-02-23,115.879997,116.449997,115.000000,116.199997,86.698883,5064900
2012-02-24,116.290001,116.949997,115.669998,116.000000,86.549706,4473500
2012-02-27,114.839996,116.500000,114.550003,115.629997,86.273621,4909600
2012-02-28,115.809998,116.220001,115.199997,115.760002,86.370605,4013200
2012-02-29,116.129997,116.400002,113.680000,114.209999,85.214142,6780300
2012-03-01,114.669998,115.379997,113.010002,113.389999,84.602310,7465000
2012-03-02,113.160004,113.940002,111.800003,112.489998,83.930824,5404800
2012-03-05,111.550003,111.900002,109.519997,110.089996,82.140137,8392200
2012-03-06,106.570000,107.160004,105.199997,105.930000,79.036278,12630800
2012-03-07,106.660004,108.620003,106.320000,108.279999,80.789642,7385800
2012-03-08,109.589996,110.559998,108.660004,110.279999,82.281898,6171200
2012-03-09,110.879997,111.089996,109.800003,110.220001,82.237122,6526500
2012-03-12,110.110001,110.949997,108.680000,108.940002,81.282082,6499200
2012-03-13,109.730003,113.379997,109.309998,113.300003,84.535179,8077600
2012-03-14,113.209999,113.449997,111.260002,112.269997,83.766647,6181000
2012-03-15,112.879997,113.480003,111.389999,113.449997,84.647110,5316700
2012-03-16,114.019997,114.250000,113.040001,113.580002,84.744087,5776000
2012-03-19,113.500000,114.089996,112.779999,113.730003,84.855980,4736500
2012-03-20,111.989998,112.000000,110.510002,110.760002,82.640007,8086900
2012-03-21,110.849998,111.349998,109.000000,109.000000,81.326843,7925000
2012-03-22,107.279999,107.940002,105.699997,106.430000,79.409348,9449700
2012-03-23,106.589996,108.610001,105.800003,107.830002,80.453903,6025000
2012-03-26,108.800003,109.699997,108.120003,108.750000,81.140335,4570800
2012-03-27,108.680000,109.570000,107.879997,108.059998,80.625511,4211400
2012-03-28,107.959999,107.970001,103.550003,104.260002,77.790260,10244900
2012-03-29,103.620003,106.269997,103.480003,106.019997,79.103409,8316800
2012-03-30,106.699997,106.930000,105.580002,106.519997,79.476471,4780300
2012-04-02,105.989998,107.940002,105.040001,107.250000,80.021149,5211700
2012-04-03,107.639999,108.089996,105.820000,106.209999,79.245171,5828000
2012-04-04,104.769997,106.839996,104.339996,106.260002,79.282509,5583200
2012-04-05,105.709999,107.139999,105.410004,105.870003,78.991508,4576600
2012-04-09,103.570000,104.290001,102.800003,103.570000,77.275429,6335700
2012-04-10,103.540001,103.660004,99.800003,100.430000,74.932625,9162300
2012-04-11,101.769997,102.500000,100.500000,101.750000,75.917503,6178100
2012-04-12,102.169998,106.500000,102.129997,106.440002,79.416809,8973200
2012-04-13,106.160004,106.919998,105.239998,105.889999,79.006424,6321600
2012-04-16,107.919998,108.959999,106.160004,106.739998,79.640640,6813500
2012-04-17,107.900002,109.199997,106.720001,108.410004,80.886658,5321000
2012-04-18,107.650002,109.730003,107.650002,109.209999,81.483574,4871700
2012-04-19,109.209999,109.769997,106.370003,107.360001,80.442062,5628500
2012-04-20,107.769997,108.620003,107.610001,107.730003,80.719269,4014600
2012-04-23,106.330002,107.040001,105.120003,106.900002,80.097389,5462600
2012-04-24,107.250000,108.790001,107.099998,108.400002,81.221291,5703200
2012-04-25,106.849998,107.110001,102.300003,103.440002,77.504906,15948300
2012-04-26,103.970001,104.550003,103.000000,104.389999,78.216682,7317200
2012-04-27,104.989998,105.050003,104.110001,104.559998,78.344101,4687200
2012-04-30,103.989998,104.120003,102.550003,102.769997,77.002884,5325600
2012-05-01,102.809998,103.500000,101.739998,102.110001,76.508377,5732800
2012-05-02,101.580002,102.720001,100.650002,102.629997,76.897995,5620200
2012-05-03,102.900002,103.379997,100.500000,100.669998,75.429428,6102000
2012-05-04,100.000000,100.129997,98.000000,98.440002,73.758507,9055000
2012-05-07,97.669998,98.199997,97.029999,97.190002,72.821953,7245700
2012-05-08,96.839996,96.949997,93.919998,96.489998,72.297455,10411600
2012-05-09,94.839996,97.300003,94.080002,95.989998,71.922813,7733500
2012-05-10,97.150002,97.389999,95.180000,95.440002,71.510689,4982000
2012-05-11,94.500000,96.690002,94.300003,95.500000,71.555656,4531900
2012-05-14,94.330002,94.769997,93.449997,93.599998,70.132042,5213300
2012-05-15,93.849998,94.660004,92.290001,92.680000,69.442711,5304800
2012-05-16,93.430000,94.080002,91.709999,91.860001,68.828293,5803400
2012-05-17,91.019997,91.639999,87.599998,87.800003,65.786240,12695100
2012-05-18,88.260002,89.809998,88.019997,88.680000,66.445618,8655900
2012-05-21,89.529999,92.300003,89.320000,91.980003,68.918221,6811300
2012-05-22,92.760002,92.980003,90.889999,91.489998,68.551079,7210500
2012-05-23,90.510002,92.790001,89.860001,92.470001,69.285362,6668600
2012-05-24,92.949997,92.959999,90.169998,91.419998,68.498619,6421600
2012-05-25,91.389999,91.669998,89.629997,89.940002,67.389709,4637400
2012-05-29,91.199997,93.930000,90.889999,92.519997,69.322815,8238800
2012-05-30,90.989998,91.000000,89.500000,90.180000,67.569519,6350800
2012-05-31,88.419998,88.500000,86.010002,87.620003,65.651390,12370400
2012-06-01,85.080002,86.800003,84.720001,85.519997,64.077896,9572500
2012-06-04,85.940002,85.949997,82.730003,83.260002,62.384548,9812600
2012-06-05,83.019997,84.800003,83.019997,83.650002,62.676773,9212900
2012-06-06,84.720001,86.660004,84.519997,86.660004,64.932083,8464000
2012-06-07,88.820000,89.870003,86.919998,87.139999,65.291733,7773300
2012-06-08,86.830002,87.669998,85.330002,87.599998,65.636375,4399100
2012-06-11,89.199997,89.459999,85.089996,85.190002,63.830654,6436400
2012-06-12,85.820000,87.050003,84.760002,87.050003,65.224304,5270100
2012-06-13,86.250000,87.000000,84.680000,85.290001,63.905582,8308300
2012-06-14,85.309998,86.250000,84.500000,85.889999,64.355141,6124300
2012-06-15,86.400002,86.949997,85.690002,86.930000,65.134392,6571800
2012-06-18,86.349998,87.089996,85.669998,86.739998,64.992020,4722600
2012-06-19,87.570000,89.790001,87.199997,88.839996,66.565491,6254700
2012-06-20,88.139999,88.720001,86.500000,87.169998,65.314217,9413700
2012-06-21,87.089996,87.449997,84.839996,84.980003,63.673302,8578400
2012-06-22,85.500000,86.050003,84.849998,84.959999,63.658298,6408200
2012-06-25,83.949997,83.980003,82.120003,82.889999,62.107288,7390700
2012-06-26,83.309998,83.519997,81.800003,82.730003,61.987453,5590300
2012-06-27,82.629997,82.870003,81.709999,82.250000,61.627781,7407600
2012-06-28,81.660004,82.699997,80.959999,82.629997,61.912483,9716100
2012-06-29,84.320000,84.940002,83.809998,84.910004,63.620842,7053400
2012-07-02,85.349998,85.480003,83.040001,83.680000,62.699253,6420600
2012-07-03,83.900002,86.699997,83.879997,86.459999,64.782227,4357800
2012-07-05,86.629997,87.559998,85.629997,86.790001,65.029510,5547600
2012-07-06,85.250000,85.250000,83.830002,84.610001,63.396072,6952000
2012-07-09,83.940002,84.349998,82.959999,83.139999,62.294647,6291200
2012-07-10,83.559998,84.300003,79.120003,80.269997,60.144203,15154700
2012-07-11,80.519997,80.739998,79.250000,79.739998,59.747101,8184100
2012-07-12,78.980003,80.330002,78.250000,79.639999,59.672180,8743600
2012-07-13,79.949997,82.139999,79.550003,82.070000,61.492916,7619500
2012-07-16,81.849998,81.849998,80.199997,81.150002,60.803570,4989800
2012-07-17,81.889999,82.290001,79.949997,81.910004,61.373035,6462700
2012-07-18,80.529999,83.349998,80.089996,82.519997,62.225101,7457800
2012-07-19,82.959999,83.400002,82.050003,82.629997,62.308060,5616100
2012-07-20,81.930000,82.570000,80.660004,80.949997,61.041245,5897000
2012-07-23,79.660004,82.599998,78.790001,81.580002,61.516300,7567700
2012-07-24,82.750000,83.300003,80.269997,81.430000,61.403198,8780500
2012-07-25,85.129997,85.449997,80.290001,82.599998,62.285446,19877300
2012-07-26,83.839996,84.650002,82.099998,83.300003,62.813286,10138200
2012-07-27,83.180000,86.599998,82.029999,86.160004,64.969879,11229000
2012-07-30,86.620003,86.970001,85.000000,85.690002,64.615501,6504600
2012-07-31,85.769997,86.360001,84.139999,84.209999,63.499481,9192500
2012-08-01,85.000000,85.070000,82.500000,82.650002,62.323158,9366200
2012-08-02,82.459999,84.300003,82.099998,83.120003,62.677563,8097300
2012-08-03,84.529999,86.000000,84.070000,85.019997,64.110283,6941300
2012-08-06,85.730003,87.000000,85.480003,86.349998,65.113167,6384800
2012-08-07,87.000000,88.320000,86.750000,87.220001,65.769211,6049800
2012-08-08,86.489998,87.879997,86.349998,87.220001,65.769211,6139600
2012-08-09,87.410004,88.790001,87.250000,88.400002,66.659004,6700600
2012-08-10,88.260002,88.959999,87.639999,88.940002,67.066185,5500300
2012-08-13,88.839996,89.269997,87.599998,88.610001,66.817360,5403400
2012-08-14,89.489998,89.650002,87.760002,87.870003,66.259338,5485600
2012-08-15,87.250000,87.730003,86.160004,87.610001,66.063286,6345200
2012-08-16,87.739998,88.830002,87.230003,88.589996,66.802269,4979200
2012-08-17,89.860001,90.099998,89.099998,90.010002,67.873039,7848500
2012-08-20,89.739998,90.480003,89.230003,90.440002,68.197289,5296000
2012-08-21,91.000000,92.080002,89.949997,90.290001,68.084175,7159700
2012-08-22,90.040001,90.279999,87.629997,88.720001,66.900276,8843500
2012-08-23,88.639999,88.720001,87.139999,87.629997,66.078346,5469400
2012-08-24,86.919998,87.750000,86.400002,87.470001,65.957726,4979000
2012-08-27,87.650002,88.000000,86.540001,86.629997,65.324303,4273400
2012-08-28,86.370003,86.989998,85.879997,86.010002,64.856804,4697200
2012-08-29,85.580002,86.330002,84.449997,86.089996,64.917114,8731900
2012-08-30,85.559998,85.820000,84.459999,84.470001,63.695553,5170100
2012-08-31,85.180000,85.940002,84.250000,85.330002,64.344032,5481300
2012-09-04,85.029999,85.129997,82.209999,82.660004,62.330688,11287600
2012-09-05,82.599998,83.080002,81.779999,82.750000,62.398552,6234700
2012-09-06,83.550003,84.930000,83.349998,84.790001,63.936848,6982600
2012-09-07,87.260002,88.440002,86.750000,88.099998,66.432770,10698000
2012-09-10,87.940002,88.629997,87.080002,87.099998,65.678726,5591600
2012-09-11,87.699997,89.120003,87.410004,88.599998,66.809807,5877800
2012-09-12,89.489998,90.239998,88.660004,89.120003,67.201927,6016400
2012-09-13,88.629997,90.970001,88.300003,90.680000,68.378273,7836600
2012-09-14,92.209999,94.279999,91.980003,93.169998,70.255859,11375700
2012-09-17,92.940002,93.500000,91.730003,91.989998,69.366096,7996500
2012-09-18,91.769997,93.070000,91.769997,93.070000,70.180466,6596500
2012-09-19,93.300003,94.230003,92.809998,93.940002,70.836494,6785200
2012-09-20,92.989998,92.989998,91.250000,92.540001,69.780785,7094100
2012-09-21,93.419998,93.419998,91.370003,91.720001,69.162498,10786300
2012-09-24,90.449997,91.779999,90.449997,90.870003,68.521538,8604700
2012-09-25,88.660004,89.550003,87.000000,87.010002,65.610863,13936300
2012-09-26,86.900002,87.930000,85.800003,86.949997,65.565605,8864800
2012-09-27,87.839996,87.949997,86.750000,86.919998,65.542999,7585300
2012-09-28,86.360001,86.589996,85.430000,86.040001,64.879410,7519300
2012-10-01,86.720001,87.150002,85.239998,85.470001,64.449600,7385000
2012-10-02,85.629997,85.930000,84.349998,85.470001,64.449600,8819000
2012-10-03,85.510002,85.639999,84.550003,85.279999,64.306320,5584500
2012-10-04,85.519997,86.500000,85.199997,85.959999,64.819084,5076900
2012-10-05,86.849998,87.339996,85.010002,85.430000,64.419426,6547700
2012-10-08,84.940002,85.809998,84.430000,85.440002,64.426979,4532600
2012-10-09,85.720001,86.150002,84.500000,84.750000,63.906670,5810600
2012-10-10,83.889999,84.370003,82.599998,83.160004,62.707733,10634900
2012-10-11,83.389999,83.699997,82.250000,82.849998,62.473953,7643800
2012-10-12,83.000000,84.099998,82.459999,82.820000,62.451355,6012400
2012-10-15,82.910004,83.199997,82.099998,82.809998,62.443794,6357300
2012-10-16,83.589996,85.040001,83.209999,84.959999,64.065018,6943000
2012-10-17,85.620003,86.769997,85.209999,86.629997,65.324303,7339000
2012-10-18,86.379997,87.529999,85.830002,86.620003,65.711205,6813600
2012-10-19,85.330002,85.480003,83.489998,83.860001,63.617428,9874300
2012-10-22,82.940002,86.040001,82.290001,85.080002,64.542953,17158300
2012-10-23,83.900002,84.139999,82.980003,83.580002,63.404991,7496100
2012-10-24,84.070000,84.139999,82.519997,82.730003,62.760208,5509000
2012-10-25,83.389999,83.540001,82.360001,83.529999,63.367085,5983300
2012-10-26,83.480003,84.320000,83.239998,84.250000,63.913284,7165300
2012-10-31,85.529999,85.919998,84.449997,84.809998,64.338120,5914600
2012-11-01,85.220001,87.860001,85.000000,87.650002,66.492599,8550000
2012-11-02,88.489998,88.500000,85.699997,85.790001,65.081543,6982000
2012-11-05,85.849998,86.779999,85.589996,86.769997,65.824989,4044600
2012-11-06,87.349998,88.599998,87.300003,88.080002,66.818748,7048900
2012-11-07,86.730003,87.230003,84.839996,85.019997,64.497421,8209200
2012-11-08,85.160004,85.239998,83.519997,83.660004,63.465710,6240600
2012-11-09,83.000000,85.290001,82.900002,84.949997,64.444321,7282200
2012-11-12,84.440002,85.570000,84.230003,85.180000,64.618782,5800500
2012-11-13,84.720001,85.180000,83.169998,83.260002,63.162254,7695300
2012-11-14,83.900002,83.900002,80.879997,81.099998,61.523651,8497000
2012-11-15,81.349998,82.570000,80.500000,81.300003,61.675381,7794600
2012-11-16,81.370003,82.209999,80.160004,81.930000,62.153301,8050900
2012-11-19,83.370003,83.839996,83.150002,83.620003,63.435368,5674800
2012-11-20,83.699997,83.769997,82.589996,83.330002,63.215366,5535900
2012-11-21,82.949997,83.739998,82.650002,83.050003,63.002956,4517100
2012-11-23,83.620003,84.190002,83.250000,84.160004,63.845009,2663700
2012-11-26,83.809998,84.809998,83.809998,84.650002,64.216728,4240800
2012-11-27,84.500000,85.120003,83.900002,84.010002,63.731232,4195600
2012-11-28,83.629997,85.089996,83.000000,84.940002,64.436737,4884700
2012-11-29,85.550003,86.480003,85.480003,86.250000,65.430534,7846300
2012-11-30,86.330002,86.349998,85.029999,85.239998,64.664299,5663400
2012-12-03,85.919998,85.919998,84.430000,84.489998,64.095352,4714100
2012-12-04,84.050003,84.959999,83.750000,84.160004,63.845009,4468400
2012-12-05,84.620003,86.570000,84.570000,86.050003,65.278786,8604400
2012-12-06,85.830002,86.330002,85.080002,85.949997,65.202919,4132300
2012-12-07,86.699997,87.550003,86.519997,86.989998,65.991882,7337200
2012-12-10,86.809998,87.449997,86.379997,87.230003,66.173958,4336600
2012-12-11,87.599998,88.160004,87.040001,87.330002,66.249847,5371600
2012-12-12,87.889999,88.769997,87.459999,87.949997,66.720139,7093300
2012-12-13,87.849998,89.309998,87.820000,88.360001,67.031181,6100000
2012-12-14,88.349998,89.500000,88.320000,89.000000,67.516701,5866400
2012-12-17,89.250000,89.690002,88.900002,89.639999,68.002251,6092800
2012-12-18,89.669998,91.089996,89.669998,90.769997,68.859444,6653300
2012-12-19,90.910004,91.830002,90.739998,90.790001,68.874626,7065800
2012-12-20,89.900002,90.129997,88.639999,89.500000,68.287125,6893600
2012-12-21,87.500000,88.180000,86.480003,87.900002,67.066338,10727800
2012-12-24,87.510002,87.830002,87.160004,87.480003,66.745918,2326700
2012-12-26,87.669998,88.680000,87.570000,87.669998,66.890862,3236100
2012-12-27,87.870003,88.410004,86.550003,87.660004,66.883240,3953800
2012-12-28,87.089996,87.599998,86.690002,86.809998,66.234703,3309200
2012-12-31,86.809998,89.800003,86.669998,89.610001,68.371048,7213000
2013-01-02,92.949997,94.440002,92.949997,93.500000,71.339081,11590000
2013-01-03,93.220001,94.989998,92.889999,94.400002,72.025734,9329000
2013-01-04,94.570000,94.919998,94.040001,94.919998,72.422523,5658600
2013-01-07,94.570000,95.669998,94.400002,95.209999,72.643761,5368800
2013-01-08,94.669998,95.190002,93.570000,94.000000,71.720558,5616100
2013-01-09,94.099998,94.769997,94.099998,94.440002,72.056274,3546100
2013-01-10,95.110001,95.190002,94.230003,95.080002,72.544579,4596400
2013-01-11,94.559998,95.389999,94.120003,95.190002,72.628532,4288500
2013-01-14,95.320000,95.480003,94.150002,94.629997,72.201225,3685800
2013-01-15,94.209999,95.830002,94.180000,95.669998,72.994751,4789800
2013-01-16,95.099998,95.669998,94.830002,95.190002,72.628532,3809700
2013-01-17,95.709999,96.290001,95.089996,95.699997,73.017639,4824100
2013-01-18,96.430000,97.620003,96.089996,97.620003,74.482582,8330900
2013-01-22,96.389999,97.730003,96.050003,97.720001,74.558853,8330100
2013-01-23,97.480003,97.720001,96.599998,96.849998,73.895058,4971000
2013-01-24,96.000000,97.739998,96.000000,96.599998,73.704308,5816300
2013-01-25,95.919998,96.279999,94.660004,95.580002,72.926071,8902700
2013-01-28,98.059998,98.739998,96.430000,97.449997,74.352867,15997500
2013-01-29,97.919998,99.199997,97.720001,98.599998,75.230301,6961900
2013-01-30,98.830002,98.959999,98.250000,98.650002,75.268448,5681000
2013-01-31,97.989998,98.709999,97.900002,98.389999,75.070053,7154500
2013-02-01,99.000000,99.699997,98.949997,99.489998,75.909363,6138500
2013-02-04,98.760002,98.870003,97.910004,98.260002,74.970901,5765000
2013-02-05,98.580002,99.099998,98.320000,98.440002,75.108192,4178000
2013-02-06,97.870003,98.750000,97.360001,97.699997,74.543625,4489600
2013-02-07,97.419998,98.160004,95.209999,96.110001,73.330460,6210100
2013-02-08,96.099998,97.500000,96.099998,96.849998,73.895058,3934200
2013-02-11,96.959999,96.989998,96.300003,96.599998,73.704308,2739200
2013-02-12,96.669998,97.410004,96.669998,97.220001,74.177353,4149000
2013-02-13,97.089996,97.500000,96.019997,96.379997,73.536484,3718500
2013-02-14,96.059998,96.680000,95.680000,96.070000,73.299934,3586300
2013-02-15,96.260002,96.419998,95.290001,95.610001,72.948959,4377200
2013-02-19,95.739998,96.370003,95.129997,95.599998,72.941345,4368800
2013-02-20,95.000000,95.099998,93.050003,93.220001,71.125427,8570800
2013-02-21,92.760002,92.790001,90.570000,91.529999,69.835983,7193400
2013-02-22,91.989998,92.489998,91.050003,91.540001,69.843620,5851800
2013-02-25,91.809998,92.220001,89.080002,89.160004,68.027725,7540300
2013-02-26,89.589996,90.199997,88.500000,89.949997,68.630493,7114200
2013-02-27,90.059998,92.360001,90.059998,92.250000,70.385345,6147300
2013-02-28,92.489998,93.160004,92.230003,92.370003,70.476921,5446500
2013-03-01,91.540001,91.959999,90.129997,91.360001,69.706284,4924400
2013-03-04,90.610001,90.750000,89.190002,89.750000,68.477882,6350500
2013-03-05,90.489998,91.279999,89.989998,90.209999,68.828827,5352500
2013-03-06,90.970001,91.050003,89.410004,89.639999,68.393967,7135900
2013-03-07,89.900002,90.400002,89.269997,89.650002,68.401573,4738200
2013-03-08,90.430000,90.720001,90.010002,90.510002,69.057755,5084900
2013-03-11,90.489998,91.519997,90.099998,91.180000,69.568962,4846300
2013-03-12,91.160004,91.160004,89.400002,89.739998,68.470238,6593300
2013-03-13,89.800003,89.910004,89.129997,89.279999,68.119263,5836100
2013-03-14,89.470001,89.550003,88.169998,88.699997,67.676743,7328500
2013-03-15,88.610001,89.250000,88.110001,88.830002,67.775932,7379400
2013-03-18,87.889999,90.019997,87.669998,89.360001,68.180328,7159800
2013-03-19,89.400002,89.400002,87.440002,88.269997,67.348648,7509300
2013-03-20,87.610001,87.879997,86.419998,86.940002,66.333900,9389000
2013-03-21,86.430000,87.320000,86.430000,86.830002,66.249954,5449600
2013-03-22,87.010002,87.629997,86.970001,87.480003,66.745918,5115500
2013-03-25,87.930000,87.959999,86.050003,86.639999,66.104988,6685300
2013-03-26,87.059998,87.389999,86.660004,87.000000,66.379684,4173000
2013-03-27,86.430000,87.160004,85.800003,86.900002,66.303383,4838700
2013-03-28,87.050003,87.980003,86.650002,86.970001,66.356796,6213400
2013-04-01,86.860001,86.940002,85.410004,85.639999,65.342026,5666900
2013-04-02,86.019997,86.019997,84.470001,84.879997,64.762161,6514300
2013-04-03,83.910004,84.620003,83.599998,84.120003,64.182281,9222400
2013-04-04,84.169998,84.730003,83.839996,84.629997,64.571404,7646200
2013-04-05,83.410004,85.360001,83.050003,84.599998,64.548515,8985600
2013-04-08,84.690002,85.349998,83.709999,84.190002,64.235687,6722000
2013-04-09,84.379997,86.650002,84.050003,85.900002,65.540390,10533700
2013-04-10,86.379997,86.879997,85.900002,86.570000,66.051582,6258700
2013-04-11,86.889999,87.000000,85.300003,85.699997,65.387779,6920000
2013-04-12,84.989998,85.330002,84.300003,85.050003,64.891861,4934500
2013-04-15,84.239998,84.330002,81.910004,82.269997,62.770760,10345400
2013-04-16,83.629997,83.730003,82.120003,82.610001,63.030186,6566500
2013-04-17,81.540001,81.620003,80.620003,81.470001,62.160362,9405300
2013-04-18,81.339996,81.339996,80.050003,80.459999,61.784092,6886900
2013-04-19,80.949997,81.160004,80.010002,80.430000,61.761055,7009500
2013-04-22,81.239998,83.129997,79.489998,82.709999,63.511841,18449600
2013-04-23,83.910004,84.720001,82.739998,84.099998,64.579201,12932500
2013-04-24,84.279999,84.650002,83.290001,83.779999,64.333473,7022000
2013-04-25,84.699997,85.019997,84.019997,84.510002,64.894051,6556100
2013-04-26,84.349998,85.080002,84.250000,84.680000,65.024597,6160700
2013-04-29,85.110001,85.500000,84.070000,84.800003,65.116737,6065100
2013-04-30,84.809998,85.379997,83.360001,84.669998,65.016914,6954300
2013-05-01,84.070000,84.349998,82.660004,83.080002,63.795956,11607000
2013-05-02,83.339996,84.559998,83.099998,84.260002,64.702080,5798600
2013-05-03,85.589996,87.480003,85.480003,86.980003,66.790726,11890000
2013-05-06,87.129997,87.949997,86.879997,87.589996,67.259117,6381000
2013-05-07,88.110001,89.809998,87.910004,89.790001,68.948471,10406900
2013-05-08,89.760002,90.400002,89.180000,90.309998,69.347778,7431000
2013-05-09,89.980003,90.690002,89.550003,89.949997,69.071342,5166100
2013-05-10,89.959999,90.250000,87.900002,88.620003,68.050049,6967500
2013-05-13,88.190002,88.489998,87.750000,88.070000,67.627701,5483600
2013-05-14,87.820000,88.000000,86.860001,87.550003,67.228424,6856900
2013-05-15,86.970001,87.180000,86.440002,87.000000,66.806068,6925400
2013-05-16,86.550003,87.650002,86.099998,86.779999,66.637108,8192200
2013-05-17,87.389999,87.860001,87.099998,87.669998,67.320549,6690800
2013-05-20,87.570000,88.750000,87.269997,88.330002,67.827354,5603200
2013-05-21,88.650002,88.980003,87.730003,88.099998,67.650734,4730000
2013-05-22,88.089996,89.089996,87.150002,87.699997,67.343590,6479100
2013-05-23,86.029999,87.379997,85.779999,86.949997,66.767662,6026800
2013-05-24,86.260002,86.720001,85.769997,86.209999,66.199440,4637400
2013-05-28,87.040001,87.389999,85.900002,86.190002,66.184090,5800400
2013-05-29,85.730003,86.660004,85.330002,86.489998,66.414444,5110500
2013-05-30,86.470001,87.000000,85.989998,86.410004,66.353020,3568000
2013-05-31,86.230003,86.949997,85.800003,85.800003,65.884613,5522300
2013-06-03,85.910004,86.300003,85.739998,86.129997,66.137993,6092700
2013-06-04,85.949997,86.470001,85.440002,85.919998,65.976753,5105500
2013-06-05,85.470001,85.730003,84.230003,84.419998,64.824913,7359000
2013-06-06,84.300003,84.309998,83.300003,84.000000,64.502411,7009400
2013-06-07,84.650002,85.370003,83.639999,84.650002,65.001541,5474100
2013-06-10,84.709999,84.769997,83.629997,83.800003,64.348824,4965200
2013-06-11,83.029999,83.970001,82.629997,83.519997,64.133804,5275900
2013-06-12,84.169998,84.379997,83.010002,83.209999,63.895817,4748100
2013-06-13,83.320000,85.279999,83.190002,85.139999,65.377808,6352100
2013-06-14,85.010002,85.139999,83.400002,83.870003,64.402588,5147500
2013-06-17,83.550003,84.430000,83.419998,83.919998,64.440987,4389500
2013-06-18,84.089996,84.870003,83.959999,84.550003,64.924751,3723900
2013-06-19,84.500000,85.290001,84.250000,84.250000,64.694382,4711700
2013-06-20,83.190002,83.680000,82.349998,83.199997,63.888111,7628100
2013-06-21,84.019997,84.019997,81.930000,83.120003,63.826675,9736500
2013-06-24,82.059998,82.250000,80.860001,81.519997,62.598045,7525600
2013-06-25,82.339996,82.680000,81.970001,82.330002,63.220066,6249000
2013-06-26,82.919998,83.430000,81.699997,82.099998,63.043423,6950600
2013-06-27,82.550003,83.169998,82.550003,82.959999,63.703812,4658000
2013-06-28,82.760002,83.190002,82.309998,82.489998,63.342903,8448800
2013-07-01,83.040001,83.250000,82.269997,82.720001,63.519505,4676300
2013-07-02,82.769997,83.589996,82.040001,82.480003,63.335239,3659900
2013-07-03,82.150002,82.500000,81.559998,81.849998,62.851448,2928200
2013-07-05,82.529999,82.629997,81.400002,82.139999,63.074162,4819500
2013-07-08,82.400002,83.199997,82.250000,83.199997,63.888111,4879100
2013-07-09,84.070000,86.250000,83.720001,85.330002,65.523697,7882100
2013-07-10,85.419998,85.769997,84.790001,84.959999,65.239563,4216800
2013-07-11,86.459999,86.889999,86.099998,86.699997,66.575722,5434500
2013-07-12,86.629997,87.269997,86.540001,87.169998,66.936607,4876100
2013-07-15,87.239998,88.029999,87.190002,87.400002,67.113228,4161800
2013-07-16,87.720001,88.529999,87.419998,88.169998,67.704498,5432100
2013-07-17,88.449997,89.000000,85.879997,86.669998,66.552681,15077400
2013-07-18,85.879997,86.599998,85.419998,85.720001,66.282051,7045900
2013-07-19,85.449997,85.889999,85.150002,85.650002,66.227921,5086200
2013-07-22,85.379997,86.550003,85.379997,86.000000,66.498543,4835000
2013-07-23,85.489998,86.379997,85.120003,85.519997,66.127396,6891800
2013-07-24,84.580002,85.279999,82.639999,83.440002,64.519066,16602100
2013-07-25,82.050003,82.580002,81.349998,82.139999,63.513859,9941300
2013-07-26,81.879997,82.080002,81.430000,82.059998,63.451988,5727000
2013-07-29,82.419998,83.349998,82.000000,83.019997,64.194298,9068800
2013-07-30,83.470001,83.750000,82.660004,83.190002,64.325760,5266000
2013-07-31,83.580002,83.900002,82.839996,82.910004,64.109238,7012900
2013-08-01,83.620003,84.809998,83.110001,84.440002,65.292290,6570400
2013-08-02,84.290001,84.680000,83.500000,84.300003,65.184036,4864700
2013-08-05,84.110001,84.290001,83.500000,83.559998,64.611832,3758400
2013-08-06,83.309998,83.320000,82.150002,82.529999,63.815411,7223600
2013-08-07,82.379997,82.769997,81.800003,82.430000,63.738087,4292400
2013-08-08,82.949997,84.589996,82.919998,83.959999,64.921135,6400600
2013-08-09,83.800003,84.790001,83.500000,84.510002,65.346443,5478600
2013-08-12,84.190002,86.449997,84.059998,86.320000,66.745995,8608300
2013-08-13,86.620003,87.430000,86.449997,86.570000,66.939278,6710300
2013-08-14,86.860001,87.000000,85.709999,85.820000,66.359360,4462900
2013-08-15,84.959999,86.529999,84.879997,85.860001,66.390312,5138900
2013-08-16,85.849998,86.400002,85.139999,85.160004,65.849022,4706500
2013-08-19,85.150002,85.500000,83.949997,84.199997,65.106728,3766000
2013-08-20,83.800003,84.459999,83.269997,83.860001,64.843803,4690000
2013-08-21,83.519997,83.849998,82.830002,82.940002,64.132439,5562600
2013-08-22,83.309998,84.489998,83.059998,84.169998,65.083504,4739900
2013-08-23,84.379997,84.400002,83.400002,83.889999,64.867027,4487200
2013-08-26,83.980003,84.779999,83.519997,83.559998,64.611832,4123300
2013-08-27,82.879997,83.540001,82.480003,82.699997,63.946854,5569900
2013-08-28,81.809998,82.660004,81.459999,82.449997,63.753548,6762900
2013-08-29,82.500000,83.059998,82.019997,82.529999,63.815411,3706400
2013-08-30,82.589996,82.760002,82.209999,82.540001,63.823143,4425700
2013-09-03,83.150002,83.540001,81.720001,82.510002,63.799934,7544200
2013-09-04,82.750000,83.739998,82.300003,83.540001,64.596382,4482200
2013-09-05,83.370003,83.519997,82.709999,82.949997,64.140144,3728400
2013-09-06,83.220001,84.220001,82.400002,83.389999,64.480385,5566500
2013-09-09,84.040001,86.029999,84.019997,85.589996,66.181519,6702200
2013-09-10,86.809998,86.889999,86.180000,86.610001,66.970192,6298400
2013-09-11,86.500000,87.129997,86.260002,87.129997,67.372322,4382900
2013-09-12,86.940002,87.220001,86.620003,86.839996,67.148071,3980600
2013-09-13,87.099998,87.199997,86.379997,87.010002,67.279518,3276000
2013-09-16,87.959999,88.220001,87.029999,87.180000,67.410988,4866600
2013-09-17,87.360001,87.449997,86.669998,87.070000,67.325935,3415400
2013-09-18,86.309998,88.010002,86.199997,87.839996,67.921303,5564700
2013-09-19,88.040001,88.250000,87.309998,87.750000,67.851715,4765200
2013-09-20,87.610001,87.650002,84.750000,84.750000,65.531990,13435200
2013-09-23,85.000000,85.389999,84.379997,85.029999,65.748512,6048400
2013-09-24,85.129997,85.440002,84.529999,85.110001,65.810356,3720900
2013-09-25,85.139999,85.550003,84.430000,84.500000,65.338684,3824700
2013-09-26,84.589996,84.849998,83.900002,84.199997,65.106728,3475100
2013-09-27,83.620003,83.919998,83.379997,83.800003,64.797424,3017600
2013-09-30,82.949997,83.830002,82.830002,83.400002,64.488144,5401500
2013-10-01,83.559998,84.300003,83.080002,83.760002,64.766487,3866000
2013-10-02,83.519997,84.250000,83.330002,84.070000,65.006195,3324900
2013-10-03,83.889999,84.269997,83.419998,83.970001,64.928841,4223500
2013-10-04,83.970001,84.349998,83.540001,84.199997,65.106728,3212000
2013-10-07,83.459999,84.160004,83.300003,83.529999,64.588638,3364300
2013-10-08,83.540001,83.889999,82.629997,82.849998,64.062851,5671300
2013-10-09,83.050003,83.889999,82.449997,83.519997,64.580894,4577500
2013-10-10,84.440002,84.949997,84.070000,84.730003,65.516525,4317100
2013-10-11,84.639999,85.849998,84.349998,85.610001,66.196999,4110300
2013-10-14,85.059998,86.419998,84.860001,86.239998,66.684135,4689600
2013-10-15,86.239998,86.750000,85.690002,85.750000,66.305267,4896500
2013-10-16,86.059998,86.489998,85.599998,86.269997,66.707321,3549500
2013-10-17,85.330002,85.989998,84.949997,85.849998,66.847488,3850700
2013-10-18,86.309998,87.760002,86.269997,87.339996,68.007668,6752700
2013-10-21,87.720001,87.800003,87.190002,87.699997,68.287987,3883500
2013-10-22,87.879997,89.169998,87.540001,89.169998,69.432610,9152900
2013-10-23,84.150002,84.650002,83.050003,83.760002,65.220093,20968800
2013-10-24,83.320000,85.000000,83.129997,84.529999,65.819672,8368700
2013-10-25,84.320000,84.779999,83.610001,84.769997,66.006538,4886400
2013-10-28,84.500000,84.730003,84.150002,84.279999,65.624992,3979200
2013-10-29,83.910004,84.099998,83.290001,84.070000,65.461464,5324100
2013-10-30,84.169998,84.349998,83.209999,83.489998,65.009850,4657000
2013-10-31,83.440002,84.269997,83.360001,83.360001,64.908630,4651300
2013-11-01,83.779999,83.800003,82.800003,83.589996,65.087715,5880200
2013-11-04,83.809998,83.989998,83.449997,83.889999,65.321304,3892500
2013-11-05,83.610001,84.190002,83.360001,84.050003,65.445908,4010900
2013-11-06,84.300003,84.360001,83.849998,84.220001,65.578278,3664100
2013-11-07,83.949997,84.430000,83.500000,83.650002,65.134445,5431600
2013-11-08,83.519997,84.320000,83.500000,84.239998,65.593834,4557300
2013-11-11,84.190002,84.470001,83.820000,84.150002,65.523758,2522500
2013-11-12,83.980003,84.279999,83.540001,83.849998,65.290184,3483000
2013-11-13,83.459999,84.250000,83.000000,84.199997,65.562683,3952800
2013-11-14,84.000000,84.199997,83.559998,83.760002,65.220093,4496300
2013-11-15,84.000000,84.110001,83.500000,83.739998,65.204529,4743900
2013-11-18,84.050003,84.970001,83.739998,84.040001,65.438103,4803100
2013-11-19,84.110001,84.500000,83.480003,83.669998,65.150009,5010300
2013-11-20,83.180000,83.709999,82.459999,82.680000,64.379166,7443000
2013-11-21,83.050003,83.089996,81.870003,82.120003,63.943115,6208500
2013-11-22,82.220001,82.949997,82.000000,82.879997,64.534859,4403800
2013-11-25,84.400002,84.940002,83.870003,84.400002,65.718422,8111400
2013-11-26,84.800003,84.830002,84.010002,84.360001,65.687271,3834900
2013-11-27,84.430000,84.930000,84.330002,84.669998,65.928688,3053600
2013-11-29,84.639999,85.180000,84.529999,84.599998,65.874161,2284400
2013-12-02,84.699997,85.089996,84.029999,84.250000,65.601624,4834700
2013-12-03,83.800003,83.949997,83.269997,83.870003,65.305748,3924300
2013-12-04,83.750000,84.379997,83.110001,83.970001,65.383591,5246700
2013-12-05,83.919998,84.580002,83.699997,84.410004,65.726212,5291900
2013-12-06,85.059998,85.580002,84.930000,85.500000,66.574951,5759300
2013-12-09,85.699997,86.529999,85.559998,86.089996,67.034348,6023400
2013-12-10,85.970001,86.870003,85.919998,86.419998,67.291298,4987000
2013-12-11,86.029999,86.220001,85.120003,85.279999,66.403633,5624100
2013-12-12,85.370003,85.699997,84.839996,85.570000,66.629463,4551700
2013-12-13,85.669998,86.230003,85.570000,86.050003,67.003220,4226200
2013-12-16,86.500000,87.849998,86.440002,87.379997,68.038818,6976200
2013-12-17,87.220001,87.650002,86.379997,86.919998,67.680672,4764400
2013-12-18,87.010002,88.459999,86.650002,88.169998,68.653961,6963200
2013-12-19,87.500000,87.839996,87.260002,87.540001,68.163414,4299700
2013-12-20,87.849998,89.110001,87.809998,88.930000,69.245728,7389700
2013-12-23,89.309998,90.070000,89.269997,89.959999,70.047760,5733300
2013-12-24,90.000000,90.980003,89.989998,90.910004,70.787468,2675700
2013-12-26,90.989998,91.669998,90.699997,91.150002,70.974335,4790800
2013-12-27,91.139999,91.430000,90.559998,90.870003,70.756317,3373800
2013-12-30,90.849998,91.029999,90.279999,90.870003,70.756317,2625000
2013-12-31,91.000000,91.180000,90.459999,90.809998,70.709579,3098900
2014-01-02,90.410004,90.449997,89.330002,89.870003,69.977669,4898000
2014-01-03,90.000000,90.250000,89.589996,89.820000,69.938736,3722000
2014-01-06,90.190002,90.300003,88.379997,88.639999,69.019936,5233900
2014-01-07,88.769997,89.230003,88.750000,88.930000,69.245728,3512100
2014-01-08,88.779999,89.820000,88.669998,89.139999,69.409218,4421600
2014-01-09,89.260002,89.800003,88.690002,89.709999,69.853081,4466400
2014-01-10,89.410004,90.599998,89.290001,90.510002,70.476006,5416000
2014-01-13,90.260002,91.260002,89.820000,89.889999,69.993256,5213600
2014-01-14,89.860001,90.709999,89.860001,90.559998,70.514923,3712100
2014-01-15,90.879997,93.199997,90.879997,92.410004,71.955452,10121900
2014-01-16,91.889999,92.860001,91.699997,92.010002,72.112183,4771000
2014-01-17,92.150002,92.260002,91.010002,91.440002,71.665466,6833400
2014-01-21,91.599998,91.849998,89.639999,90.599998,71.007126,5544900
2014-01-22,90.589996,90.820000,89.349998,89.639999,70.254730,4787300
2014-01-23,88.699997,89.080002,88.050003,88.480003,69.345581,5014800
2014-01-24,87.980003,87.989998,85.879997,86.169998,67.535141,8087400
2014-01-27,91.769997,92.309998,89.070000,91.290001,71.547913,22202300
2014-01-28,91.400002,92.669998,91.349998,92.470001,72.472725,9409600
2014-01-29,91.309998,91.959999,90.290001,90.620003,71.022820,8145900
2014-01-30,91.529999,93.849998,90.730003,93.199997,73.044868,14764700
2014-01-31,92.160004,94.690002,92.010002,93.910004,73.601311,9697300
2014-02-03,93.739998,93.940002,91.949997,92.419998,72.433548,9084100
2014-02-04,92.480003,92.650002,91.489998,92.500000,72.496246,6839700
2014-02-05,92.239998,92.510002,91.059998,91.959999,72.073006,5134500
2014-02-06,91.940002,94.230003,91.790001,93.830002,73.538605,6844200
2014-02-07,94.169998,95.239998,93.879997,94.870003,74.353699,9140200
2014-02-10,94.970001,94.980003,93.629997,94.500000,74.063728,5933400
2014-02-11,94.620003,95.339996,94.279999,94.959999,74.424248,6006100
2014-02-12,95.309998,96.639999,95.169998,96.169998,75.372581,8002000
2014-02-13,95.290001,96.410004,95.110001,96.110001,75.325539,4387000
2014-02-14,95.860001,96.680000,95.839996,96.550003,75.670380,4145300
2014-02-18,95.849998,96.940002,95.849998,96.559998,75.678223,4871700
2014-02-19,96.190002,97.669998,96.110001,96.209999,75.403915,5865200
2014-02-20,96.510002,97.519997,95.300003,96.919998,75.960373,7718400
2014-02-21,97.110001,97.949997,96.919998,97.500000,76.414948,5554600
2014-02-24,97.550003,98.239998,97.180000,97.320000,76.273895,4887800
2014-02-25,96.839996,96.980003,95.820000,96.410004,75.560661,5989200
2014-02-26,96.660004,97.910004,96.339996,97.199997,76.179817,4753900
2014-02-27,97.209999,97.639999,96.519997,96.699997,75.787941,4337700
2014-02-28,96.629997,97.519997,96.300003,96.970001,75.999580,5411100
2014-03-03,96.320000,96.669998,95.599998,96.309998,75.482307,4859200
2014-03-04,97.199997,97.459999,96.559998,97.019997,76.038750,6261300
2014-03-05,96.540001,96.900002,95.879997,96.370003,75.529320,5384800
2014-03-06,96.949997,98.150002,96.660004,97.599998,76.493301,6714300
2014-03-07,97.779999,97.870003,96.500000,97.050003,76.062279,5259200
2014-03-10,96.639999,96.800003,95.860001,96.750000,75.827148,4640300
2014-03-11,97.089996,97.910004,96.620003,96.839996,75.897690,5731200
2014-03-12,96.300003,97.239998,96.300003,96.820000,75.881989,4448600
2014-03-13,97.199997,97.730003,95.059998,95.610001,74.933678,8434600
2014-03-14,95.449997,96.250000,95.199997,95.389999,74.761253,5002000
2014-03-17,95.989998,96.449997,95.550003,95.669998,74.980675,4697200
2014-03-18,96.120003,96.650002,95.699997,96.410004,75.560661,4921300
2014-03-19,96.089996,96.720001,95.250000,96.040001,75.270683,5109200
2014-03-20,95.709999,96.239998,95.099998,96.209999,75.403915,4396000
2014-03-21,97.070000,97.629997,96.669998,97.389999,76.328735,8339700
2014-03-24,97.599998,97.599998,96.419998,96.849998,75.905510,4808600
2014-03-25,97.360001,99.339996,97.150002,98.589996,77.269241,9070400
2014-03-26,99.279999,99.599998,97.800003,97.800003,76.650063,5610200
2014-03-27,97.820000,98.889999,97.290001,98.449997,77.159492,4947700
2014-03-28,98.910004,99.620003,98.779999,99.389999,77.896217,5821500
2014-03-31,100.000000,100.629997,99.050003,99.370003,77.880539,5772600
2014-04-01,98.940002,100.080002,98.940002,99.809998,78.225395,4814300
2014-04-02,100.040001,102.760002,99.879997,102.629997,80.435547,9358300
2014-04-03,101.919998,103.199997,101.610001,102.550003,80.372849,8230200
2014-04-04,102.889999,103.379997,101.910004,102.169998,80.075035,4889200
2014-04-07,101.610001,102.070000,100.410004,101.110001,79.244286,5215100
2014-04-08,100.980003,103.250000,100.959999,102.389999,80.247444,6626900
2014-04-09,102.650002,103.199997,101.849998,102.989998,80.717690,4062000
2014-04-10,102.910004,103.720001,101.989998,102.260002,80.145576,4538900
2014-04-11,101.099998,102.099998,100.970001,101.449997,79.510719,5363900
2014-04-14,102.180000,102.830002,100.949997,102.779999,80.553101,4114100
2014-04-15,102.629997,103.089996,101.260002,102.500000,80.333664,6317900
2014-04-16,102.620003,103.150002,102.209999,102.930000,81.145683,3801400
2014-04-17,103.050003,103.440002,102.599998,102.830002,81.066849,3556800
2014-04-21,102.900002,102.980003,101.550003,102.639999,80.917038,3821400
2014-04-22,102.779999,104.139999,102.760002,103.690002,81.744812,4528500
2014-04-23,103.559998,104.620003,103.180000,103.379997,81.500435,6427400
2014-04-24,106.019997,107.400002,104.790001,105.279999,82.998322,8849200
2014-04-25,105.029999,105.279999,103.290001,104.690002,82.533195,5731800
2014-04-28,104.989998,105.419998,103.250000,104.260002,82.194176,4036200
2014-04-29,104.790001,105.500000,103.830002,105.300003,83.014091,4975800
2014-04-30,105.230003,106.239998,104.989998,105.400002,83.092911,5199300
2014-05-01,105.199997,105.790001,104.629997,105.070000,82.832764,2970800
2014-05-02,104.930000,105.580002,104.730003,105.010002,82.785461,2677000
2014-05-05,104.660004,104.800003,103.809998,104.519997,82.399132,3166400
2014-05-06,104.209999,104.470001,103.599998,103.870003,81.886719,2836300
2014-05-07,104.099998,104.660004,103.430000,104.620003,82.478012,3399800
2014-05-08,104.550003,105.019997,104.150002,104.940002,82.730286,3118400
2014-05-09,104.959999,105.300003,104.300003,105.059998,82.824860,2761800
2014-05-12,105.709999,106.500000,105.650002,106.199997,83.723602,3664200
2014-05-13,106.500000,108.209999,105.820000,107.150002,84.472557,3951500
2014-05-14,106.849998,107.040001,106.300003,106.529999,83.983749,3082300
2014-05-15,106.489998,106.739998,104.040001,104.989998,82.769691,5151000
2014-05-16,105.050003,106.050003,104.169998,106.029999,83.589561,4403300
2014-05-19,105.419998,105.529999,104.720001,105.389999,83.085037,3924300
2014-05-20,104.790001,104.809998,100.720001,101.559998,80.065605,9277600
2014-05-21,101.480003,103.000000,101.480003,102.879997,81.106247,5460200
2014-05-22,102.900002,103.879997,102.510002,103.080002,81.263939,3112300
2014-05-23,103.150002,104.150002,103.150002,104.029999,82.012856,2888600
2014-05-27,104.199997,104.480003,103.459999,103.680000,81.736946,3443400
2014-05-28,103.529999,103.860001,102.849998,102.910004,81.129898,3353300
2014-05-29,103.279999,103.669998,102.559998,103.599998,81.673889,3071200
2014-05-30,102.900002,102.980003,101.550003,102.230003,80.593819,5939300
2014-06-02,102.419998,103.940002,102.010002,103.760002,81.800003,3747000
2014-06-03,103.419998,104.570000,103.050003,104.489998,82.375488,3643600
2014-06-04,104.419998,105.099998,104.070000,104.309998,82.233604,2879900
2014-06-05,104.800003,107.120003,104.769997,106.959999,84.322739,5389200
2014-06-06,107.080002,108.360001,106.980003,108.180000,85.284546,4299600
2014-06-09,107.739998,109.300003,107.660004,108.750000,85.733932,3900400
2014-06-10,108.500000,109.500000,108.400002,109.309998,86.175385,4752700
2014-06-11,108.930000,108.980003,108.330002,108.690002,85.686615,2738800
2014-06-12,108.470001,108.500000,106.440002,106.650002,84.078354,3408600
2014-06-13,106.550003,107.230003,106.070000,106.769997,84.172951,2009100
2014-06-16,106.500000,106.879997,105.730003,106.809998,84.204514,2137200
2014-06-17,106.510002,107.000000,106.000000,106.669998,84.094139,2138400
2014-06-18,106.629997,107.599998,106.050003,107.480003,84.732697,2218700
2014-06-19,106.989998,107.419998,106.690002,107.250000,84.551376,2592400
2014-06-20,108.050003,109.529999,107.639999,109.379997,86.230568,7762900
2014-06-23,109.250000,109.849998,108.290001,108.779999,85.757568,2839500
2014-06-24,108.559998,109.339996,107.000000,107.809998,84.992844,2864200
2014-06-25,107.480003,108.879997,107.349998,108.440002,85.489525,2176200
2014-06-26,108.550003,108.800003,107.849998,108.519997,85.552582,1522900
2014-06-27,108.339996,108.879997,107.730003,108.779999,85.757568,3632100
2014-06-30,108.680000,109.029999,107.970001,108.669998,85.670853,2249200
2014-07-01,109.080002,109.750000,109.010002,109.169998,86.065025,2346300
2014-07-02,109.320000,109.949997,109.300003,109.559998,86.372482,1849000
2014-07-03,109.900002,111.160004,109.690002,111.080002,87.570786,2876200
2014-07-07,110.180000,110.449997,109.570000,110.160004,86.845490,2697100
2014-07-08,110.209999,110.379997,109.400002,109.459999,86.293648,2450600
2014-07-09,109.790001,110.290001,109.419998,110.139999,86.829742,2270600
2014-07-10,108.139999,109.570000,107.800003,109.360001,86.214821,2303600
2014-07-11,109.500000,109.989998,108.650002,109.959999,86.687828,1992300
2014-07-14,110.430000,111.040001,110.089996,110.089996,86.790298,2375100
2014-07-15,110.250000,110.419998,109.400002,109.849998,86.601112,3212900
2014-07-16,110.180000,111.459999,109.919998,111.400002,87.823067,3974100
2014-07-17,110.400002,110.669998,108.930000,109.070000,86.529907,3164700
2014-07-18,109.430000,110.169998,109.050003,110.169998,87.402596,2424900
2014-07-21,110.000000,110.550003,109.449997,110.230003,87.450180,2075900
2014-07-22,110.839996,111.279999,109.800003,110.059998,87.315315,2879400
2014-07-23,109.790001,109.980003,108.209999,108.379997,85.982513,4471400
2014-07-24,105.599998,106.230003,104.089996,105.040001,83.332733,8690300
2014-07-25,104.139999,105.349998,104.099998,104.849998,83.182022,4126200
2014-07-28,104.779999,104.900002,103.169998,104.150002,82.626686,4474300
2014-07-29,105.000000,106.440002,104.690002,104.690002,83.055061,7947100
2014-07-30,105.080002,105.320000,103.029999,103.379997,82.015800,5856900
2014-07-31,102.239998,102.690002,100.739998,100.750000,79.929283,6711400
2014-08-01,100.519997,100.849998,99.110001,100.519997,79.746841,6011900
2014-08-04,100.360001,102.050003,100.099998,101.809998,80.770233,5183900
2014-08-05,101.110001,102.470001,100.940002,101.500000,80.524300,5685400
2014-08-06,100.760002,101.849998,100.610001,101.489998,80.516357,5526900
2014-08-07,102.660004,103.470001,101.879997,101.940002,80.873367,5752800
2014-08-08,102.010002,103.440002,101.779999,103.279999,81.936455,4690200
2014-08-11,104.610001,104.849998,103.930000,104.500000,82.904335,5197900
2014-08-12,104.589996,105.160004,104.129997,104.330002,82.769455,4200900
2014-08-13,104.330002,105.500000,104.330002,105.160004,83.427956,4664900
2014-08-14,105.510002,106.000000,104.989998,105.660004,83.824600,4178800
2014-08-15,106.010002,106.419998,105.129997,105.739998,83.888077,4099200
2014-08-18,106.690002,107.099998,106.279999,106.980003,84.871849,3478600
2014-08-19,107.260002,107.699997,106.870003,107.300003,85.125694,3639200
2014-08-20,107.389999,108.150002,107.199997,107.699997,85.443024,5341600
2014-08-21,108.169998,108.570000,107.540001,107.970001,85.657242,4118100
2014-08-22,107.580002,107.820000,106.540001,107.309998,85.133636,4603700
2014-08-25,107.959999,108.330002,107.730003,107.970001,85.657242,3014100
2014-08-26,108.050003,108.639999,107.980003,108.059998,85.728630,2865800
2014-08-27,108.129997,108.919998,108.080002,108.550003,86.117393,3281900
2014-08-28,108.019997,108.820000,107.800003,108.650002,86.196709,3227800
2014-08-29,108.900002,109.099998,108.250000,109.070000,86.529907,4437200
2014-09-02,109.029999,109.730003,108.830002,108.919998,86.410912,4040200
2014-09-03,109.449997,109.660004,108.050003,108.459999,86.045959,4669000
2014-09-04,108.300003,109.489998,108.160004,108.820000,86.331581,4604000
2014-09-05,109.000000,109.180000,108.190002,108.540001,86.109451,4305000
2014-09-08,108.230003,108.459999,107.519997,107.910004,85.609642,3496900
2014-09-09,107.820000,108.199997,107.190002,107.400002,85.205040,3578500
2014-09-10,105.610001,106.120003,105.379997,105.930000,84.038811,8154700
2014-09-11,105.660004,105.660004,104.589996,105.589996,83.769058,5460100
2014-09-12,104.970001,105.089996,104.400002,105.019997,83.316872,6904200
2014-09-15,104.320000,104.900002,103.220001,104.860001,83.189926,7051900
2014-09-16,104.209999,105.830002,103.769997,104.860001,83.189926,5289700
2014-09-17,105.180000,105.410004,103.879997,103.989998,82.499725,5122200
2014-09-18,104.300003,104.550003,103.400002,104.339996,82.777405,3915800
2014-09-19,104.849998,105.000000,102.080002,102.510002,81.325554,8285400
2014-09-22,102.099998,102.260002,100.820000,100.900002,80.048286,5093200
2014-09-23,100.860001,101.089996,99.879997,99.989998,79.326340,5710300
2014-09-24,100.040001,101.489998,99.889999,101.199997,80.286293,5797000
2014-09-25,101.000000,101.199997,99.190002,99.510002,78.945557,4960800
2014-09-26,99.440002,100.639999,99.239998,100.379997,79.635750,2935900
2014-09-29,99.349998,100.099998,98.260002,99.830002,79.199432,3156400
2014-09-30,100.029999,100.099998,98.800003,99.029999,78.564735,3746100
2014-10-01,98.639999,99.000000,97.269997,97.610001,77.438202,4827300
2014-10-02,97.650002,97.980003,96.150002,97.410004,77.279549,4460800
2014-10-03,98.040001,98.339996,97.029999,97.389999,77.263672,3921900
2014-10-06,97.809998,98.129997,96.910004,98.000000,77.747604,3982400
2014-10-07,97.089996,97.510002,94.690002,94.699997,75.129585,6479500
2014-10-08,94.580002,96.860001,93.639999,96.650002,76.676598,6214200
2014-10-09,96.209999,96.519997,93.239998,93.500000,74.177559,6414500
2014-10-10,93.239998,94.570000,91.610001,93.129997,73.884018,6179100
2014-10-13,93.290001,94.059998,91.620003,91.680000,72.733673,5852400
2014-10-14,92.510002,95.010002,92.389999,92.800003,73.622208,6791300
2014-10-15,91.430000,92.750000,90.050003,92.589996,73.455612,9377600
2014-10-16,90.269997,94.150002,90.269997,93.239998,74.534805,7439400
2014-10-17,94.199997,95.599998,93.980003,95.050003,75.981682,7442600
2014-10-20,94.529999,95.300003,93.269997,94.029999,75.166283,4270800
2014-10-21,95.040001,96.320000,95.040001,95.889999,76.653183,3990500
2014-10-22,95.529999,95.980003,94.050003,94.570000,75.598000,6211300
2014-10-23,97.599998,99.940002,97.339996,99.269997,79.355080,11670100
2014-10-24,99.510002,99.680000,98.370003,99.440002,79.490959,4133800
2014-10-27,98.680000,98.769997,97.150002,98.540001,78.771561,4346100
2014-10-28,99.440002,101.160004,99.029999,101.160004,80.865936,5069600
2014-10-29,101.529999,101.839996,99.839996,100.190002,80.090523,4426400
2014-10-30,99.629997,100.580002,99.059998,100.160004,80.066544,2650900
2014-10-31,101.349998,102.370003,100.839996,101.410004,81.065781,5367700
2014-11-03,101.610001,101.760002,99.769997,100.220001,80.114502,4434300
2014-11-04,99.750000,100.000000,98.040001,98.610001,78.827492,4849000
2014-11-05,99.449997,99.639999,98.449997,99.410004,79.467010,3515600
2014-11-06,99.510002,100.989998,99.239998,100.910004,80.666100,3427700
2014-11-07,101.260002,101.830002,100.900002,101.760002,81.345573,2708200
2014-11-10,101.860001,102.550003,101.860001,102.209999,81.705315,3308100
2014-11-11,102.309998,102.800003,101.599998,102.529999,81.961082,2464400
2014-11-12,102.169998,103.220001,101.519997,102.989998,82.328812,2808700
2014-11-13,103.059998,103.180000,100.680000,101.110001,80.825958,3924100
2014-11-14,101.000000,101.699997,100.650002,101.339996,81.009819,2660500
2014-11-17,101.250000,102.080002,100.449997,101.699997,81.297577,2477000
2014-11-18,101.699997,102.449997,101.309998,102.040001,81.569405,2761200
2014-11-19,101.860001,102.300003,100.889999,101.300003,80.977829,4679100
2014-11-20,100.330002,102.139999,100.070000,102.089996,81.609375,3052600
2014-11-21,104.300003,107.120003,104.199997,106.449997,85.094688,8738000
2014-11-24,106.400002,106.470001,105.099998,105.959999,84.702988,4108600
2014-11-25,106.099998,106.629997,105.330002,106.239998,84.926819,3321500
2014-11-26,106.290001,106.440002,105.449997,105.790001,84.567101,2463800
2014-11-28,104.389999,104.610001,100.120003,100.599998,80.418266,5780900
2014-12-01,100.239998,100.470001,97.790001,99.000000,79.139267,7431800
2014-12-02,99.480003,99.959999,98.720001,99.510002,79.546936,3900400
2014-12-03,100.040001,101.459999,99.959999,100.180000,80.082527,6930700
2014-12-04,99.690002,100.870003,99.510002,99.669998,79.674843,3390100
2014-12-05,99.809998,99.959999,98.709999,98.779999,78.963379,3605000
2014-12-08,98.660004,98.760002,95.199997,95.250000,76.141556,7192100
2014-12-09,94.169998,96.169998,93.800003,95.449997,76.301422,6562900
2014-12-10,94.910004,95.019997,92.750000,93.019997,74.358910,6749600
2014-12-11,93.680000,94.290001,92.529999,92.690002,74.095123,4664900
2014-12-12,92.000000,92.000000,89.959999,90.500000,72.344475,10327200
2014-12-15,91.250000,91.290001,89.389999,89.750000,71.744949,6924100
2014-12-16,89.230003,92.250000,89.150002,89.339996,71.417175,7649500
2014-12-17,89.400002,90.139999,88.029999,89.750000,71.744949,8671600
2014-12-18,91.889999,91.889999,90.550003,91.690002,73.295731,8344400
2014-12-19,91.580002,91.980003,90.879997,91.709999,73.311722,9689200
2014-12-22,92.459999,92.809998,91.849998,92.320000,73.799370,4577200
2014-12-23,92.989998,93.940002,92.650002,93.500000,74.742615,3554200
2014-12-24,93.639999,93.980003,93.269997,93.720001,74.918510,1654200
2014-12-26,93.949997,94.660004,93.720001,94.230003,75.326172,3127800
2014-12-29,94.199997,94.279999,93.589996,93.709999,74.910507,2390500
2014-12-30,93.599998,93.629997,92.510002,92.589996,74.015190,3197400
2014-12-31,92.889999,93.570000,91.449997,91.529999,73.167831,3251100
2015-01-02,91.769997,92.370003,90.660004,91.879997,73.447632,3767900
2015-01-05,90.349998,90.419998,86.599998,87.029999,69.570580,11301400
2015-01-06,87.279999,87.680000,85.169998,86.470001,69.122932,8660600
2015-01-07,87.370003,88.139999,86.419998,87.809998,70.194115,6511100
2015-01-08,89.180000,89.279999,87.839996,88.709999,70.913574,7617800
2015-01-09,88.760002,88.889999,87.019997,87.650002,70.066246,4857100
2015-01-12,87.730003,87.769997,86.070000,86.889999,69.458694,4351600
2015-01-13,87.680000,87.900002,85.199997,86.370003,69.042984,5078100
2015-01-14,84.889999,86.220001,84.269997,86.070000,68.803192,10366700
2015-01-15,86.029999,86.169998,84.300003,84.320000,67.956932,6683900
2015-01-16,84.239998,84.320000,83.050003,83.860001,67.586212,10424800
2015-01-20,84.419998,84.500000,83.190002,83.970001,67.674866,5937300
2015-01-21,83.589996,85.400002,83.589996,85.370003,68.803192,6613100
2015-01-22,86.050003,87.360001,85.430000,86.820000,69.971802,5567800
2015-01-23,86.790001,87.000000,85.199997,85.610001,68.996613,5027500
2015-01-26,85.360001,86.260002,84.900002,86.029999,69.335106,8140500
2015-01-27,79.739998,81.349998,79.099998,79.849998,64.354378,27489500
2015-01-28,80.400002,81.199997,79.959999,80.010002,64.483330,14269300
2015-01-29,79.910004,80.180000,78.809998,80.000000,64.475288,9157000
2015-01-30,79.510002,80.820000,79.419998,79.970001,64.451118,8150700
2015-02-02,80.080002,80.879997,79.489998,80.839996,65.152290,7149000
2015-02-03,81.220001,84.110001,81.150002,83.919998,67.634560,10895300
2015-02-04,82.779999,83.320000,81.660004,81.949997,66.046883,8806500
2015-02-05,82.400002,83.629997,81.870003,83.570000,67.352493,6640200
2015-02-06,83.599998,84.139999,82.800003,83.209999,67.062363,5581500
2015-02-09,83.050003,84.870003,82.949997,84.669998,68.239021,7693800
2015-02-10,85.000000,85.000000,83.459999,83.900002,67.618454,6569100
2015-02-11,83.559998,83.669998,82.239998,83.410004,67.223557,5722600
2015-02-12,84.080002,84.250000,83.309998,83.529999,67.320267,4623000
2015-02-13,84.110001,85.489998,84.029999,85.129997,68.609756,5645500
2015-02-17,84.860001,85.580002,84.199997,85.379997,68.811241,3924400
2015-02-18,84.919998,85.809998,84.580002,84.800003,68.343803,3568600
2015-02-19,83.809998,84.000000,82.209999,83.300003,67.134895,5733500
2015-02-20,83.300003,84.620003,82.400002,84.440002,68.053673,6029400
2015-02-23,83.900002,83.980003,83.139999,83.489998,67.288017,5180000
2015-02-24,83.769997,84.690002,83.599998,84.500000,68.102028,3678700
2015-02-25,84.519997,85.360001,84.169998,85.150002,68.625877,3449500
2015-02-26,85.099998,85.099998,83.559998,83.800003,67.537872,4457000
2015-02-27,84.180000,84.180000,82.889999,82.900002,66.812515,4370500
2015-03-02,82.900002,83.070000,82.239998,83.000000,66.893105,4155000
2015-03-03,82.709999,83.790001,82.650002,82.839996,66.764175,4331700
2015-03-04,82.570000,82.610001,80.830002,81.730003,65.869576,6863600
2015-03-05,81.730003,81.730003,80.059998,81.510002,65.692253,7123500
2015-03-06,80.370003,81.209999,79.550003,80.059998,64.523621,7913800
2015-03-09,80.169998,81.339996,80.099998,80.809998,65.128090,4740500
2015-03-10,80.019997,80.760002,79.739998,79.910004,64.402740,4850500
2015-03-11,80.150002,80.150002,79.260002,79.699997,64.233505,4612200
2015-03-12,80.269997,80.480003,79.800003,80.190002,64.628418,3612500
2015-03-13,79.900002,79.910004,78.190002,79.230003,63.854713,7272700
2015-03-16,79.570000,80.000000,79.059998,79.970001,64.451118,3598500
2015-03-17,79.349998,79.349998,78.250000,78.449997,63.226074,6979900
2015-03-18,78.250000,81.440002,78.250000,81.330002,65.547195,12154300
2015-03-19,80.500000,80.500000,79.559998,80.089996,64.547813,5236200
2015-03-20,80.620003,81.250000,80.190002,81.190002,65.434364,8216600
2015-03-23,81.190002,81.919998,81.019997,81.089996,65.353767,4704000
2015-03-24,81.150002,81.199997,80.199997,80.480003,64.862144,3978700
2015-03-25,81.029999,81.040001,79.830002,79.860001,64.362457,4803000
2015-03-26,79.639999,80.800003,79.510002,79.879997,64.378586,4238500
2015-03-27,79.459999,79.879997,78.760002,79.669998,64.209335,6336900
2015-03-30,80.010002,81.519997,80.000000,81.370003,65.579437,4621200
2015-03-31,80.510002,80.650002,79.809998,80.029999,64.499466,4848600
2015-04-01,80.029999,80.519997,79.389999,79.639999,64.185135,4446200
2015-04-02,79.599998,80.500000,79.400002,80.239998,64.668709,3555300
2015-04-06,80.349998,82.000000,79.980003,81.489998,65.676132,4495400
2015-04-07,81.220001,81.430000,80.500000,80.540001,64.910507,3526300
2015-04-08,80.839996,81.239998,79.919998,80.440002,64.829887,4196200
2015-04-09,80.500000,81.209999,80.279999,80.680000,65.023323,4291900
2015-04-10,81.099998,82.800003,80.739998,82.599998,66.570717,6831900
2015-04-13,82.599998,82.610001,81.599998,82.139999,66.200020,5293900
2015-04-14,82.550003,83.239998,81.540001,83.000000,66.893105,5898700
2015-04-15,83.290001,85.730003,83.000000,85.160004,68.633942,9643800
2015-04-16,84.400002,84.900002,84.000000,84.339996,68.536438,5692300
2015-04-17,83.500000,83.589996,82.660004,83.279999,67.675041,5314000
2015-04-20,83.959999,84.750000,83.879997,84.599998,68.747711,3914600
2015-04-21,84.660004,84.970001,83.610001,83.919998,68.195114,5620900
2015-04-22,84.129997,84.940002,83.089996,84.870003,68.967110,6520700
2015-04-23,86.849998,87.500000,83.849998,84.790001,68.902115,18917600
2015-04-24,84.699997,85.169998,84.019997,84.599998,68.747711,5848100
2015-04-27,84.769997,85.940002,84.400002,85.330002,69.340919,5912000
2015-04-28,85.419998,86.220001,84.500000,86.199997,70.047897,5736500
2015-04-29,85.690002,87.919998,85.459999,87.500000,71.104301,7021800
2015-04-30,86.849998,87.300003,86.230003,86.879997,70.600479,5460100
2015-05-01,87.690002,88.279999,86.760002,87.370003,70.998680,4850100
2015-05-04,87.730003,87.959999,87.169998,87.300003,70.941795,2754500
2015-05-05,87.570000,88.220001,86.699997,87.000000,70.697998,4623700
2015-05-06,87.750000,87.940002,86.419998,86.989998,70.689873,4464700
2015-05-07,86.650002,86.879997,85.889999,86.430000,70.234795,3892800
2015-05-08,87.779999,87.839996,86.699997,87.309998,70.949913,3577100
2015-05-11,88.400002,89.440002,88.089996,88.769997,72.136322,6882600
2015-05-12,88.190002,88.339996,87.260002,88.160004,71.640625,4066400
2015-05-13,88.589996,89.070000,88.209999,88.440002,71.868195,3178300
2015-05-14,88.779999,89.589996,88.650002,88.739998,72.111961,3228400
2015-05-15,88.500000,88.559998,87.599998,88.430000,71.860039,3205000
2015-05-18,88.389999,88.500000,87.650002,88.290001,71.746292,3074400
2015-05-19,87.889999,87.910004,86.510002,87.239998,70.893028,5676800
2015-05-20,87.629997,88.129997,87.129997,87.930000,71.453735,3841500
2015-05-21,88.230003,89.620003,87.940002,89.330002,72.591393,8155500
2015-05-22,89.180000,89.500000,88.629997,88.629997,72.022552,3483800
2015-05-26,88.129997,88.150002,87.290001,87.839996,71.380600,3149600
2015-05-27,87.989998,88.820000,87.650002,87.919998,71.445618,4517100
2015-05-28,87.330002,87.449997,85.730003,86.010002,69.893501,5899100
2015-05-29,85.739998,86.330002,85.110001,85.320000,69.332802,4685700
2015-06-01,86.059998,86.370003,84.699997,85.529999,69.503441,3976900
2015-06-02,85.209999,86.680000,85.070000,86.169998,70.023529,2817800
2015-06-03,86.599998,87.059998,85.809998,86.230003,70.072273,2841800
2015-06-04,85.500000,86.400002,85.320000,85.470001,69.454681,3775200
2015-06-05,85.010002,86.500000,84.910004,86.050003,69.926003,3937600
2015-06-08,85.800003,86.480003,85.779999,86.150002,70.007278,3355800
2015-06-09,86.459999,87.620003,86.419998,86.730003,70.478622,3984900
2015-06-10,87.449997,88.709999,87.360001,88.480003,71.900673,4717100
2015-06-11,88.620003,88.760002,87.919998,88.169998,71.648781,2872900
2015-06-12,87.949997,88.410004,87.570000,87.849998,71.388702,2212800
2015-06-15,87.139999,87.389999,86.349998,87.129997,70.803635,2721000
2015-06-16,86.790001,87.019997,86.239998,86.589996,70.364815,2895000
2015-06-17,86.889999,87.550003,86.320000,87.250000,70.901146,3402800
2015-06-18,86.830002,87.739998,86.830002,87.440002,71.055565,3372600
2015-06-19,87.269997,87.959999,87.150002,87.519997,71.120567,3910900
2015-06-22,87.970001,88.320000,87.709999,88.269997,71.730026,3648600
2015-06-23,88.419998,88.620003,88.010002,88.449997,71.876312,2539000
2015-06-24,88.790001,88.809998,88.070000,88.169998,71.648781,3413600
2015-06-25,88.220001,88.330002,86.660004,86.720001,70.470459,3239100
2015-06-26,86.500000,86.949997,85.809998,86.820000,70.551720,4387300
2015-06-29,86.220001,86.739998,85.099998,85.300003,69.316559,4747300
2015-06-30,86.089996,86.250000,84.800003,84.820000,68.926498,4077900
2015-07-01,85.389999,85.449997,83.540001,83.949997,68.219505,5296200
2015-07-02,84.529999,84.779999,83.849998,84.379997,68.568947,2582200
2015-07-06,83.650002,84.150002,82.730003,83.150002,67.569405,4896600
2015-07-07,82.989998,84.120003,81.849998,83.989998,68.252007,5192000
2015-07-08,83.050003,83.230003,81.760002,82.269997,66.854309,4325100
2015-07-09,83.430000,83.699997,81.459999,81.690002,66.382996,4570700
2015-07-10,82.639999,82.910004,81.870003,82.150002,66.756783,3495000
2015-07-13,82.870003,84.029999,82.680000,83.639999,67.967606,4228500
2015-07-14,83.529999,84.680000,83.519997,84.459999,68.633942,3797700
2015-07-15,84.550003,84.860001,83.750000,84.160004,68.390152,3661700
2015-07-16,84.750000,84.889999,83.410004,83.760002,68.693588,3686000
2015-07-17,83.550003,83.650002,82.760002,83.160004,68.201538,2931500
2015-07-20,83.059998,83.290001,82.139999,82.250000,67.455215,4291400
2015-07-21,81.800003,82.889999,81.250000,82.220001,67.430603,4691900
2015-07-22,81.000000,81.120003,79.150002,79.760002,65.413124,10180700
2015-07-23,77.699997,79.040001,76.650002,76.879997,63.051151,13909900
2015-07-24,76.910004,77.089996,75.849998,76.099998,62.411453,9175900
2015-07-27,75.180000,75.720001,74.769997,75.320000,61.771763,10269600
2015-07-28,75.919998,78.150002,75.790001,77.779999,63.789257,15699000
2015-07-29,77.300003,77.459999,76.510002,77.330002,63.420193,13794800
2015-07-30,76.980003,78.370003,76.680000,78.349998,64.256714,7386200
2015-07-31,78.599998,79.040001,78.150002,78.629997,64.486382,6203600
2015-08-03,78.419998,78.430000,76.750000,77.260002,63.362812,6443300
2015-08-04,77.330002,77.860001,76.320000,76.599998,62.821507,5822300
2015-08-05,77.500000,77.919998,76.720001,76.879997,63.051151,4581900
2015-08-06,76.980003,77.650002,76.180000,77.459999,63.526829,5609500
2015-08-07,77.519997,78.150002,76.940002,77.290001,63.387405,7851300
2015-08-10,78.040001,80.309998,77.900002,80.160004,65.741135,9041600
2015-08-11,78.730003,78.930000,77.230003,78.040001,64.002495,8992500
2015-08-12,77.309998,79.120003,76.919998,78.919998,64.724197,7236800
2015-08-13,78.550003,78.580002,77.699997,77.760002,63.772846,5662500
2015-08-14,77.660004,78.730003,77.599998,78.489998,64.371559,3811500
2015-08-17,78.129997,78.639999,77.209999,78.540001,64.412544,5226800
2015-08-18,78.510002,79.000000,78.180000,78.820000,64.642197,5146400
2015-08-19,78.250000,78.540001,77.050003,77.410004,63.485821,5862700
2015-08-20,77.279999,77.830002,76.410004,76.410004,62.665688,7767300
2015-08-21,75.940002,76.300003,74.959999,75.000000,61.509312,11805500
2015-08-24,71.820000,74.879997,70.230003,72.820000,59.721432,15209300
2015-08-25,75.220001,75.489998,72.029999,72.059998,59.098156,9427200
2015-08-26,73.820000,74.080002,72.529999,73.870003,60.582592,8288100
2015-08-27,75.040001,76.220001,74.230003,75.660004,62.050583,8537700
2015-08-28,75.190002,76.019997,74.629997,75.949997,62.288437,6649500
2015-08-31,75.320000,76.769997,74.900002,76.440002,62.690300,7019600
2015-09-01,74.500000,75.940002,74.459999,74.900002,61.427296,9053100
2015-09-02,75.900002,76.160004,74.949997,76.099998,62.411453,5325900
2015-09-03,75.949997,76.010002,73.779999,74.449997,61.058231,11077100
2015-09-04,73.000000,73.660004,72.349998,73.099998,59.951065,12007300
2015-09-08,74.580002,74.620003,73.559998,74.300003,60.935238,5647800
2015-09-09,75.000000,75.199997,72.779999,72.959999,59.836273,5859200
2015-09-10,72.889999,73.309998,72.029999,72.419998,59.393379,6109100
2015-09-11,72.230003,72.919998,71.879997,72.629997,59.565613,4413800
2015-09-14,72.349998,72.889999,72.010002,72.769997,59.680443,4231800
2015-09-15,73.019997,74.739998,72.650002,74.580002,61.164871,5109400
2015-09-16,74.849998,75.870003,74.580002,75.639999,62.034195,5225800
2015-09-17,75.400002,75.680000,73.910004,74.059998,60.738407,7745000
2015-09-18,73.330002,73.500000,71.610001,71.860001,58.934124,9260100
2015-09-21,72.300003,72.839996,71.910004,72.160004,59.180168,7594900
2015-09-22,71.120003,71.800003,70.639999,71.680000,58.786503,5717300
2015-09-23,71.669998,71.809998,70.160004,70.199997,57.572704,4754300
2015-09-24,66.199997,66.699997,64.650002,65.800003,53.964172,22589600
2015-09-25,65.000000,65.769997,64.739998,64.980003,53.291672,12365100
2015-09-28,64.239998,64.320000,62.990002,63.790001,52.315723,12572000
2015-09-29,63.650002,65.389999,63.599998,64.309998,52.742184,8784400
2015-09-30,64.949997,65.639999,64.150002,65.360001,53.603325,7850300
2015-10-01,65.629997,66.099998,63.610001,64.389999,52.807796,7933000
2015-10-02,63.790001,65.730003,63.099998,65.699997,53.882168,8782700
2015-10-05,66.690002,69.480003,66.519997,69.180000,56.736195,10661900
2015-10-06,69.540001,71.150002,69.080002,70.820000,58.081203,9664100
2015-10-07,71.360001,72.709999,69.150002,70.379997,57.720360,8307700
2015-10-08,70.320000,72.180000,69.849998,71.839996,58.917725,6091600
2015-10-09,71.839996,72.489998,70.860001,71.300003,58.474857,5573500
2015-10-12,71.510002,71.529999,70.320000,70.500000,57.818748,4643500
2015-10-13,69.959999,71.029999,69.260002,70.169998,57.548122,4724800
2015-10-14,70.110001,71.059998,69.570000,70.709999,57.990974,4042700
2015-10-15,70.470001,70.919998,69.760002,70.830002,58.089394,4547900
2015-10-16,70.620003,70.830002,69.110001,69.680000,57.146255,8310000
2015-10-19,69.250000,69.470001,68.800003,69.269997,56.809986,5712000
2015-10-20,68.860001,71.190002,68.510002,70.269997,57.630131,6385800
2015-10-21,70.589996,71.900002,69.580002,69.669998,57.138035,8679400
2015-10-22,67.919998,72.830002,67.809998,70.879997,58.780045,13909200
2015-10-23,71.709999,72.430000,70.660004,71.750000,59.501530,7942500
2015-10-26,71.790001,72.300003,71.419998,71.519997,59.310806,6254500
2015-10-27,70.180000,71.080002,68.339996,70.389999,58.373707,8280500
2015-10-28,70.750000,72.110001,70.480003,71.970001,59.683968,5486900
2015-10-29,71.489998,72.570000,71.279999,71.970001,59.683968,4321300
2015-10-30,72.269997,73.279999,71.629997,72.989998,60.529861,7388700
2015-11-02,73.000000,74.639999,72.830002,74.339996,61.649384,5876500
2015-11-03,74.440002,75.320000,74.199997,74.750000,61.989422,5006100
2015-11-04,75.339996,75.930000,74.330002,74.550003,61.823555,5477800
2015-11-05,74.650002,75.559998,73.209999,74.220001,61.549854,6238900
2015-11-06,73.419998,73.849998,72.330002,73.839996,61.234745,5538600
2015-11-09,73.430000,73.610001,71.480003,71.889999,59.617630,5914800
2015-11-10,71.790001,72.580002,71.629997,72.430000,60.065449,4373800
2015-11-11,72.540001,72.849998,71.820000,71.910004,59.634216,4190700
2015-11-12,70.820000,70.989998,68.410004,68.660004,56.939018,8731700
2015-11-13,68.699997,70.129997,68.500000,69.629997,57.743446,6429600
2015-11-16,69.480003,70.620003,69.230003,70.389999,58.373707,5167600
2015-11-17,70.129997,70.360001,69.050003,69.389999,57.544415,4812000
2015-11-18,69.900002,70.449997,69.379997,70.320000,58.315636,3788300
2015-11-19,69.500000,70.110001,68.599998,70.019997,58.066853,6296000
2015-11-20,70.480003,71.209999,70.160004,71.139999,58.995667,6495100
2015-11-23,70.980003,71.900002,70.889999,71.019997,58.896137,3847600
2015-11-24,70.779999,71.709999,70.440002,71.400002,59.211262,3846500
2015-11-25,71.739998,71.889999,70.720001,71.489998,59.285896,3493000
2015-11-27,71.180000,71.529999,70.699997,71.220001,59.062012,1642100
2015-11-30,71.330002,72.790001,71.150002,72.650002,60.247898,5632900
2015-12-01,72.330002,72.639999,70.849998,71.559998,59.343964,6578400
2015-12-02,71.199997,72.129997,70.620003,71.029999,58.904461,5068200
2015-12-03,71.150002,71.220001,69.370003,69.639999,57.751724,8130800
2015-12-04,69.360001,70.029999,68.800003,69.980003,58.033691,5252000
2015-12-07,68.680000,68.730003,67.720001,68.360001,56.690250,6805900
2015-12-08,66.989998,67.160004,66.180000,66.540001,55.180935,6866300
2015-12-09,66.300003,67.019997,65.160004,65.910004,54.658493,8578000
2015-12-10,65.980003,67.089996,65.910004,66.379997,55.048264,5768700
2015-12-11,65.379997,66.099998,64.480003,65.430000,54.260429,7572600
2015-12-14,65.629997,66.180000,64.730003,66.120003,54.832630,7371100
2015-12-15,65.459999,66.959999,65.239998,66.750000,55.355076,6061200
2015-12-16,66.220001,67.879997,66.139999,67.720001,56.159508,6747600
2015-12-17,67.180000,67.510002,64.879997,64.900002,53.820904,6800000
2015-12-18,64.599998,65.870003,64.099998,65.110001,53.995045,13490900
2015-12-21,65.589996,65.820000,64.379997,65.239998,54.102856,5311500
2015-12-22,66.250000,68.790001,66.110001,68.410004,56.731712,9697200
2015-12-23,69.589996,70.489998,68.989998,69.889999,57.959057,7586300
2015-12-24,69.750000,69.900002,69.059998,69.379997,57.536106,2322100
2015-12-28,69.120003,69.180000,68.029999,68.580002,56.872669,3884000
2015-12-29,69.220001,69.570000,68.620003,69.190002,57.378551,3539500
2015-12-30,68.660004,69.629997,68.570000,68.690002,56.963909,3158500
2015-12-31,68.449997,69.099998,67.940002,67.959999,56.358528,4356400
2016-01-04,66.879997,68.080002,65.720001,67.989998,56.383396,8586900
2016-01-05,68.379997,68.440002,66.419998,67.279999,55.794598,6139100
2016-01-06,65.980003,66.849998,65.620003,66.220001,54.915558,6639300
2016-01-07,65.080002,65.519997,63.660000,63.939999,53.024776,8601500
2016-01-08,64.330002,64.529999,62.930000,63.290001,52.485741,8278500
2016-01-11,63.669998,63.700001,60.849998,61.470001,50.976433,9669400
2016-01-12,62.439999,62.500000,60.389999,61.599998,51.084240,8593100
2016-01-13,62.070000,62.759998,60.389999,60.889999,50.495449,7237300
2016-01-14,61.240002,62.970001,60.380001,62.270000,51.639862,9241800
2016-01-15,59.520000,60.090000,58.750000,59.869999,50.271191,12674500
2016-01-19,60.259998,60.540001,58.480000,59.029999,49.565872,8501100
2016-01-20,58.080002,59.380001,56.360001,58.810001,49.381149,10857700
2016-01-21,59.000000,60.419998,58.250000,59.689999,50.120064,8798300
2016-01-22,61.230000,62.560001,60.599998,60.980000,51.203236,7815600
2016-01-25,58.959999,59.349998,57.759998,57.910000,48.625435,10971500
2016-01-26,58.400002,59.660000,58.090000,59.160000,49.675030,8141900
2016-01-27,58.430000,59.889999,57.459999,58.320000,48.969707,11013800
2016-01-28,62.009998,62.450001,58.570000,61.080002,51.287209,13567000
2016-01-29,61.689999,62.290001,60.759998,62.240002,52.261227,8221000
2016-02-01,61.970001,63.080002,61.380001,62.700001,52.647484,5955700
2016-02-02,61.279999,61.549999,60.480000,60.669998,50.942932,6282300
2016-02-03,61.470001,63.599998,59.799999,63.270000,53.126080,8332100
2016-02-04,63.599998,66.989998,63.599998,65.959999,55.384804,12598000
2016-02-05,65.669998,66.760002,65.180000,66.120003,55.519154,7463700
2016-02-08,65.419998,65.639999,63.660000,64.580002,54.226051,6315500
2016-02-09,63.900002,64.410004,63.119999,63.930000,53.680267,5638500
2016-02-10,64.269997,64.379997,62.000000,62.139999,52.177254,5955400
2016-02-11,60.910000,62.310001,60.509998,61.410000,51.564293,7055000
2016-02-12,61.990002,63.470001,61.820000,63.150002,53.025333,4297400
2016-02-16,64.160004,65.550003,63.509998,65.209999,54.755035,4819400
2016-02-17,66.000000,67.790001,65.720001,67.260002,56.476376,7373800
2016-02-18,67.150002,67.599998,65.139999,66.120003,55.519154,6175500
2016-02-19,64.919998,65.519997,64.080002,65.419998,54.931385,4994900
2016-02-22,65.419998,67.519997,65.419998,67.309998,56.518364,5787700
2016-02-23,67.110001,67.239998,65.699997,65.779999,55.233665,5599400
2016-02-24,64.699997,65.970001,63.070000,65.879997,55.317627,6439200
2016-02-25,65.889999,66.470001,64.839996,66.470001,55.813038,4277200
2016-02-26,67.389999,68.000000,66.449997,66.870003,56.148911,4149800
2016-02-29,67.139999,68.580002,66.489998,67.699997,56.845837,8643200
2016-03-01,68.440002,69.489998,67.339996,69.089996,58.012970,4451600
2016-03-02,68.750000,69.930000,68.209999,69.379997,58.256477,4801300
2016-03-03,69.620003,72.080002,69.389999,71.750000,60.246510,7172700
2016-03-04,72.089996,73.959999,71.540001,72.839996,61.161758,9521500
2016-03-07,72.800003,75.730003,72.800003,74.769997,62.782337,10740400
2016-03-08,73.779999,74.110001,71.519997,71.730003,60.229740,8748400
2016-03-09,72.330002,72.699997,71.260002,71.870003,60.347275,4907900
2016-03-10,72.029999,72.029999,70.489998,71.360001,59.919037,6352400
2016-03-11,72.360001,73.099998,72.279999,72.800003,61.128174,4787000
2016-03-14,72.730003,73.440002,72.129997,72.730003,61.069393,5060000
2016-03-15,71.440002,72.470001,70.860001,72.440002,60.825882,4674400
2016-03-16,72.589996,74.510002,72.199997,74.339996,62.421253,6641200
2016-03-17,74.199997,76.300003,73.519997,75.900002,63.731159,13316000
2016-03-18,76.080002,76.940002,74.639999,75.470001,63.370102,13750200
2016-03-21,75.529999,76.349998,75.040001,75.889999,63.722752,4315700
2016-03-22,75.589996,76.080002,75.239998,75.550003,63.437256,3625600
2016-03-23,74.970001,75.120003,73.570000,73.680000,61.867088,5352900
2016-03-24,72.930000,75.349998,72.730003,75.290001,63.218945,7036100
2016-03-28,75.150002,75.550003,74.459999,75.320000,63.244141,3425400
2016-03-29,74.970001,76.050003,74.190002,76.010002,63.823532,4085000
2016-03-30,76.940002,77.250000,76.010002,76.510002,64.243347,4886800
2016-03-31,76.300003,77.129997,76.239998,76.540001,64.268539,4348700
2016-04-01,75.650002,76.870003,74.669998,76.790001,64.478455,4878300
2016-04-04,76.559998,77.040001,75.419998,75.720001,63.580025,4349500
2016-04-05,75.320000,75.849998,74.599998,75.239998,63.176983,4386800
2016-04-06,75.519997,75.570000,73.699997,75.220001,63.160179,4929800
2016-04-07,74.489998,74.680000,73.760002,74.169998,62.278519,4800800
2016-04-08,75.029999,75.250000,74.000000,74.349998,62.429672,4911000
2016-04-11,74.610001,75.779999,74.610001,74.629997,62.664780,3904800
2016-04-12,75.059998,76.739998,74.470001,76.099998,63.899094,5129600
2016-04-13,76.870003,79.160004,76.559998,79.129997,66.443306,9365700
2016-04-14,79.440002,79.720001,78.370003,79.050003,66.376122,5372300
2016-04-15,79.379997,79.779999,78.730003,79.169998,66.476883,5508500
2016-04-18,78.470001,79.870003,78.139999,79.250000,66.544060,4822200
2016-04-19,79.989998,80.889999,79.459999,80.389999,67.501289,6283500
2016-04-20,80.250000,80.599998,79.300003,79.739998,66.955482,5356800
2016-04-21,78.750000,79.580002,78.190002,78.660004,66.692650,6509100
2016-04-22,78.930000,79.180000,77.199997,78.320000,66.404358,10099600
2016-04-25,78.500000,78.860001,76.199997,76.790001,65.107162,8079800
2016-04-26,77.150002,77.739998,76.470001,77.650002,65.836334,6085900
2016-04-27,77.980003,78.889999,77.599998,78.680000,66.709625,4459300
2016-04-28,78.029999,79.169998,77.599998,77.750000,65.921097,4844600
2016-04-29,78.019997,79.000000,77.320000,77.720001,65.895676,7702700
2016-05-02,77.349998,78.070000,76.620003,77.839996,65.997421,3330100
2016-05-03,76.849998,77.099998,75.580002,76.360001,64.742584,4790900
2016-05-04,76.180000,76.309998,73.900002,74.239998,62.945107,6938100
2016-05-05,74.150002,74.599998,72.699997,72.790001,61.715710,8071200
2016-05-06,72.160004,73.419998,71.620003,73.360001,62.198990,6942800
2016-05-09,72.330002,72.629997,70.570000,70.779999,60.011520,9405000
2016-05-10,70.779999,72.709999,70.589996,72.510002,61.478310,6507300
2016-05-11,72.849998,73.610001,72.360001,72.430000,61.410484,4691900
2016-05-12,72.919998,73.239998,71.180000,71.699997,60.791550,4526500
2016-05-13,71.629997,71.779999,70.059998,70.070000,59.409538,6417200
2016-05-16,70.389999,71.699997,70.099998,70.699997,59.943680,4515900
2016-05-17,70.699997,72.180000,70.449997,71.050003,60.240456,4841900
2016-05-18,70.620003,71.870003,70.080002,70.589996,59.850426,5166000
2016-05-19,69.930000,70.120003,69.040001,69.430000,58.866924,6137100
2016-05-20,70.000000,70.779999,69.750000,69.870003,59.239971,5731600
2016-05-23,69.800003,70.949997,69.589996,70.400002,59.689339,4002000
2016-05-24,70.779999,71.250000,70.250000,71.089996,60.274345,3872400
2016-05-25,71.629997,72.699997,71.260002,72.570000,61.529194,5035400
2016-05-26,73.239998,73.589996,72.059998,72.080002,61.113735,4146400
2016-05-27,72.150002,72.199997,71.500000,71.959999,61.011986,3002100
2016-05-31,72.029999,73.169998,71.949997,72.510002,61.478310,4072600
2016-06-01,71.980003,72.489998,71.269997,72.269997,61.274853,2699900
2016-06-02,72.599998,73.639999,72.279999,73.620003,62.419453,4615300
2016-06-03,73.650002,75.139999,73.099998,75.040001,63.623421,6619300
2016-06-06,75.360001,76.529999,75.110001,76.419998,64.793465,4775100
2016-06-07,76.529999,77.279999,76.440002,76.809998,65.124123,4235200
2016-06-08,77.500000,78.699997,77.260002,78.110001,66.226334,5987800
2016-06-09,77.389999,77.500000,76.639999,77.160004,65.420891,3784600
2016-06-10,76.320000,76.559998,75.379997,76.029999,64.462791,4879500
2016-06-13,75.699997,76.339996,75.230003,75.230003,63.784504,4086700
2016-06-14,75.059998,75.550003,73.949997,74.860001,63.470798,4058400
2016-06-15,75.190002,75.949997,74.339996,75.070000,63.648865,3802000
2016-06-16,74.410004,75.139999,73.349998,74.989998,63.581009,4064800
2016-06-17,75.349998,76.660004,75.239998,75.930000,64.378014,5442000
2016-06-20,76.910004,77.349998,76.389999,76.430000,64.801910,4090800
2016-06-21,76.449997,76.900002,76.010002,76.489998,64.852814,3292100
2016-06-22,76.889999,77.089996,76.180000,76.430000,64.801910,3056800
2016-06-23,77.660004,78.250000,77.220001,78.220001,66.319611,3600800
2016-06-24,75.199997,75.610001,72.989998,73.029999,61.919197,12179500
2016-06-27,72.500000,72.709999,70.529999,71.379997,60.520229,7337400
2016-06-28,72.239998,72.900002,71.510002,72.519997,61.486805,4743700
2016-06-29,73.250000,74.400002,72.790001,74.230003,62.936653,4015400
2016-06-30,74.169998,75.849998,73.970001,75.809998,64.276283,4695500
2016-07-01,75.379997,76.989998,75.320000,76.449997,64.818886,4630100
2016-07-05,75.660004,75.949997,73.699997,74.379997,63.063824,4776300
2016-07-06,74.589996,74.870003,73.459999,74.830002,63.445343,3740500
2016-07-07,75.070000,75.730003,74.379997,75.050003,63.631878,3080900
2016-07-08,75.919998,77.430000,75.779999,77.370003,65.598923,5491500
2016-07-11,78.000000,78.540001,77.320000,77.800003,65.963486,4511300
2016-07-12,78.720001,79.940002,78.300003,79.800003,67.659218,5545800
2016-07-13,79.980003,80.330002,79.070000,79.690002,67.565971,5162500
2016-07-14,80.500000,81.000000,79.970001,80.059998,67.879654,5441700
2016-07-15,80.489998,80.800003,80.160004,80.699997,68.422302,4642100
2016-07-18,79.879997,79.889999,78.870003,79.820000,68.328133,4136700
2016-07-19,79.339996,79.769997,79.150002,79.739998,68.259659,3308400
2016-07-20,79.449997,79.860001,78.930000,79.690002,68.216850,4185500
2016-07-21,80.449997,81.379997,79.739998,80.010002,68.490791,6472300
2016-07-22,79.779999,79.790001,78.860001,79.379997,67.951462,4133800
2016-07-25,79.150002,79.190002,78.339996,78.690002,67.360832,5798100
2016-07-26,79.040001,83.000000,78.739998,82.750000,70.836273,11007600
2016-07-27,82.720001,84.290001,82.720001,84.099998,71.991920,8460900
2016-07-28,83.699997,83.709999,82.449997,82.919998,70.981804,5065600
2016-07-29,82.800003,83.139999,82.129997,82.760002,70.844856,4274200
2016-08-01,82.760002,82.879997,81.529999,81.949997,70.151466,3377100
2016-08-02,82.000000,82.190002,80.919998,81.239998,69.543694,3909500
2016-08-03,81.150002,82.300003,80.930000,82.029999,70.219948,3101700
2016-08-04,81.820000,82.540001,81.400002,81.769997,69.997391,2407500
2016-08-05,82.220001,82.959999,82.000000,82.559998,70.673653,3286100
2016-08-08,83.000000,83.790001,82.800003,83.440002,71.426949,3544800
2016-08-09,83.519997,83.750000,82.699997,82.830002,70.904785,2314900
2016-08-10,83.309998,83.309998,82.480003,82.650002,70.750687,2290300
2016-08-11,83.000000,83.650002,82.989998,83.239998,71.255722,2229300
2016-08-12,83.260002,83.779999,82.580002,83.000000,71.050308,4342800
2016-08-15,83.000000,84.279999,82.959999,84.150002,72.034737,4056000
2016-08-16,84.209999,84.360001,83.639999,84.290001,72.154587,3161800
2016-08-17,84.410004,84.730003,83.839996,84.410004,72.257294,2983400
2016-08-18,83.410004,83.610001,82.510002,83.379997,71.375580,5003100
2016-08-19,83.059998,84.379997,82.760002,83.839996,71.769356,3823900
2016-08-22,83.620003,83.779999,83.000000,83.589996,71.555344,2885000
2016-08-23,83.980003,84.680000,83.949997,84.010002,71.914871,3178400
2016-08-24,83.410004,84.099998,82.970001,83.150002,71.178688,2200600
2016-08-25,83.070000,83.169998,82.589996,82.839996,70.913330,3082900
2016-08-26,83.209999,83.900002,82.279999,82.660004,70.759247,3596800
2016-08-29,82.510002,83.349998,82.410004,83.099998,71.135895,2253600
2016-08-30,82.860001,83.150002,82.309998,82.480003,70.605164,3468700
2016-08-31,82.059998,82.339996,81.610001,81.949997,70.151466,4041700
2016-09-01,81.589996,82.000000,80.570000,81.449997,69.723442,4102200
2016-09-02,82.190002,82.370003,81.470001,81.690002,69.928917,2449400
2016-09-06,82.010002,82.230003,81.480003,82.080002,70.262756,3071000
2016-09-07,82.500000,83.730003,82.410004,83.720001,71.666649,3996700
2016-09-08,83.500000,83.959999,83.080002,83.540001,71.512550,3400500
2016-09-09,82.889999,83.000000,80.760002,80.790001,69.158470,5311600
2016-09-12,80.269997,82.120003,80.099998,81.919998,70.125801,4110800
2016-09-13,81.099998,81.260002,79.930000,80.230003,68.679085,4740600
2016-09-14,80.379997,81.620003,80.230003,81.019997,69.355354,5324800
2016-09-15,80.830002,82.349998,80.739998,82.029999,70.219948,3499400
2016-09-16,81.620003,82.080002,81.209999,82.050003,70.237068,6715400
2016-09-19,82.180000,82.349998,81.349998,81.879997,70.091522,4351200
2016-09-20,82.459999,82.669998,81.660004,81.699997,69.937462,2774600
2016-09-21,82.300003,83.489998,82.010002,83.470001,71.452637,4264300
2016-09-22,83.970001,84.449997,83.309998,83.500000,71.478310,3925200
2016-09-23,83.510002,83.580002,82.389999,82.440002,70.570908,3031500
2016-09-26,82.199997,82.680000,82.010002,82.370003,70.511002,3340800
2016-09-27,82.190002,82.879997,81.669998,82.879997,70.947563,4295600
2016-09-28,83.250000,86.660004,83.139999,86.589996,74.123444,9497100
2016-09-29,86.279999,88.849998,86.279999,87.470001,74.876740,10616400
2016-09-30,87.989998,88.980003,87.809998,88.769997,75.989586,6379100
2016-10-03,88.230003,89.190002,88.169998,88.279999,75.570129,4294600
2016-10-04,88.500000,88.949997,87.180000,87.510002,74.910980,4743300
2016-10-05,88.120003,89.870003,88.040001,89.419998,76.545998,5189500
2016-10-06,88.959999,89.660004,88.709999,89.290001,76.434708,3786900
2016-10-07,89.519997,89.739998,87.940002,88.470001,75.732780,3774200
2016-10-10,89.099998,89.500000,88.139999,88.220001,75.518761,3785700
2016-10-11,89.099998,89.320000,87.260002,87.470001,74.876740,6471900
2016-10-12,87.500000,87.750000,87.019997,87.580002,74.970932,3950000
2016-10-13,86.900002,87.070000,86.260002,86.970001,74.448730,5677000
2016-10-14,87.830002,88.419998,87.559998,87.669998,75.047935,3601000
2016-10-17,87.379997,87.720001,86.900002,87.290001,74.722656,4479700
2016-10-18,88.110001,88.199997,86.769997,87.220001,74.662743,3715700
2016-10-19,87.309998,88.279999,86.860001,88.000000,75.330444,5943900
2016-10-20,87.059998,87.269997,86.230003,86.629997,74.812271,4576600
2016-10-21,85.730003,86.629997,85.360001,86.330002,74.553215,3592500
2016-10-24,86.120003,87.129997,85.540001,85.989998,74.259598,5096500
2016-10-25,85.860001,87.650002,83.879997,84.480003,72.955589,11639200
2016-10-26,83.809998,84.389999,82.879997,84.129997,72.653336,6582100
2016-10-27,84.279999,84.339996,82.709999,83.010002,71.686111,5003200
2016-10-28,83.320000,84.169998,83.000000,83.879997,72.437416,4974000
2016-10-31,84.190002,84.379997,83.410004,83.459999,72.074715,4679400
2016-11-01,83.470001,83.650002,81.650002,82.239998,71.021133,5139600
2016-11-02,82.150002,82.150002,80.330002,81.110001,70.045303,5228600
2016-11-03,81.639999,81.669998,80.680000,81.269997,70.183479,3859000
2016-11-04,81.339996,82.900002,80.589996,82.309998,71.081589,5745800
2016-11-07,83.739998,84.160004,82.970001,83.750000,72.325165,3786400
2016-11-08,83.769997,85.000000,83.059998,84.680000,73.128311,3407700
2016-11-09,89.779999,93.199997,89.360001,91.199997,78.758858,19281900
2016-11-10,92.040001,94.949997,91.839996,93.449997,80.701912,14174400
2016-11-11,93.389999,94.339996,91.820000,93.010002,80.321953,7369900
2016-11-14,93.250000,95.500000,93.019997,94.169998,81.323715,7552800
2016-11-15,93.459999,94.459999,92.639999,94.440002,81.556877,4645400
2016-11-16,93.769997,94.400002,92.839996,93.349998,80.615578,3297200
2016-11-17,93.500000,93.500000,92.400002,92.779999,80.123329,3942200
2016-11-18,93.010002,93.400002,91.900002,92.339996,79.743347,4715900
2016-11-21,93.129997,93.849998,92.779999,92.900002,80.226952,3783200
2016-11-22,93.400002,93.709999,92.800003,93.620003,80.848740,3172800
2016-11-23,94.809998,96.419998,94.220001,96.180000,83.059517,6535900
2016-11-25,95.959999,96.440002,95.209999,95.809998,82.739983,2006900
2016-11-28,95.510002,95.860001,94.470001,94.900002,81.954124,4916000
2016-11-29,94.000000,94.570000,93.629997,94.040001,81.211449,3806000
2016-11-30,95.750000,95.900002,94.349998,95.559998,82.524086,4641900
2016-12-01,96.000000,97.389999,94.050003,96.239998,83.111343,9361600
2016-12-02,95.360001,96.150002,94.930000,95.139999,82.161385,5038300
2016-12-05,95.870003,95.989998,94.150002,94.449997,81.565506,4980300
2016-12-06,94.099998,95.309998,94.070000,95.220001,82.230461,3663100
2016-12-07,95.250000,97.330002,94.930000,97.330002,84.052635,4901100
2016-12-08,97.260002,97.400002,96.129997,96.269997,83.137230,3861600
2016-12-09,96.230003,96.300003,95.190002,95.529999,82.498177,6550200
2016-12-12,96.010002,96.650002,94.910004,95.080002,82.109566,3596700
2016-12-13,95.739998,96.500000,95.180000,96.019997,82.921341,3803300
2016-12-14,95.769997,96.000000,93.610001,93.739998,80.952370,5647400
2016-12-15,93.800003,94.730003,93.050003,94.529999,81.634613,4200100
2016-12-16,94.349998,94.480003,92.529999,92.580002,79.950615,7872700
2016-12-19,91.930000,92.779999,91.000000,92.709999,80.062874,3856300
2016-12-20,93.639999,94.830002,93.300003,94.339996,81.470512,4302400
2016-12-21,94.260002,94.300003,93.680000,93.820000,81.021469,2829300
2016-12-22,93.779999,94.449997,93.720001,94.120003,81.280533,2534900
2016-12-23,93.790001,94.400002,93.639999,94.320000,81.453255,1545900
2016-12-27,94.339996,94.800003,94.099998,94.550003,81.651901,1735200
2016-12-28,94.599998,94.900002,92.820000,93.150002,80.442863,2700300
2016-12-29,93.279999,93.849998,93.000000,93.290001,80.563751,2387200
2016-12-30,93.040001,93.250000,92.330002,92.739998,80.088776,3471200
2017-01-03,94.000000,95.190002,93.250000,93.989998,81.168266,5054900
2017-01-04,94.459999,94.500000,93.430000,93.570000,80.805557,3772100
2017-01-05,93.180000,94.459999,92.419998,93.000000,80.313324,4698800
2017-01-06,93.449997,93.599998,92.410004,93.040001,80.347870,4023100
2017-01-09,92.930000,93.489998,92.199997,92.370003,79.769257,3095000
2017-01-10,92.980003,94.440002,92.769997,93.830002,81.030090,3980200
2017-01-11,94.470001,94.750000,93.389999,94.650002,81.738235,3720500
2017-01-12,94.370003,94.370003,92.779999,93.989998,81.168266,3102700
2017-01-13,94.070000,94.629997,93.680000,94.480003,81.591431,2609500
2017-01-17,94.239998,94.290001,93.220001,93.570000,80.805557,5040300
2017-01-18,92.790001,93.419998,92.529999,93.330002,81.267059,3425700
2017-01-19,93.580002,93.980003,92.959999,93.379997,81.310608,3540100
2017-01-20,94.010002,95.000000,93.620003,94.580002,82.355499,5045200
2017-01-23,94.599998,94.739998,93.559998,94.459999,82.250999,3254900
2017-01-24,95.019997,96.730003,94.800003,96.239998,83.800949,5768200
2017-01-25,97.820000,98.589996,97.320000,98.150002,85.464088,7557900
2017-01-26,98.449997,98.980003,96.019997,97.220001,84.654282,9097300
2017-01-27,97.690002,99.459999,97.500000,98.989998,86.195496,6371400
2017-01-30,98.400002,98.589996,96.570000,96.790001,84.279861,5221800
2017-01-31,96.589996,96.629997,94.589996,95.660004,83.295898,5724700
2017-02-01,95.809998,96.519997,94.400002,95.110001,82.816986,3582500
2017-02-02,94.769997,95.129997,93.500000,93.769997,81.650192,3807500
2017-02-03,94.320000,94.449997,92.809998,93.279999,81.223503,4677900
2017-02-06,92.809998,93.120003,92.430000,92.870003,80.866531,4621300
2017-02-07,94.320000,94.919998,93.019997,93.309998,81.249657,4995600
2017-02-08,93.000000,93.000000,92.110001,92.910004,80.901352,4083500
2017-02-09,93.059998,94.180000,92.690002,93.959999,81.815643,3994300
2017-02-10,94.870003,96.620003,94.500000,96.309998,83.861885,5600200
2017-02-13,97.690002,99.050003,97.160004,98.500000,85.768852,6995100
2017-02-14,98.290001,98.739998,97.260002,98.089996,85.411812,4342600
2017-02-15,98.110001,99.019997,98.000000,99.019997,86.221619,4326000
2017-02-16,99.050003,99.070000,97.800003,98.260002,85.559845,3062400
2017-02-17,98.070000,98.949997,97.540001,98.849998,86.073586,3631500
2017-02-21,98.870003,99.199997,97.919998,98.099998,85.420532,3916600
2017-02-22,98.040001,98.730003,97.620003,98.199997,85.507614,3031100
2017-02-23,98.440002,98.500000,95.120003,95.550003,83.200111,6024800
2017-02-24,94.860001,95.500000,93.500000,95.480003,83.139191,5018200
2017-02-27,95.480003,97.519997,95.120003,97.440002,84.845825,5445000
2017-02-28,97.239998,97.599998,96.440002,96.660004,84.166656,3951700
2017-03-01,98.199997,98.970001,97.430000,98.580002,85.838493,5564900
2017-03-02,98.489998,98.730003,92.839996,94.360001,82.163933,23059200
2017-03-03,94.360001,95.900002,94.209999,95.120003,82.825691,8163300
2017-03-06,94.320000,95.940002,94.099998,95.660004,83.295898,4706100
2017-03-07,95.650002,96.230003,94.760002,95.930000,83.530991,4683100
2017-03-08,94.099998,95.480003,92.860001,93.230003,81.179977,9370400
2017-03-09,92.449997,93.220001,90.410004,91.389999,79.577805,9260900
2017-03-10,91.889999,93.099998,90.809998,92.309998,80.378899,7169000
2017-03-13,93.330002,93.529999,92.260002,92.639999,80.666237,4376100
2017-03-14,91.220001,92.000000,90.620003,91.860001,79.987061,5781100
2017-03-15,92.370003,93.790001,92.059998,93.360001,81.293190,6434600
2017-03-16,93.970001,94.089996,92.639999,92.849998,80.849075,3717900
2017-03-17,92.989998,93.320000,92.650002,92.910004,80.901352,7141400
2017-03-20,93.129997,95.480003,92.889999,95.400002,83.069511,6516200
2017-03-21,95.379997,95.389999,92.089996,92.430000,80.483391,7720200
2017-03-22,92.000000,93.129997,91.720001,92.430000,80.483391,5035600
2017-03-23,92.449997,93.000000,91.959999,92.230003,80.309235,2585700
2017-03-24,92.239998,93.239998,91.559998,92.150002,80.239571,3634600
2017-03-27,90.900002,91.970001,90.339996,91.510002,79.682281,3425700
2017-03-28,91.559998,93.160004,91.510002,92.949997,80.936165,3866100
2017-03-29,92.760002,93.250000,92.400002,92.860001,80.857803,2513700
2017-03-30,92.980003,93.370003,92.400002,93.220001,81.171280,3672600
2017-03-31,92.629997,93.239998,92.019997,92.760002,80.770729,4020600
2017-04-03,92.430000,92.839996,91.000000,92.269997,80.344070,3685800
2017-04-04,93.889999,94.779999,93.059998,94.129997,81.963661,5797500
2017-04-05,94.919998,96.730003,93.959999,94.239998,82.059425,6061300
2017-04-06,94.419998,96.419998,94.260002,95.820000,83.435219,5421600
2017-04-07,95.870003,96.620003,95.419998,95.519997,83.174004,4463800
2017-04-10,96.309998,97.889999,96.099998,97.139999,84.584610,5168300
2017-04-11,97.300003,97.309998,95.669998,97.099998,84.549774,4250400
2017-04-12,96.690002,96.769997,94.660004,94.860001,82.599319,4773900
2017-04-13,94.599998,94.860001,93.089996,93.099998,81.066780,4706000
2017-04-17,93.690002,94.349998,93.489998,94.139999,81.972351,3719100
2017-04-18,93.500000,94.540001,93.120003,94.389999,82.190056,3310400
2017-04-19,94.860001,95.970001,93.290001,93.470001,81.388962,5550400
2017-04-20,93.279999,94.959999,92.980003,94.660004,83.109818,4852500
2017-04-21,95.190002,95.250000,93.809998,94.320000,82.811295,4128700
2017-04-24,95.839996,97.059998,95.800003,96.809998,84.997475,6739400
2017-04-25,102.879997,104.889999,102.000000,104.419998,91.678917,18383500
2017-04-26,103.800003,105.980003,103.639999,104.660004,91.889641,9856100
2017-04-27,104.050003,104.239998,102.559998,102.680000,90.151237,6727400
2017-04-28,102.830002,103.529999,102.230003,102.260002,89.782478,4016000
2017-05-01,102.650002,102.989998,101.410004,102.000000,89.554199,4512100
2017-05-02,102.269997,102.709999,101.250000,101.510002,89.124008,4516400
2017-05-03,101.040001,102.169998,100.779999,101.540001,89.150322,4278400
2017-05-04,101.440002,101.500000,98.639999,99.389999,87.262672,7271600
2017-05-05,99.500000,99.989998,99.019997,99.639999,87.482155,4086800
2017-05-08,99.480003,100.099998,98.940002,99.370003,87.245110,5094600
2017-05-09,99.720001,100.209999,99.250000,99.290001,87.174873,9742000
2017-05-10,99.720001,100.709999,99.300003,100.360001,88.114304,4696700
2017-05-11,101.900002,101.919998,100.150002,100.989998,88.667435,5220300
2017-05-12,100.589996,100.949997,100.169998,100.709999,88.421608,4112000
2017-05-15,101.589996,102.559998,101.410004,102.419998,89.922943,3756100
2017-05-16,102.750000,102.800003,101.269997,102.339996,89.852699,3115900
2017-05-17,102.339996,102.339996,99.889999,100.139999,87.921158,4618500
2017-05-18,99.139999,100.669998,97.739998,100.220001,87.991386,5931500
2017-05-19,101.570000,102.860001,101.269997,102.430000,89.931747,4636500
2017-05-22,102.669998,103.050003,101.809998,102.290001,89.808815,4376300
2017-05-23,102.300003,103.750000,102.059998,103.629997,90.985306,3327200
2017-05-24,103.330002,104.910004,103.150002,103.949997,91.266266,5170900
2017-05-25,104.449997,105.940002,104.239998,105.019997,92.205711,5220000
2017-05-26,105.000000,105.709999,104.620003,105.660004,92.767624,2894100
2017-05-30,105.260002,105.860001,105.010002,105.470001,92.600800,3211700
2017-05-31,105.250000,105.760002,103.599998,105.430000,92.565674,4131400
2017-06-01,105.769997,106.430000,105.160004,105.650002,92.758835,4211300
2017-06-02,105.669998,106.760002,105.180000,105.949997,93.022232,3702800
2017-06-05,105.580002,107.169998,105.139999,105.199997,92.363747,4319500
2017-06-06,104.790001,105.519997,104.059998,104.550003,91.793060,3800200
2017-06-07,104.300003,104.690002,102.449997,103.510002,90.879967,5121700
2017-06-08,103.510002,105.389999,103.510002,105.010002,92.196922,4649300
2017-06-09,105.089996,107.019997,105.029999,105.919998,92.995911,3881000
2017-06-12,105.919998,106.349998,104.900002,106.070000,93.127586,4167400
2017-06-13,106.180000,106.660004,105.510002,105.750000,92.846657,3522700
2017-06-14,105.800003,105.989998,103.989998,104.709999,91.933517,4100200
2017-06-15,103.800003,106.639999,103.800003,106.400002,93.417328,5974100
2017-06-16,106.760002,107.910004,106.400002,107.599998,94.470901,7350400
2017-06-19,107.949997,108.040001,106.669998,107.489998,94.374306,4347600
2017-06-20,108.059998,108.180000,106.919998,107.040001,93.979233,5314100
2017-06-21,106.629997,106.760002,103.150002,103.470001,90.844841,6274100
2017-06-22,103.570000,104.660004,103.489998,103.839996,91.169685,3652500
2017-06-23,102.500000,104.269997,102.300003,104.110001,91.406738,12089800
2017-06-26,104.660004,105.629997,103.440002,104.250000,91.529655,2857700
2017-06-27,104.500000,105.230003,103.690002,103.930000,91.248703,3380700
2017-06-28,104.849998,106.629997,104.760002,106.449997,93.461227,4118300
2017-06-29,106.449997,106.970001,104.809998,105.639999,92.750061,3550000
2017-06-30,106.099998,108.040001,105.830002,107.459999,94.348000,4702100
2017-07-03,106.510002,107.839996,106.480003,106.970001,93.917770,2404900
2017-07-05,107.000000,107.879997,106.650002,107.489998,94.374306,3483600
2017-07-06,107.230003,107.889999,106.300003,106.510002,93.513901,2921700
2017-07-07,106.610001,107.580002,105.849998,106.919998,93.873886,2767900
2017-07-10,106.730003,108.489998,106.239998,107.839996,94.681610,2951500
2017-07-11,107.910004,108.470001,107.050003,108.239998,95.032822,2559900
2017-07-12,108.919998,110.000000,108.839996,108.959999,95.664948,3611600
2017-07-13,108.889999,109.250000,107.970001,108.470001,95.234749,3051100
2017-07-14,108.550003,109.360001,108.050003,108.769997,95.498131,4480200
2017-07-17,108.000000,109.379997,107.980003,108.839996,95.559608,2969500
2017-07-18,108.220001,108.220001,106.570000,107.070000,94.684128,3984400
2017-07-19,107.300003,108.000000,107.139999,107.849998,95.373901,2857900
2017-07-20,107.879997,108.150002,107.059998,107.320000,94.905220,3759700
2017-07-21,106.709999,106.949997,105.110001,106.589996,94.259644,4258100
2017-07-24,107.860001,108.500000,107.290001,108.180000,95.665726,5980400
2017-07-25,113.239998,114.889999,111.800003,114.540001,101.290001,14264600
2017-07-26,114.250000,114.540001,113.080002,113.519997,100.387993,5741200
2017-07-27,113.720001,114.389999,113.250000,114.370003,101.139671,5583500
2017-07-28,114.449997,114.900002,113.480003,114.099998,100.900902,4704500
2017-07-31,114.500000,114.660004,113.690002,113.949997,100.768234,4477200
2017-08-01,114.269997,114.430000,112.519997,113.099998,100.016579,3683700
2017-08-02,113.150002,113.580002,112.089996,113.089996,100.007713,2830600
2017-08-03,112.849998,113.720001,112.849998,113.559998,100.423355,2438900
2017-08-04,113.879997,114.639999,113.449997,114.349998,101.121964,2631900
2017-08-07,114.480003,114.989998,114.300003,114.709999,101.440323,2269400
2017-08-08,114.589996,115.250000,114.190002,114.410004,101.175034,2601200
2017-08-09,114.389999,115.459999,114.110001,114.339996,101.113129,3170100
2017-08-10,113.889999,114.129997,112.860001,113.150002,100.060783,3186700
2017-08-11,113.070000,113.669998,112.750000,112.849998,99.795502,2130300
2017-08-14,113.459999,114.370003,113.269997,113.709999,100.556007,1968900
2017-08-15,114.000000,114.230003,113.320000,113.650002,100.502953,2826800
2017-08-16,113.809998,114.510002,113.629997,114.120003,100.918587,2268600
2017-08-17,114.000000,114.370003,113.139999,113.139999,100.051949,2905100
2017-08-18,112.989998,114.639999,112.690002,113.919998,100.741730,3875700
2017-08-21,113.750000,114.089996,113.269997,113.599998,100.458725,3137400
2017-08-22,114.209999,115.860001,114.000000,115.820000,102.421921,3881100
2017-08-23,115.000000,115.379997,114.750000,114.750000,101.475708,2447600
2017-08-24,115.000000,115.050003,114.389999,114.779999,101.502220,1861200
2017-08-25,115.470001,116.639999,115.150002,115.349998,102.006302,3282200
2017-08-28,115.760002,116.059998,114.660004,115.070000,101.758675,2011000
2017-08-29,114.379997,116.599998,114.300003,116.010002,102.589958,4355700
2017-08-30,116.120003,117.690002,115.879997,117.550003,103.951797,3401000
2017-08-31,117.949997,118.830002,117.349998,117.489998,103.898735,3357700
2017-09-01,117.489998,118.820000,117.400002,118.279999,104.597351,2992200
2017-09-05,118.139999,119.129997,117.820000,118.300003,104.615036,3826800
2017-09-06,118.750000,119.190002,116.980003,116.980003,103.447739,4292600
2017-09-07,117.379997,117.930000,116.500000,117.769997,104.146347,3270100
2017-09-08,117.230003,118.849998,117.000000,117.820000,104.190544,2787000
2017-09-11,118.820000,118.919998,117.470001,118.870003,105.119102,3527500
2017-09-12,119.190002,121.389999,119.059998,120.940002,106.949646,5554000
2017-09-13,120.500000,121.000000,119.410004,119.629997,105.791153,2532200
2017-09-14,119.790001,120.790001,119.209999,120.480003,106.542877,2904900
2017-09-15,121.010002,121.570000,120.309998,121.370003,107.329895,4610100
2017-09-18,123.620003,124.430000,122.849998,123.830002,109.505318,4349000
2017-09-19,123.959999,124.930000,123.760002,124.739998,110.310043,3050000
2017-09-20,124.970001,125.279999,124.180000,124.849998,110.407333,3151600
2017-09-21,124.519997,125.040001,123.820000,124.790001,110.354263,2615400
2017-09-22,124.580002,125.419998,124.349998,124.430000,110.035927,2616700
2017-09-25,124.370003,124.779999,123.650002,124.320000,109.938637,3268500
2017-09-26,124.699997,125.070000,124.320000,124.510002,110.106659,2301900
2017-09-27,125.209999,125.419998,124.339996,124.519997,110.115494,2140600
2017-09-28,123.910004,125.279999,123.620003,125.230003,110.743385,2067800
2017-09-29,125.349998,125.550003,124.510002,124.709999,110.283524,2273500
2017-10-02,124.400002,124.830002,123.949997,124.720001,110.292381,2502600
2017-10-03,124.980003,125.529999,124.349998,125.510002,110.990990,2166100
2017-10-04,125.690002,127.089996,125.599998,126.739998,112.078690,2792300
2017-10-05,126.800003,126.910004,126.010002,126.400002,111.778038,2496200
2017-10-06,126.120003,126.989998,125.980003,126.930000,112.246696,2697400
2017-10-09,126.919998,126.930000,125.940002,126.879997,112.202484,1979600
2017-10-10,127.519997,128.289993,127.269997,128.190002,113.360977,4414300
2017-10-11,128.169998,128.850006,127.669998,128.600006,113.723541,2177800
2017-10-12,128.399994,130.160004,128.380005,129.990005,114.952751,3372300
2017-10-13,131.000000,131.410004,129.199997,130.710007,115.589447,3478200
2017-10-16,131.250000,132.119995,130.940002,131.470001,116.261528,2914200
2017-10-17,131.139999,131.470001,130.320007,130.539993,115.439102,2380300
2017-10-18,130.500000,131.649994,130.500000,131.289993,116.102356,2511400
2017-10-19,131.000000,131.630005,129.399994,131.550003,116.332291,4837600
2017-10-20,131.339996,131.910004,130.479996,131.360001,116.857132,3086800
2017-10-23,131.949997,132.339996,131.160004,131.679993,117.141792,5549500
2017-10-24,140.059998,140.440002,136.630005,138.240005,122.977547,18886700
2017-10-25,137.210007,137.830002,134.789993,136.839996,121.732124,7438600
2017-10-26,136.880005,138.240005,136.850006,136.940002,121.821075,5745400
2017-10-27,136.919998,138.399994,136.899994,137.809998,122.595032,4064600
2017-10-30,137.300003,137.809998,136.479996,136.490005,121.420769,3044500
2017-10-31,136.500000,136.619995,135.080002,135.800003,120.806931,3988300
2017-11-01,135.669998,137.300003,135.429993,136.289993,121.242821,3629000
2017-11-02,136.419998,136.990005,135.690002,136.470001,121.402985,2722600
2017-11-03,136.479996,136.949997,136.360001,136.630005,121.545288,2105400
2017-11-06,136.800003,138.449997,136.789993,137.710007,122.506073,2780900
2017-11-07,137.800003,138.899994,136.660004,138.809998,123.484612,3222100
2017-11-08,138.399994,138.750000,137.179993,137.289993,122.132416,1933300
2017-11-09,136.440002,136.750000,134.649994,135.339996,120.397705,2940300
2017-11-10,135.089996,136.889999,135.070007,136.479996,121.411858,2016900
2017-11-13,135.529999,136.550003,134.869995,136.529999,121.456322,1894100
2017-11-14,138.000000,138.119995,136.470001,137.539993,122.354836,3041300
2017-11-15,136.479996,136.759995,133.809998,134.100006,119.294640,3746200
2017-11-16,135.470001,137.410004,135.100006,136.360001,121.305084,2812900
2017-11-17,135.800003,136.360001,135.020004,136.130005,121.100510,2312700
2017-11-20,136.440002,137.809998,136.250000,136.910004,121.794403,2124000
2017-11-21,137.770004,138.000000,137.169998,137.600006,122.408226,2221400
2017-11-22,138.220001,138.419998,137.199997,138.009995,122.772934,4887500
2017-11-24,138.100006,138.419998,137.339996,137.389999,122.221397,944400
2017-11-27,137.470001,138.270004,136.889999,137.190002,122.043488,2585400
2017-11-28,137.509995,139.000000,137.270004,138.990005,123.644737,2592700
2017-11-29,138.169998,139.210007,137.199997,138.059998,122.817436,3098200
2017-11-30,138.899994,141.330002,137.110001,141.149994,125.566277,7507800
2017-12-01,141.600006,142.399994,138.380005,141.520004,125.895432,5481600
2017-12-04,144.250000,145.190002,141.440002,141.500000,125.877617,4922300
2017-12-05,141.750000,142.190002,139.729996,140.139999,124.667786,3884100
2017-12-06,140.149994,141.139999,139.500000,140.339996,124.845680,2881400
2017-12-07,139.779999,143.000000,139.190002,142.889999,127.114159,2977100
2017-12-08,143.869995,144.320007,142.929993,143.860001,127.977066,2490100
2017-12-11,144.630005,144.710007,143.479996,143.770004,127.897011,1913500
2017-12-12,144.039993,144.800003,143.210007,143.419998,127.585609,3397100
2017-12-13,144.179993,149.050003,144.070007,148.570007,132.167053,6486500
2017-12-14,148.850006,149.000000,145.880005,146.279999,130.129868,4616900
2017-12-15,147.350006,147.839996,145.490005,146.690002,130.494598,7931700
2017-12-18,147.750000,149.809998,146.800003,149.770004,133.234619,3534800
2017-12-19,149.899994,151.089996,148.529999,150.910004,134.248703,3554100
2017-12-20,151.929993,152.600006,150.699997,152.520004,135.680954,3076000
2017-12-21,152.690002,155.100006,151.809998,154.639999,137.566879,4017400
2017-12-22,154.770004,155.800003,153.949997,155.750000,138.554321,2486400
2017-12-26,156.039993,156.979996,155.660004,156.440002,139.168198,1870600
2017-12-27,156.940002,157.690002,156.309998,157.520004,140.128937,2520500
2017-12-28,157.940002,158.649994,157.229996,158.419998,140.929550,4064000
2017-12-29,158.050003,158.500000,157.509995,157.580002,140.182297,2616100
2018-01-02,158.300003,159.389999,156.029999,157.039993,139.701950,5108400
2018-01-03,157.039993,157.490005,155.399994,157.279999,139.915421,4146100
2018-01-04,157.889999,159.580002,157.020004,159.440002,141.836960,4865800
2018-01-05,160.259995,162.050003,159.639999,161.960007,144.078751,3945400
2018-01-08,164.110001,166.429993,162.550003,166.029999,147.699387,5929200
2018-01-09,166.330002,167.410004,165.089996,166.429993,148.055191,4522900
2018-01-10,165.899994,167.529999,164.500000,165.869995,147.557053,5478600
2018-01-11,166.899994,169.529999,165.639999,169.199997,150.519394,4199000
2018-01-12,169.990005,170.669998,169.229996,170.300003,151.497940,4127900
2018-01-16,172.899994,173.240005,167.570007,169.309998,150.617249,8530600
2018-01-17,169.320007,170.110001,168.500000,168.500000,149.896698,5571400
2018-01-18,169.330002,170.759995,168.089996,168.830002,150.190247,4668800
2018-01-19,169.630005,170.449997,168.610001,170.410004,152.299408,5796700
2018-01-22,170.320007,170.910004,168.479996,170.889999,152.728409,3540900
2018-01-23,172.000000,172.050003,169.199997,169.429993,151.423584,5036500
2018-01-24,171.399994,172.449997,167.669998,168.339996,150.449417,8241000
2018-01-25,173.100006,173.100006,162.460007,169.369995,151.369949,16937100
2018-01-26,168.809998,169.000000,164.550003,167.059998,149.305450,9045300
2018-01-29,165.580002,165.880005,159.419998,162.580002,145.301559,9496800
2018-01-30,160.330002,164.710007,159.809998,163.759995,146.356140,8694800
2018-01-31,164.699997,165.789993,161.889999,162.779999,145.480301,7014000
2018-02-01,161.240005,163.740005,160.179993,162.240005,144.997711,4323600
2018-02-02,160.770004,160.800003,156.529999,157.490005,140.752502,7602800
2018-02-05,154.929993,158.929993,142.850006,151.080002,135.023743,11390500
2018-02-06,148.070007,156.559998,146.809998,156.410004,139.787292,13908700
2018-02-07,155.360001,158.089996,154.279999,154.339996,137.937286,7156500
2018-02-08,153.850006,154.190002,145.919998,145.990005,130.474716,9101900
2018-02-09,148.710007,150.889999,142.880005,149.210007,133.352509,9528100
2018-02-12,151.869995,153.449997,150.250000,152.289993,136.105164,5756800
2018-02-13,151.250000,155.199997,151.000000,153.970001,137.606628,5512100
2018-02-14,152.389999,158.589996,152.339996,158.059998,141.261948,5560100
2018-02-15,159.800003,160.339996,157.479996,159.979996,142.977905,4914500
2018-02-16,160.130005,161.000000,156.089996,156.289993,139.680038,5991600
2018-02-20,155.169998,158.250000,154.270004,155.559998,139.027634,5094600
2018-02-21,155.699997,158.399994,155.039993,155.229996,138.732697,4179400
2018-02-22,156.410004,159.779999,156.199997,158.860001,141.976929,4723300
2018-02-23,159.399994,162.479996,159.220001,162.410004,145.149658,4450800
2018-02-26,163.050003,164.050003,161.550003,163.690002,146.293594,6254400
2018-02-27,163.259995,164.600006,161.240005,161.259995,144.121841,4127700
2018-02-28,161.500000,162.339996,154.169998,154.630005,138.196457,7298600
2018-03-01,153.669998,156.190002,148.509995,150.229996,134.264038,9434800
2018-03-02,149.130005,149.880005,145.860001,146.380005,130.823288,9509400
2018-03-05,145.149994,151.860001,144.009995,151.119995,135.059509,8453000
2018-03-06,152.639999,154.979996,151.669998,153.750000,137.410019,5795600
2018-03-07,150.000000,152.270004,148.809998,151.509995,135.408035,5491000
2018-03-08,151.729996,153.970001,150.289993,153.589996,137.266953,4105000
2018-03-09,155.119995,158.419998,154.330002,158.250000,141.431778,4576700
2018-03-12,158.240005,159.339996,153.850006,154.500000,138.080292,4880400
2018-03-13,156.300003,157.869995,153.199997,153.690002,137.356369,4819100
2018-03-14,154.800003,155.250000,151.309998,152.539993,136.328583,4873600
2018-03-15,153.179993,155.589996,151.649994,154.570007,138.142838,5268800
2018-03-16,154.320007,157.449997,153.309998,156.460007,139.832016,10897600
2018-03-19,154.240005,154.830002,150.820007,152.149994,135.979996,5479200
2018-03-20,153.000000,155.199997,152.539993,154.059998,137.687042,3557600
2018-03-21,154.160004,157.279999,153.210007,155.800003,139.242126,3887400
2018-03-22,152.869995,153.500000,146.250000,146.899994,131.287949,8225600
2018-03-23,147.699997,148.570007,143.789993,144.289993,128.955353,6533100
2018-03-26,147.820007,149.559998,145.259995,149.190002,133.334625,5454900
2018-03-27,149.899994,151.119995,145.789993,146.990005,131.368469,4915300
2018-03-28,146.990005,148.240005,143.630005,145.160004,129.732864,4933900
2018-03-29,146.210007,148.770004,145.570007,147.380005,131.716980,4209400
2018-04-02,146.440002,147.350006,141.759995,143.889999,128.597870,5397500
2018-04-03,144.800003,145.649994,142.380005,145.059998,129.643539,4845700
2018-04-04,139.880005,145.460007,138.050003,145.179993,129.750748,6188200
2018-04-05,146.509995,148.880005,146.470001,148.130005,132.387299,4584800
2018-04-06,145.770004,147.000000,140.820007,142.990005,127.793526,5707400
2018-04-09,144.800003,146.789993,142.800003,143.080002,127.873978,4050800
2018-04-10,146.750000,149.009995,145.619995,148.089996,132.351501,3991600
2018-04-11,146.679993,148.350006,146.320007,146.789993,131.189667,3218900
2018-04-12,147.639999,151.160004,147.639999,150.139999,134.183685,3958000
2018-04-13,151.750000,152.910004,148.990005,150.229996,134.264038,3603200
2018-04-16,151.740005,153.419998,150.279999,152.139999,135.971085,3055600
2018-04-17,153.339996,155.539993,153.009995,153.309998,137.016754,3817200
2018-04-18,155.190002,157.119995,154.570007,155.949997,139.376190,3087100
2018-04-19,155.389999,156.320007,153.960007,155.699997,139.152725,4013200
2018-04-20,155.250000,156.139999,152.369995,153.250000,137.652710,4057800
2018-04-23,154.649994,155.740005,152.179993,153.990005,138.317429,5350300
2018-04-24,159.750000,161.100006,143.360001,144.440002,129.739395,24122300
2018-04-25,143.830002,147.600006,142.160004,145.190002,130.413040,9963700
2018-04-26,145.320007,147.399994,144.009995,146.309998,131.419052,6558900
2018-04-27,145.669998,146.600006,144.160004,144.720001,129.990891,3860600
2018-04-30,145.210007,146.199997,143.600006,144.360001,129.667511,4764800
2018-05-01,143.080002,144.429993,140.300003,144.419998,129.721420,5004400
2018-05-02,143.990005,146.649994,143.479996,143.860001,129.218399,4637600
2018-05-03,141.690002,145.149994,138.149994,143.779999,129.146530,7703200
2018-05-04,142.240005,147.190002,141.050003,146.369995,131.472931,4678400
2018-05-07,148.179993,151.460007,148.000000,149.820007,134.571823,6844600
2018-05-08,150.649994,151.070007,148.570007,149.929993,134.670654,3853600
2018-05-09,150.750000,153.350006,150.500000,152.610001,137.077850,4668200
2018-05-10,153.199997,155.440002,152.809998,153.970001,138.299469,3911000
2018-05-11,154.250000,156.740005,153.770004,154.860001,139.098877,3507900
2018-05-14,155.610001,156.399994,154.389999,155.279999,139.476089,3563900
2018-05-15,153.820007,154.399994,151.710007,152.589996,137.059906,4127200
2018-05-16,152.550003,153.869995,152.350006,153.800003,138.146759,2693400
2018-05-17,153.699997,155.250000,152.759995,153.690002,138.047943,2885800
2018-05-18,154.149994,156.839996,154.009995,155.710007,139.862335,3889300
2018-05-21,159.259995,161.600006,158.699997,158.919998,142.745651,5849700
2018-05-22,159.029999,159.350006,156.139999,156.199997,140.302505,3512400
2018-05-23,154.649994,158.000000,153.720001,157.740005,141.685760,4010000
2018-05-24,157.210007,158.399994,156.029999,157.699997,141.649811,2891000
2018-05-25,156.919998,157.570007,155.229996,155.850006,139.988113,2359700
2018-05-29,154.259995,155.720001,152.639999,153.619995,137.985077,3795800
2018-05-30,154.600006,155.979996,153.839996,155.460007,139.637802,2688200
2018-05-31,155.300003,155.309998,151.500000,151.910004,136.449112,4546000
2018-06-01,153.300003,154.190002,152.259995,153.520004,137.895248,2755500
2018-06-04,154.789993,154.929993,152.080002,152.500000,136.979065,2470900
2018-06-05,152.399994,153.100006,152.020004,153.009995,137.437149,2916600
2018-06-06,153.649994,156.539993,153.009995,156.509995,140.580902,3689300
2018-06-07,157.110001,157.929993,155.529999,156.289993,140.383316,3149100
2018-06-08,156.190002,156.649994,155.039993,155.320007,139.512085,3254100
2018-06-11,155.190002,157.080002,154.720001,156.300003,140.392303,2758300
2018-06-12,156.449997,159.190002,156.389999,157.490005,141.461182,2595600
2018-06-13,157.179993,157.350006,154.509995,154.710007,138.964142,4189300
2018-06-14,155.699997,157.360001,152.759995,153.139999,137.553879,3967600
2018-06-15,150.850006,151.000000,148.429993,150.020004,134.751465,8852500
2018-06-18,148.419998,149.460007,147.720001,148.679993,133.547836,3651600
2018-06-19,146.000000,146.300003,142.320007,143.300003,128.715378,6792000
2018-06-20,144.220001,144.690002,141.820007,143.130005,128.562714,4128300
2018-06-21,142.250000,142.389999,139.119995,139.529999,125.329117,5914900
2018-06-22,140.899994,142.500000,139.770004,139.940002,125.697365,5114700
2018-06-25,138.860001,138.979996,135.179993,136.580002,122.679337,6078200
2018-06-26,136.750000,137.330002,135.279999,135.539993,121.745193,4285300
2018-06-27,136.770004,139.460007,134.580002,134.610001,120.909859,5665000
2018-06-28,134.179993,136.720001,132.679993,136.029999,122.185303,4215900
2018-06-29,136.610001,137.850006,135.580002,135.669998,121.861961,4107900
2018-07-02,133.800003,136.429993,133.199997,136.289993,122.418846,3172600
2018-07-03,137.000000,137.350006,133.330002,133.830002,120.209213,1837400
2018-07-05,135.009995,136.089996,134.089996,135.809998,121.987709,3366300
2018-07-06,135.110001,135.860001,133.320007,135.410004,121.628403,3179600
2018-07-09,136.220001,141.050003,136.100006,140.970001,126.622551,5562300
2018-07-10,141.610001,141.860001,140.139999,141.250000,126.874054,3761700
2018-07-11,138.130005,139.389999,135.839996,136.759995,122.841019,5231700
2018-07-12,138.500000,139.729996,136.830002,139.419998,125.230309,4250800
2018-07-13,139.539993,141.250000,139.070007,140.750000,126.424919,2838700
2018-07-16,140.880005,140.880005,137.899994,138.080002,124.026680,3723100
2018-07-17,136.979996,139.330002,136.529999,138.949997,124.808128,3306000
2018-07-18,139.000000,141.500000,138.330002,141.119995,126.757271,4394800
2018-07-19,139.570007,140.539993,139.050003,139.419998,125.998154,3576700
2018-07-20,138.360001,138.580002,136.639999,136.820007,123.648453,5247000
2018-07-23,136.619995,136.800003,135.600006,136.279999,123.160454,3542300
2018-07-24,138.899994,140.600006,137.360001,137.970001,124.687729,5064700
2018-07-25,138.000000,141.050003,136.669998,140.479996,126.956078,5041800
2018-07-26,140.750000,143.550003,140.070007,142.580002,128.853928,5385600
2018-07-27,143.949997,143.949997,140.779999,142.559998,128.835861,4649400
2018-07-30,145.710007,146.699997,139.059998,139.750000,126.296349,13837700
2018-07-31,141.970001,144.779999,140.169998,143.800003,129.956467,7608700
2018-08-01,142.970001,143.070007,138.110001,138.539993,125.202797,6364500
2018-08-02,137.070007,138.710007,135.690002,138.009995,124.723892,4195000
2018-08-03,138.199997,138.600006,137.070007,138.509995,125.175781,3594100
2018-08-06,138.520004,140.669998,137.970001,139.479996,126.052391,3125200
2018-08-07,140.610001,143.320007,140.300003,142.380005,128.673187,4813000
2018-08-08,142.320007,142.399994,139.259995,139.710007,126.260239,3435100
2018-08-09,140.100006,140.899994,138.250000,138.520004,125.184753,3338500
2018-08-10,137.520004,137.520004,134.729996,135.919998,122.835083,6268600
2018-08-13,135.919998,136.729996,134.720001,135.020004,122.021736,3879400
2018-08-14,135.600006,136.449997,134.669998,134.919998,121.931343,3537900
2018-08-15,133.250000,133.250000,129.429993,132.020004,119.310532,5682200
2018-08-16,133.720001,136.550003,133.649994,136.259995,123.142349,5539400
2018-08-17,135.649994,140.210007,135.440002,139.339996,125.925842,6611700
2018-08-20,139.820007,140.550003,138.559998,138.669998,125.320343,3311100
2018-08-21,139.070007,140.960007,139.070007,139.990005,126.513260,3021400
2018-08-22,140.320007,140.699997,139.360001,139.630005,126.187912,2209500
2018-08-23,139.050003,139.169998,136.419998,136.789993,123.621338,3905300
2018-08-24,137.820007,138.550003,136.889999,138.210007,124.904655,2565400
2018-08-27,139.399994,142.380005,139.300003,142.039993,128.365921,4770900
2018-08-28,143.419998,143.770004,141.490005,142.000000,128.329758,3234000
2018-08-29,142.429993,142.589996,141.289993,141.860001,128.203247,3369900
2018-08-30,141.029999,141.470001,138.449997,139.059998,125.672791,4773300
2018-08-31,138.520004,140.220001,138.380005,138.850006,125.483032,4552200
2018-09-04,137.860001,139.000000,136.929993,138.240005,124.931732,3955600
2018-09-05,138.330002,141.100006,137.679993,140.589996,127.055519,4579400
2018-09-06,140.339996,141.869995,140.059998,141.570007,127.941177,4588100
2018-09-07,140.729996,142.139999,140.050003,141.320007,127.715248,4173400
2018-09-10,141.770004,142.509995,141.690002,142.050003,128.374939,3069100
2018-09-11,140.610001,142.449997,140.369995,142.029999,128.356857,2583200
2018-09-12,141.580002,144.750000,140.619995,144.279999,130.390274,5630600
2018-09-13,145.050003,146.460007,144.520004,145.539993,131.528976,3670700
2018-09-14,145.630005,147.199997,143.229996,144.899994,130.950592,4699600
2018-09-17,144.850006,148.059998,144.550003,146.220001,132.143524,3827100
2018-09-18,147.000000,149.279999,146.270004,149.070007,134.719147,4496400
2018-09-19,149.759995,153.110001,149.369995,152.759995,138.053879,6000100
2018-09-20,155.410004,157.720001,154.460007,156.000000,140.981979,6774100
2018-09-21,156.630005,157.289993,154.800003,156.380005,141.325394,5932100
2018-09-24,156.000000,156.100006,153.770004,154.000000,139.174530,3844500
2018-09-25,154.119995,154.500000,152.809998,154.089996,139.255890,3454600
2018-09-26,153.949997,155.149994,152.889999,153.169998,138.424423,3096100
2018-09-27,153.020004,154.050003,151.199997,152.470001,137.791824,2674100
2018-09-28,152.000000,152.910004,150.559998,152.490005,137.809891,3599900
2018-10-01,153.610001,154.500000,151.679993,152.279999,137.620132,3736300
2018-10-02,152.289993,155.380005,151.500000,154.820007,139.915588,4344000
2018-10-03,156.000000,159.369995,155.789993,158.220001,142.988251,6043300
2018-10-04,158.029999,158.550003,155.199997,156.750000,141.659775,4130800
2018-10-05,156.509995,156.809998,151.610001,153.309998,138.550964,4955100
2018-10-08,151.949997,153.660004,150.880005,153.350006,138.587097,3463200
2018-10-09,152.610001,152.610001,149.080002,149.460007,135.071594,4996900
2018-10-10,148.699997,149.169998,143.720001,143.720001,129.884186,9419300
2018-10-11,142.949997,145.889999,139.839996,140.970001,127.398926,7608300
2018-10-12,144.020004,144.399994,139.750000,142.070007,128.393021,5596200
2018-10-15,142.000000,143.179993,141.119995,141.800003,128.149033,3741700
2018-10-16,143.350006,143.889999,141.270004,143.710007,129.875122,3573400
2018-10-17,143.080002,143.520004,141.110001,141.339996,127.733322,4807500
2018-10-18,140.160004,140.800003,134.470001,135.800003,122.726624,10250200
2018-10-19,136.190002,136.929993,131.270004,131.320007,119.434280,7055100
2018-10-22,132.679993,133.130005,128.660004,128.710007,117.060501,7858900
2018-10-23,119.680000,122.500000,115.620003,118.980003,108.211159,24113300
2018-10-24,120.000000,121.639999,112.250000,112.339996,102.172134,15304200
2018-10-25,114.830002,117.089996,112.500000,115.629997,105.164383,13568900
2018-10-26,114.099998,116.430000,112.360001,115.050003,104.636871,10820400
2018-10-29,116.879997,118.349998,112.059998,113.980003,103.663712,8069600
2018-10-30,114.000000,117.739998,113.099998,117.459999,106.828728,8057600
2018-10-31,119.410004,122.889999,119.260002,121.320000,110.339371,10341300
2018-11-01,122.589996,125.230003,120.940002,124.699997,113.413437,10138900
2018-11-02,127.050003,128.300003,124.260002,125.790001,114.404793,7683900
2018-11-05,126.089996,126.949997,124.550003,126.410004,114.968674,4844200
2018-11-06,126.400002,129.500000,126.309998,129.330002,117.624397,4728200
2018-11-07,133.520004,135.220001,130.880005,135.100006,122.872169,7551900
2018-11-08,133.830002,134.699997,130.899994,131.389999,119.497925,6269400
2018-11-09,129.589996,129.600006,125.730003,126.910004,115.423416,7248400
2018-11-12,127.180000,128.410004,124.589996,125.000000,113.686287,5870100
2018-11-13,125.500000,129.789993,125.279999,125.959999,114.559410,5820200
2018-11-14,127.269997,129.000000,123.730003,125.099998,113.777229,5516300
2018-11-15,124.320000,130.279999,123.129997,129.419998,117.706230,5815200
2018-11-16,128.789993,131.919998,128.050003,129.960007,118.197365,5957700
2018-11-19,129.149994,129.490005,125.599998,125.980003,114.577599,5385600
2018-11-20,123.849998,123.970001,121.230003,122.269997,111.203392,7746200
2018-11-21,122.820000,126.220001,122.510002,123.870003,112.658562,4759500
2018-11-23,121.959999,124.050003,121.570000,122.320000,111.248871,3130100
2018-11-26,123.650002,125.790001,123.160004,124.800003,113.504402,4696600
2018-11-27,124.000000,124.599998,122.389999,124.599998,113.322502,4049400
2018-11-28,125.300003,130.779999,123.839996,130.770004,118.934052,5745200
2018-11-29,130.800003,130.910004,127.589996,130.229996,118.442932,4999600
2018-11-30,130.050003,135.970001,129.839996,135.669998,123.390564,8458200
2018-12-03,141.880005,142.410004,138.529999,138.949997,126.373680,9365800
2018-12-04,138.080002,138.080002,129.039993,129.320007,117.615288,8113400
2018-12-06,125.220001,128.690002,124.050003,128.369995,116.751282,6595200
2018-12-07,129.100006,129.979996,122.750000,123.550003,112.367538,6413700
2018-12-10,122.410004,124.370003,121.160004,123.389999,112.222015,5970900
2018-12-11,127.180000,127.980003,122.250000,123.239998,112.085587,4449900
2018-12-12,125.739998,127.970001,125.099998,125.370003,114.022827,5544100
2018-12-13,126.449997,129.110001,125.040001,125.900002,114.504829,4544100
2018-12-14,123.419998,127.739998,123.150002,126.769997,115.296097,4483300
2018-12-17,126.800003,127.650002,123.680000,124.470001,113.204277,5662300
2018-12-18,125.870003,128.750000,123.599998,124.269997,113.022377,5377900
2018-12-19,125.070000,128.949997,120.800003,122.330002,111.257965,6416500
2018-12-20,121.739998,124.540001,120.760002,121.550003,110.548561,7563500
2018-12-21,121.730003,123.730003,119.570000,120.070000,109.202499,10034100
2018-12-24,118.169998,119.589996,116.669998,116.949997,106.364899,2986600
2018-12-26,118.000000,124.769997,116.089996,124.760002,113.468025,5093700
2018-12-27,121.800003,126.690002,120.930000,126.669998,115.205139,4599000
2018-12-28,127.129997,128.250000,125.050003,125.610001,114.241081,3813500
2018-12-31,126.599998,128.110001,124.500000,127.070000,115.568954,3455200
2019-01-02,124.029999,127.879997,123.000000,126.379997,114.941391,4783200
2019-01-03,125.309998,125.500000,120.440002,121.510002,110.512169,6165800
2019-01-04,124.169998,128.589996,123.699997,128.149994,116.551201,5456600
2019-01-07,128.589996,129.600006,126.699997,128.229996,116.623947,4653400
2019-01-08,129.899994,131.500000,128.229996,129.770004,118.024551,4202600
2019-01-09,131.089996,132.220001,129.910004,130.270004,118.479324,4865600
2019-01-10,128.610001,133.119995,127.250000,132.960007,120.925835,3418500
2019-01-11,131.080002,132.320007,130.050003,132.100006,120.143692,2908600
2019-01-14,130.309998,132.389999,129.130005,131.800003,119.870827,4482300
2019-01-15,132.110001,133.110001,129.559998,130.690002,118.861305,3224100
2019-01-16,130.759995,132.520004,130.240005,131.660004,119.743500,3636900
2019-01-17,130.470001,135.899994,129.160004,134.539993,122.362846,6878500
2019-01-18,135.100006,137.720001,133.660004,136.600006,125.035622,6122400
2019-01-22,134.929993,134.940002,131.169998,132.240005,121.044762,5188700
2019-01-23,133.039993,133.490005,130.149994,131.820007,120.660316,3123600
2019-01-24,131.410004,132.990005,131.199997,132.729996,121.493263,3943600
2019-01-25,134.770004,136.889999,133.889999,136.860001,125.273621,6417400
2019-01-28,126.989998,127.800003,123.150002,124.370003,113.841019,17421400
2019-01-29,125.610001,128.389999,125.610001,126.529999,115.818138,8550800
2019-01-30,127.930000,131.350006,126.309998,130.110001,119.095078,7181600
2019-01-31,130.320007,133.339996,129.039993,133.160004,121.886856,6643300
2019-02-01,133.029999,133.860001,130.110001,130.910004,119.827332,5646700
2019-02-04,130.880005,131.309998,130.100006,130.880005,119.799896,4541700
2019-02-05,130.630005,132.100006,130.600006,132.000000,120.825058,3614500
2019-02-06,131.270004,132.100006,130.360001,130.539993,119.488663,3098200
2019-02-07,129.289993,130.440002,127.360001,128.779999,117.877640,3682100
2019-02-08,127.480003,128.600006,126.550003,128.600006,117.712914,3135000
2019-02-11,128.949997,130.070007,128.690002,128.929993,118.014961,2648100
2019-02-12,130.259995,133.559998,130.000000,132.669998,121.438347,4505600
2019-02-13,134.199997,134.309998,132.449997,133.100006,121.831924,3189600
2019-02-14,131.779999,133.250000,131.270004,132.619995,121.392563,2877500
2019-02-15,134.100006,136.250000,133.679993,136.199997,124.669502,5217500
2019-02-19,135.350006,136.979996,135.000000,135.800003,124.303352,3881300
2019-02-20,136.389999,140.690002,136.339996,140.309998,128.431549,6199000
2019-02-21,139.750000,140.979996,138.410004,138.880005,127.122658,4051100
2019-02-22,138.779999,139.690002,137.929993,138.679993,126.939537,3485000
2019-02-25,140.990005,142.550003,140.179993,141.410004,129.438431,4444100
2019-02-26,136.529999,139.029999,135.270004,137.979996,126.298782,7275600
2019-02-27,137.860001,139.639999,137.139999,139.580002,127.763367,3441000
2019-02-28,138.550003,139.000000,137.139999,137.339996,125.712959,4024000
2019-03-01,138.860001,139.500000,136.940002,137.470001,125.832001,3811000
2019-03-04,138.800003,139.770004,137.100006,138.350006,126.637466,3859800
2019-03-05,138.059998,138.460007,137.000000,137.139999,125.529915,3122900
2019-03-06,137.539993,137.660004,134.729996,134.830002,123.415474,3886000
2019-03-07,134.380005,134.809998,131.619995,132.800003,121.557350,4290800
2019-03-08,130.500000,132.130005,130.229996,131.350006,120.230087,4238000
2019-03-11,131.910004,133.399994,131.600006,133.110001,121.841080,3914800
2019-03-12,133.240005,133.380005,131.919998,132.479996,121.264420,4208800
2019-03-13,133.979996,134.309998,132.690002,133.500000,122.198051,4285200
2019-03-14,132.839996,134.070007,132.020004,133.690002,122.371986,3742200
2019-03-15,133.869995,134.529999,131.979996,132.669998,121.438347,7049900
2019-03-18,132.699997,134.199997,132.529999,134.100006,122.747307,4095400
2019-03-19,135.350006,135.710007,133.509995,134.149994,122.793045,3315900
2019-03-20,133.830002,134.149994,132.059998,133.009995,121.749565,3522100
2019-03-21,132.160004,134.600006,132.009995,134.059998,122.710648,2635700
2019-03-22,132.990005,133.300003,129.490005,129.770004,118.783844,5745800
2019-03-25,129.589996,132.000000,129.229996,131.380005,120.257553,3199800
2019-03-26,132.690002,133.559998,131.130005,131.839996,120.678596,2638200
2019-03-27,132.270004,132.470001,130.250000,131.199997,120.092796,2378300
2019-03-28,131.899994,132.800003,131.160004,132.369995,121.163742,2487200
2019-03-29,134.000000,136.279999,133.619995,135.490005,124.019623,4681600
2019-04-01,137.690002,140.369995,136.320007,140.250000,128.376648,5081500
2019-04-02,140.149994,140.690002,139.229996,140.190002,128.321701,2529000
2019-04-03,139.850006,140.550003,138.410004,139.259995,127.470428,4821800
2019-04-04,139.139999,140.869995,139.000000,140.130005,128.266800,2988900
2019-04-05,141.100006,141.149994,139.919998,140.360001,128.477325,2812300
2019-04-08,140.000000,140.119995,138.610001,139.820007,127.983025,2497300
2019-04-09,138.649994,138.910004,136.070007,136.350006,124.806808,3316500
2019-04-10,137.160004,138.210007,136.279999,137.529999,125.886917,3310600
2019-04-11,137.589996,139.589996,136.979996,138.869995,127.113434,2762900
2019-04-12,141.000000,141.919998,139.809998,141.199997,129.246201,4383000
2019-04-15,141.669998,142.429993,139.669998,140.250000,128.376648,3030200
2019-04-16,140.559998,142.210007,139.589996,142.029999,130.005905,2672800
2019-04-17,143.000000,144.500000,142.460007,142.740005,130.655838,3469400
2019-04-18,142.800003,144.770004,142.419998,143.360001,132.018753,4504500
2019-04-22,142.949997,143.179993,141.429993,142.380005,131.116272,3637500
2019-04-23,142.000000,143.130005,141.440002,142.029999,130.793991,5930500
2019-04-24,139.750000,140.300003,136.559998,137.729996,126.834137,8694400
2019-04-25,137.050003,137.460007,134.089996,136.130005,125.360725,5094700
2019-04-26,136.559998,139.029999,135.889999,139.029999,128.031281,5119200
2019-04-29,139.500000,140.449997,138.820007,139.020004,128.022095,3374300
2019-04-30,139.990005,140.000000,137.580002,139.419998,128.390411,3862000
2019-05-01,139.580002,139.929993,137.639999,138.149994,127.220901,3652000
2019-05-02,138.520004,138.539993,134.380005,135.169998,124.476677,5405700
2019-05-03,136.119995,139.199997,135.800003,139.059998,128.058945,4154800
2019-05-06,134.779999,137.490005,134.309998,136.759995,125.940872,4866500
2019-05-07,135.199997,136.000000,132.059998,133.669998,123.095322,5622900
2019-05-08,133.020004,134.419998,131.789993,131.949997,121.511414,4140500
2019-05-09,130.220001,131.679993,128.179993,131.199997,120.820724,5906200
2019-05-10,130.529999,131.729996,127.919998,131.339996,120.949661,5240600
2019-05-13,127.510002,127.519997,124.080002,125.300003,115.387474,8580700
2019-05-14,126.500000,128.559998,125.699997,127.470001,117.385818,4019100
2019-05-15,125.910004,127.959999,124.980003,127.300003,117.229256,2875900
2019-05-16,128.429993,128.529999,126.419998,126.610001,116.593842,4316600
2019-05-17,124.379997,125.529999,122.320000,122.760002,113.048416,6122600
2019-05-20,121.559998,123.029999,121.309998,122.430000,112.744530,6312500
2019-05-21,123.330002,125.070000,122.720001,124.949997,115.065170,5492900
2019-05-22,124.250000,125.440002,123.519997,123.559998,113.785126,4620400
2019-05-23,122.099998,123.760002,121.410004,122.260002,112.587975,4964900
2019-05-24,123.519997,124.080002,122.209999,122.900002,113.177353,3802500
2019-05-28,122.900002,123.459999,121.510002,121.589996,111.970963,4889400
2019-05-29,120.500000,122.830002,120.260002,121.480003,111.869690,5330000
2019-05-30,121.610001,122.680000,121.279999,121.839996,112.201202,2878300
2019-05-31,119.790001,120.750000,118.739998,119.809998,110.331795,4711500
2019-06-03,119.910004,121.690002,119.760002,120.650002,111.105339,4161800
2019-06-04,121.809998,122.769997,120.750000,122.080002,112.422218,4060400
2019-06-05,123.400002,123.639999,121.959999,123.120003,113.379936,3598400
2019-06-06,123.099998,123.949997,122.230003,123.389999,113.628586,3295700
2019-06-07,124.379997,125.629997,124.080002,124.459999,114.613937,2547500
2019-06-10,125.470001,127.279999,125.239998,125.739998,115.792664,3705000
2019-06-11,129.000000,129.600006,126.959999,127.279999,117.210846,4516200
2019-06-12,126.750000,127.519997,126.080002,127.099998,117.045074,3034600
2019-06-13,127.349998,128.399994,126.760002,127.169998,117.109535,3495200
2019-06-14,126.610001,127.650002,125.500000,127.230003,117.164795,2530100
2019-06-17,127.209999,128.229996,126.680000,127.320000,117.247681,2607900
2019-06-18,128.399994,131.350006,128.210007,130.330002,120.019554,4756100
2019-06-19,130.320007,131.539993,129.869995,130.610001,120.277412,3847200
2019-06-20,132.899994,133.800003,131.509995,133.630005,123.058502,3803600
2019-06-21,133.350006,135.250000,132.550003,133.889999,123.297935,5742500
2019-06-24,133.639999,134.949997,133.550003,134.369995,123.739937,3197700
2019-06-25,134.580002,134.910004,132.630005,133.710007,123.132149,3751800
2019-06-26,134.259995,135.649994,134.179993,135.149994,124.458252,3343700
2019-06-27,135.699997,136.009995,133.970001,135.500000,124.780556,3594400
2019-06-28,136.000000,137.270004,136.000000,136.289993,125.508064,10469400
2019-07-01,139.300003,140.169998,134.970001,136.600006,125.793549,4834800
2019-07-02,136.600006,136.990005,135.070007,135.850006,125.102890,3204900
2019-07-03,136.440002,136.479996,134.330002,135.589996,124.863434,2538600
2019-07-05,134.429993,135.589996,133.220001,135.490005,124.771370,3071800
2019-07-08,135.149994,136.130005,134.429993,134.839996,124.172775,2742100
2019-07-09,134.110001,134.440002,133.350006,134.289993,123.666260,2618700
2019-07-10,134.729996,135.490005,132.550003,132.639999,122.146797,3933300
2019-07-11,133.199997,134.009995,132.589996,133.960007,123.362396,3164200
2019-07-12,134.710007,138.380005,134.600006,138.360001,127.414307,4149800
2019-07-15,138.380005,139.990005,138.259995,139.639999,128.593048,4498700
2019-07-16,139.410004,140.619995,138.160004,139.089996,128.086533,4051600
2019-07-17,138.199997,138.509995,135.729996,135.729996,124.992363,3750200
2019-07-18,134.869995,135.929993,134.039993,134.889999,124.218819,3548200
2019-07-19,134.220001,137.050003,134.220001,136.229996,126.418091,4837100
2019-07-22,136.369995,136.660004,134.600006,135.240005,125.499420,3267800
2019-07-23,135.929993,138.229996,135.529999,138.100006,128.153442,4122200
2019-07-24,130.979996,134.309998,128.449997,131.910004,122.409241,12664900
2019-07-25,131.080002,134.899994,131.009995,134.710007,125.007591,4823200
2019-07-26,134.449997,134.729996,132.630005,132.919998,123.346512,4238000
2019-07-29,133.490005,134.649994,132.850006,134.460007,124.775612,2715600
2019-07-30,133.320007,133.570007,131.490005,132.949997,123.374359,3257200
2019-07-31,132.899994,134.369995,131.009995,131.669998,122.186554,4322000
2019-08-01,131.639999,133.190002,126.419998,126.790001,117.658035,5530100
2019-08-02,126.550003,126.800003,123.500000,124.540001,115.570084,5968600
2019-08-05,122.110001,122.809998,120.330002,121.650002,112.888229,5482500
2019-08-06,122.779999,123.650002,120.639999,122.080002,113.287270,3713900
2019-08-07,120.000000,121.199997,118.650002,120.779999,112.080887,5048700
2019-08-08,121.000000,122.099998,120.370003,122.019997,113.231567,3734800
2019-08-09,121.510002,121.699997,118.809998,119.379997,110.781723,3805600
2019-08-12,118.949997,119.029999,116.070000,116.720001,108.313309,4321500
2019-08-13,116.940002,122.000000,116.790001,119.010002,110.438377,4331900
2019-08-14,116.580002,116.900002,115.040001,115.209999,106.912056,5543100
2019-08-15,115.080002,115.599998,113.970001,115.250000,106.949203,4171900
2019-08-16,116.250000,117.870003,115.919998,116.430000,108.044197,3551900
2019-08-19,118.220001,118.489998,116.709999,117.360001,108.907196,2630900
2019-08-20,117.589996,117.790001,116.470001,116.669998,108.266907,2402000
2019-08-21,118.000000,119.320000,117.540001,117.680000,109.204170,2783000
2019-08-22,118.330002,118.940002,117.220001,117.889999,109.399033,2118200
2019-08-23,116.250000,116.900002,113.320000,114.059998,105.844894,6102000
2019-08-26,115.059998,115.669998,113.839996,114.419998,106.178963,5200400
2019-08-27,115.160004,115.459999,113.150002,113.379997,105.213882,3160700
2019-08-28,112.860001,114.949997,111.750000,114.860001,106.587288,3187900
2019-08-29,116.620003,118.129997,116.489998,117.769997,109.287682,3442900
2019-08-30,119.019997,119.589996,118.449997,119.000000,110.429085,2912000
2019-09-03,117.900002,117.900002,115.400002,117.029999,108.600983,3780600
2019-09-04,118.419998,119.239998,118.260002,119.099998,110.521889,3688400
2019-09-05,120.500000,124.239998,120.500000,122.989998,114.131714,5355100
2019-09-06,123.709999,124.339996,122.459999,122.699997,113.862602,3315700
2019-09-09,123.389999,127.389999,123.199997,127.250000,118.084900,4433300
2019-09-10,127.260002,130.289993,127.220001,130.289993,120.905930,8479700
2019-09-11,130.850006,133.190002,129.470001,133.089996,123.504295,7592600
2019-09-12,132.000000,132.690002,130.070007,131.750000,122.260780,5594600
2019-09-13,132.800003,133.990005,131.130005,133.779999,124.144569,3704900
2019-09-16,132.990005,133.800003,131.990005,133.149994,123.559952,2876500
2019-09-17,132.589996,132.759995,131.190002,132.169998,122.650528,2888900
2019-09-18,131.630005,132.220001,129.720001,131.070007,121.629761,3005700
2019-09-19,131.470001,132.029999,129.869995,130.119995,120.748192,2725700
2019-09-20,130.009995,130.990005,127.870003,128.160004,118.929359,6412300
2019-09-23,127.339996,128.880005,126.339996,128.419998,119.170624,2723500
2019-09-24,128.740005,129.000000,125.570000,125.989998,116.915642,3370700
2019-09-25,125.849998,126.820000,125.019997,126.610001,117.490982,2354100
2019-09-26,126.790001,126.919998,125.650002,126.389999,117.286835,2227400
2019-09-27,127.000000,127.379997,125.660004,126.589996,117.472427,2214300
2019-09-30,126.339996,127.099998,125.879997,126.309998,117.212593,2795300
2019-10-01,127.400002,128.500000,122.300003,122.370003,113.556374,3718200
2019-10-02,121.150002,121.849998,119.339996,119.959999,111.319946,4255800
2019-10-03,119.339996,120.059998,117.250000,120.040001,111.394188,3110200
2019-10-04,119.720001,121.150002,119.349998,121.040001,112.322166,2442300
2019-10-07,120.849998,121.699997,119.750000,120.250000,111.589073,2334500
2019-10-08,118.790001,119.199997,117.690002,117.970001,109.473274,3530000
2019-10-09,119.489998,120.059998,118.000000,119.440002,110.837402,2557300
2019-10-10,120.040001,123.029999,119.760002,122.690002,113.853340,3242900
2019-10-11,125.610001,130.380005,125.400002,128.399994,119.152061,6747800
2019-10-14,126.809998,128.559998,126.010002,128.380005,119.133507,2851500
2019-10-15,127.989998,131.679993,127.650002,131.029999,121.592636,3289000
2019-10-16,131.000000,132.809998,130.110001,130.190002,120.813141,3038300
2019-10-17,130.970001,132.860001,130.179993,132.070007,122.557762,3418300
2019-10-18,130.149994,132.029999,129.990005,130.710007,122.249100,4329200
2019-10-21,131.949997,133.449997,131.500000,132.229996,123.670708,4225200
2019-10-22,132.589996,134.259995,130.940002,133.690002,125.036194,4681600
2019-10-23,134.229996,135.990005,130.699997,135.339996,126.579399,11295900
2019-10-24,135.089996,135.289993,132.380005,133.850006,125.185829,3916200
2019-10-25,135.000000,139.979996,134.850006,139.729996,130.685242,8319500
2019-10-28,139.970001,141.630005,138.869995,140.059998,130.993881,6174000
2019-10-29,139.380005,141.449997,138.770004,141.330002,132.181641,4427900
2019-10-30,141.000000,141.000000,139.610001,140.339996,131.255737,3948100
2019-10-31,139.369995,140.339996,136.389999,137.800003,128.880142,4037600
2019-11-01,139.369995,144.610001,139.229996,144.490005,135.137115,6220200
2019-11-04,145.350006,147.000000,145.020004,146.919998,137.409836,5437800
2019-11-05,146.860001,148.000000,145.669998,146.369995,136.895416,4516700
2019-11-06,146.470001,146.470001,144.660004,145.490005,136.072372,3736600
2019-11-07,147.389999,148.410004,146.750000,147.009995,137.493988,3816700
2019-11-08,146.660004,148.179993,145.800003,148.160004,138.569534,2776600
2019-11-11,146.740005,148.149994,146.610001,148.000000,138.419922,2205100
2019-11-12,148.110001,148.470001,146.020004,146.339996,136.867355,2843100
2019-11-13,144.360001,145.860001,143.690002,144.490005,135.137115,3194400
2019-11-14,144.210007,145.339996,143.210007,143.440002,134.155075,2581700
2019-11-15,144.559998,145.880005,144.509995,145.309998,135.904037,2827400
2019-11-18,144.240005,144.779999,143.020004,143.589996,134.295380,2638600
2019-11-19,144.350006,144.759995,142.759995,143.179993,133.911896,2085100
2019-11-20,142.449997,142.699997,140.100006,141.520004,132.359344,3484700
2019-11-21,141.550003,143.940002,140.949997,143.360001,134.080261,3297700
2019-11-22,143.919998,144.460007,143.029999,143.880005,134.566589,2258300
2019-11-25,144.750000,146.570007,143.800003,146.419998,136.942169,3085200
2019-11-26,146.399994,146.649994,145.490005,146.089996,136.633560,2468100
2019-11-27,145.020004,145.720001,143.699997,145.690002,136.259445,2660200
2019-11-29,144.190002,145.460007,143.789993,144.729996,135.361557,1652500
2019-12-02,145.199997,146.039993,142.839996,142.960007,133.706146,2896200
2019-12-03,140.050003,140.429993,138.559998,140.059998,130.993881,3839600
2019-12-04,140.979996,142.279999,140.000000,140.119995,131.049973,2484600
2019-12-05,140.580002,141.119995,139.529999,141.050003,131.919800,2277700
2019-12-06,142.910004,143.419998,142.169998,142.720001,133.481705,2271400
2019-12-09,142.970001,143.279999,142.369995,142.830002,133.584549,1585100
2019-12-10,142.690002,143.589996,141.750000,142.869995,133.621979,1888900
2019-12-11,143.770004,144.619995,143.289993,144.000000,134.678848,2265700
2019-12-12,143.539993,147.399994,143.000000,146.779999,137.278885,3714100
2019-12-13,146.800003,148.399994,145.149994,145.529999,136.109802,3311700
2019-12-16,147.710007,148.300003,145.229996,145.360001,135.950775,2414800
2019-12-17,145.500000,146.990005,145.460007,146.369995,136.895416,2850800
2019-12-18,146.500000,147.300003,145.600006,147.119995,137.596863,2629500
2019-12-19,146.979996,146.979996,144.300003,145.020004,135.632813,3576800
2019-12-20,147.380005,147.770004,145.240005,147.570007,138.017731,6805400
2019-12-23,147.679993,148.529999,146.779999,148.500000,138.887543,2346500
2019-12-24,148.699997,148.800003,147.289993,147.479996,137.933578,966200
2019-12-26,147.899994,148.229996,146.990005,148.220001,138.625671,1576900
2019-12-27,148.639999,148.929993,147.990005,148.279999,138.681778,1544500
2019-12-30,148.419998,148.470001,147.009995,147.520004,137.970993,1789200
2019-12-31,147.429993,148.229996,146.789993,147.679993,138.120621,1952500
2020-01-02,149.000000,150.550003,147.979996,150.529999,140.786133,3311900
2020-01-03,148.770004,149.960007,147.449997,148.440002,138.831421,3100600
2020-01-06,147.270004,148.559998,146.539993,148.339996,138.737915,2549600
2020-01-07,147.350006,147.570007,145.509995,146.380005,136.904800,2841900
2020-01-08,146.830002,148.570007,146.460007,147.679993,138.120621,2153200
2020-01-09,147.809998,147.970001,146.509995,147.309998,137.774567,2272500
2020-01-10,147.449997,147.720001,145.830002,146.130005,136.670959,2393700
2020-01-13,146.529999,146.830002,145.550003,146.820007,137.316299,3355200
2020-01-14,147.449997,147.979996,146.309998,146.679993,137.185364,2742200
2020-01-15,146.220001,146.740005,145.199997,145.570007,136.147217,2640500
2020-01-16,146.429993,147.929993,146.240005,147.869995,138.298309,3070900
2020-01-17,147.210007,148.270004,146.600006,147.779999,139.183655,3331500
2020-01-21,147.199997,147.869995,145.690002,145.850006,137.365906,2476700
2020-01-22,146.250000,146.559998,142.520004,142.630005,134.333237,3602400
2020-01-23,141.809998,143.210007,139.800003,142.750000,134.446228,3182700
2020-01-24,142.550003,142.699997,139.259995,140.380005,132.214111,2526200
2020-01-27,136.899994,137.809998,135.570007,135.729996,127.834610,2920500
2020-01-28,137.020004,137.600006,135.619995,136.740005,128.785843,2763800
2020-01-29,137.589996,137.759995,135.669998,135.779999,127.881691,2620000
2020-01-30,134.759995,135.970001,132.910004,135.369995,127.495529,3862600
2020-01-31,133.820007,134.990005,130.539993,131.350006,123.709404,6785700
2020-02-03,131.440002,133.160004,129.300003,129.770004,122.221313,4385300
2020-02-04,133.000000,134.779999,132.679993,133.509995,125.743736,3501600
2020-02-05,135.550003,137.470001,135.440002,137.440002,129.445129,4448100
2020-02-06,138.199997,138.330002,136.130005,137.250000,129.266174,2283800
2020-02-07,136.039993,136.490005,133.000000,133.369995,125.611877,3812300
2020-02-10,133.039993,134.330002,132.779999,134.320007,126.506615,2331600
2020-02-11,135.490005,137.229996,135.059998,136.190002,128.267807,2381900
2020-02-12,138.399994,139.940002,138.089996,139.589996,131.470032,3222000
2020-02-13,140.000000,140.500000,138.429993,139.720001,131.592499,3318800
2020-02-14,139.490005,139.619995,136.889999,137.990005,129.963120,2813400
2020-02-18,137.460007,138.570007,135.080002,136.580002,128.635132,3869700
2020-02-19,136.789993,137.210007,136.059998,136.860001,128.898849,2134900
2020-02-20,136.259995,138.889999,136.199997,136.929993,128.964783,2678200
2020-02-21,136.500000,137.440002,135.110001,137.210007,129.228485,2855600
2020-02-24,132.529999,133.860001,132.050003,132.169998,124.481651,4964800
2020-02-25,132.970001,133.139999,128.250000,129.000000,121.496086,4840200
2020-02-26,129.649994,130.990005,127.550003,128.250000,120.789711,3902500
2020-02-27,125.599998,128.529999,123.220001,123.269997,116.099388,7369000
2020-02-28,119.570000,124.239998,119.029999,124.239998,117.012970,8300700
2020-03-02,125.050003,127.879997,123.010002,127.599998,120.177521,6100200
2020-03-03,127.000000,129.559998,123.779999,124.379997,117.144806,6358100
2020-03-04,126.070000,127.440002,124.309998,127.400002,119.989151,5074700
2020-03-05,123.150002,124.849998,121.239998,121.970001,114.875015,6015300
2020-03-06,119.000000,121.849998,118.830002,121.410004,114.347580,5767900
2020-03-09,112.989998,112.989998,104.029999,104.070000,98.016251,8636200
2020-03-10,108.639999,109.059998,99.110001,106.489998,100.295479,8293200
2020-03-11,103.800003,104.750000,100.070000,100.690002,94.832870,6543600
2020-03-12,93.500000,94.279999,87.500000,92.260002,86.893250,10285900
2020-03-13,98.389999,99.910004,90.139999,99.639999,93.843956,8718600
2020-03-16,89.000000,105.849998,88.500000,93.410004,87.976357,9899000
2020-03-17,96.010002,100.440002,92.970001,100.199997,94.371361,7206100
2020-03-18,93.989998,102.949997,93.110001,100.120003,94.296021,6995100
2020-03-19,99.230003,104.400002,97.250000,103.010002,97.017921,6870800
2020-03-20,103.120003,103.989998,94.160004,95.500000,89.944763,7650300
2020-03-23,93.900002,96.239998,90.639999,91.849998,86.507080,6737500
2020-03-24,96.059998,102.029999,95.169998,101.339996,95.445061,7417100
2020-03-25,101.169998,108.500000,98.500000,104.669998,98.581352,6578100
2020-03-26,104.849998,110.970001,102.889999,110.500000,104.072212,6059600
2020-03-27,104.430000,109.639999,103.400002,105.440002,99.306564,5746500
2020-03-30,106.330002,112.839996,104.930000,111.709999,105.211838,5725600
2020-03-31,110.730003,116.910004,110.260002,116.040001,109.289963,8970800
2020-04-01,112.089996,116.750000,109.500000,111.349998,104.872772,6847000
2020-04-02,111.230003,118.519997,111.129997,116.739998,109.949242,8106500
2020-04-03,115.500000,116.839996,112.120003,114.669998,107.999657,5036400
2020-04-06,120.040001,121.730003,118.129997,120.430000,113.424599,5785600
2020-04-07,122.889999,128.800003,120.510002,121.919998,114.827904,8489900
2020-04-08,122.989998,128.179993,121.040001,127.400002,119.989151,4686100
2020-04-09,128.649994,129.600006,123.150002,125.029999,117.757019,4752100
2020-04-13,119.949997,120.050003,113.580002,114.139999,107.500473,10519600
2020-04-14,116.500000,117.839996,114.510002,116.480003,109.704376,7166300
2020-04-15,112.959999,113.099998,109.800003,111.529999,105.042290,5652800
2020-04-16,111.849998,113.470001,108.860001,113.220001,106.634003,5926400
2020-04-17,114.449997,116.540001,113.849998,116.300003,110.540451,4132300
2020-04-20,114.440002,117.070000,112.120003,114.599998,108.924644,4083800
2020-04-21,111.040001,111.040001,108.599998,109.849998,104.409889,5743300
2020-04-22,112.029999,112.099998,109.209999,110.639999,105.160751,3794000
2020-04-23,111.330002,115.230003,110.949997,112.910004,107.318344,3545400
2020-04-24,113.989998,114.379997,111.209999,114.040001,108.392372,3045300
2020-04-27,110.849998,116.129997,109.730003,115.199997,109.494942,5344800
2020-04-28,117.860001,118.000000,113.370003,115.459999,109.742050,5604600
2020-04-29,116.959999,120.820000,116.529999,120.059998,114.114250,4261100
2020-04-30,118.000000,118.250000,115.330002,116.379997,110.616501,4040500
2020-05-01,114.000000,114.589996,110.570000,110.879997,105.388870,3960400
2020-05-04,110.019997,110.279999,106.580002,107.720001,102.385376,4500700
2020-05-05,109.239998,111.089996,108.739998,108.910004,103.516449,3477400
2020-05-06,110.029999,110.239998,106.699997,107.669998,102.337845,4465300
2020-05-07,109.019997,110.050003,106.779999,107.290001,101.976662,4377900
2020-05-08,108.970001,112.199997,108.300003,112.110001,106.557968,3911300
2020-05-11,110.160004,110.769997,108.180000,108.610001,103.231300,4207300
2020-05-12,109.110001,109.330002,105.000000,105.000000,99.800072,3874100
2020-05-13,105.139999,105.290001,102.550003,104.480003,99.305832,5376100
2020-05-14,102.500000,106.279999,100.220001,106.190002,100.931137,5542400
2020-05-15,105.180000,107.989998,104.279999,107.919998,102.575462,6583100
2020-05-18,112.220001,115.660004,112.010002,115.019997,109.323845,5603500
2020-05-19,114.949997,115.440002,112.010002,112.080002,106.529457,3404900
2020-05-20,113.309998,117.480003,113.050003,115.690002,109.960663,3735700
2020-05-21,114.949997,115.680000,113.820000,114.059998,108.411392,2342300
2020-05-22,114.129997,114.160004,111.470001,112.470001,106.900131,2735100
2020-05-26,115.980003,118.559998,115.980003,117.410004,111.595497,4185100
2020-05-27,119.720001,122.489998,119.529999,122.419998,116.357376,4462700
2020-05-28,124.750000,124.830002,120.279999,120.739998,114.760574,3743700
2020-05-29,119.629997,120.709999,117.570000,120.129997,114.180786,4219000
2020-06-01,119.860001,121.199997,117.610001,120.500000,114.532471,2131300
2020-06-02,121.839996,123.820000,121.279999,123.320000,117.212799,2977500
2020-06-03,125.449997,127.349998,125.010002,127.089996,120.796112,3712600
2020-06-04,125.410004,129.029999,124.739998,128.960007,122.573502,3076700
2020-06-05,137.850006,139.369995,133.389999,135.119995,128.428436,5591900
2020-06-08,135.320007,139.940002,135.320007,137.720001,130.899658,4139200
2020-06-09,135.020004,135.410004,133.210007,134.190002,127.544495,3819600
2020-06-10,133.720001,135.380005,130.559998,132.440002,125.881142,4018700
2020-06-11,126.410004,126.839996,121.519997,121.550003,115.530457,5969300
2020-06-12,124.400002,125.169998,119.349998,123.150002,117.051231,4492700
2020-06-15,118.510002,124.379997,118.010002,123.610001,117.488441,4093100
2020-06-16,131.369995,132.440002,126.389999,130.110001,123.666550,6892400
2020-06-17,130.160004,130.470001,127.760002,128.229996,121.879639,3228100
2020-06-18,127.139999,128.979996,126.699997,127.589996,121.271339,2467700
2020-06-19,130.000000,130.000000,125.730003,127.459999,121.147774,6488000
2020-06-22,126.360001,126.480003,124.599998,125.790001,119.560501,2806300
2020-06-23,127.389999,127.570000,125.830002,126.250000,119.997696,2357100
2020-06-24,124.790001,124.839996,121.830002,122.059998,116.015190,3766500
2020-06-25,121.610001,124.830002,120.800003,124.709999,118.533966,2903400
2020-06-26,124.330002,124.440002,121.449997,122.389999,116.328865,3645800
2020-06-29,123.720001,126.040001,123.279999,125.250000,119.047234,2798700
2020-06-30,124.010002,127.059998,124.010002,126.500000,120.235321,2778800
2020-07-01,129.380005,129.399994,125.879997,126.059998,119.817101,2807800
2020-07-02,128.250000,130.339996,127.190002,127.720001,121.394905,2527500
2020-07-06,130.130005,130.500000,128.169998,129.429993,123.020226,2491900
2020-07-07,127.739998,128.750000,126.800003,127.199997,120.900658,2018100
2020-07-08,129.330002,129.330002,126.470001,128.130005,121.784599,2279500
2020-07-09,127.540001,128.350006,125.120003,125.730003,119.503456,2663500
2020-07-10,125.970001,128.229996,125.820000,128.009995,121.670540,2691400
2020-07-13,129.419998,132.089996,128.850006,130.570007,124.103783,3708400
2020-07-14,130.320007,137.309998,129.229996,136.880005,130.101288,6540800
2020-07-15,140.169998,140.169998,137.110001,138.360001,131.507965,4915200
2020-07-16,138.300003,140.990005,137.600006,138.559998,131.698059,3621500
2020-07-17,137.869995,138.429993,136.529999,136.899994,131.094757,2458200
2020-07-20,135.759995,136.949997,134.259995,134.630005,128.921051,2478000
2020-07-21,134.770004,137.179993,134.429993,135.869995,130.108475,3221100
2020-07-22,135.250000,137.869995,135.190002,136.979996,131.171387,2156800
2020-07-23,136.899994,137.520004,135.710007,136.600006,130.807510,1613700
2020-07-24,137.199997,138.690002,136.850006,137.580002,131.745941,2036300
2020-07-27,137.149994,140.339996,137.059998,139.889999,133.958008,2506900
2020-07-28,138.940002,139.990005,137.919998,138.029999,132.176880,2029900
2020-07-29,138.580002,141.080002,137.800003,140.529999,134.570862,2338300
2020-07-30,139.080002,139.100006,135.970001,136.729996,130.932007,3063500
2020-07-31,132.429993,135.149994,130.210007,132.880005,127.245247,6780900
2020-08-03,132.300003,133.000000,131.100006,131.779999,126.191902,2851100
2020-08-04,131.369995,132.440002,130.669998,131.520004,125.942917,2301800
2020-08-05,132.779999,135.940002,132.610001,134.970001,129.246628,2767800
2020-08-06,134.520004,135.210007,133.699997,134.389999,128.691238,2446400
2020-08-07,134.000000,135.110001,132.520004,134.919998,129.198761,2223700
2020-08-10,135.729996,142.160004,135.679993,142.020004,135.997665,5181600
2020-08-11,144.020004,146.199997,142.289993,142.529999,136.486038,4206000
2020-08-12,143.949997,144.169998,141.330002,142.570007,136.524384,2541200
2020-08-13,141.600006,142.740005,139.770004,140.669998,134.704941,2939900
2020-08-14,139.449997,140.889999,138.770004,139.960007,134.025024,2038500
2020-08-17,140.149994,140.600006,138.300003,138.720001,132.837601,2284000
2020-08-18,138.949997,140.110001,138.080002,138.369995,132.502426,1563200
2020-08-19,138.500000,139.919998,137.460007,138.020004,132.167297,1849500
2020-08-20,136.020004,137.979996,135.649994,137.479996,131.650192,2279700
2020-08-21,136.800003,139.000000,136.800003,138.429993,132.559906,2524600
2020-08-24,139.759995,142.250000,139.080002,141.679993,135.672089,2921700
2020-08-25,142.669998,144.929993,140.539993,141.149994,135.164566,2467500
2020-08-26,140.479996,142.440002,139.809998,141.830002,135.815735,2379900
2020-08-27,142.130005,144.339996,141.279999,143.369995,137.290436,3010300
2020-08-28,144.279999,145.850006,142.690002,143.630005,137.539413,3698700
2020-08-31,143.500000,143.600006,142.270004,142.309998,136.275360,2886500
2020-09-01,141.669998,146.119995,140.910004,146.050003,139.856796,2673900
2020-09-02,146.869995,149.550003,146.399994,149.270004,142.940231,4515500
2020-09-03,148.589996,151.199997,145.300003,146.759995,140.536682,4479100
2020-09-04,148.699997,150.779999,146.039993,148.179993,141.896454,5129400
2020-09-08,147.000000,150.759995,145.720001,148.520004,142.222031,4775200
2020-09-09,149.800003,155.479996,149.210007,152.690002,146.215225,5345100
2020-09-10,152.009995,153.250000,148.750000,149.860001,143.505234,4387000
2020-09-11,150.479996,154.399994,150.240005,153.830002,147.306900,3237100
2020-09-14,154.000000,154.800003,152.210007,153.509995,147.000412,2569300
2020-09-15,154.199997,154.470001,148.360001,148.600006,142.298660,4092400
2020-09-16,150.000000,151.979996,148.369995,151.110001,144.702225,3302000
2020-09-17,149.850006,156.250000,149.149994,153.869995,147.345169,4487000
2020-09-18,153.679993,156.210007,152.059998,152.389999,145.927917,5113500
2020-09-21,148.559998,149.500000,143.869995,145.330002,139.167328,4278200
2020-09-22,145.009995,147.500000,144.500000,147.149994,140.910126,2579500
2020-09-23,147.479996,148.910004,143.600006,144.380005,138.257614,2420100
2020-09-24,144.020004,147.440002,142.729996,145.139999,138.985367,2138800
2020-09-25,143.889999,146.699997,143.009995,145.910004,139.722748,1848900
2020-09-28,148.000000,150.309998,147.410004,147.679993,141.417648,2212700
2020-09-29,148.369995,148.970001,146.210007,147.410004,141.159119,1605600
2020-09-30,148.000000,150.949997,147.740005,149.149994,142.825333,3642800
2020-10-01,149.919998,150.309998,145.649994,146.710007,140.488800,2157400
2020-10-02,144.270004,151.250000,143.750000,149.940002,143.581833,3220500
2020-10-05,152.169998,154.449997,151.619995,153.490005,146.981293,2597700
2020-10-06,154.000000,155.449997,151.279999,151.529999,145.104401,2559800
2020-10-07,153.279999,156.059998,153.199997,154.770004,148.207016,2334200
2020-10-08,155.750000,156.729996,154.240005,156.660004,150.016876,1842900
2020-10-09,157.869995,159.389999,157.399994,158.940002,152.200180,4084200
2020-10-12,159.970001,163.199997,159.520004,162.610001,155.714569,4279800
2020-10-13,161.720001,163.179993,161.119995,162.119995,155.245331,3319000
2020-10-14,162.660004,164.820007,162.500000,163.610001,156.672165,4087100
2020-10-15,160.270004,165.779999,160.149994,165.039993,158.041504,2958500
2020-10-16,167.250000,170.509995,166.619995,168.750000,161.594193,5569000
2020-10-19,168.740005,170.020004,166.800003,167.529999,160.425919,2757700
2020-10-20,168.199997,171.259995,167.910004,168.990005,161.824020,3007100
2020-10-21,169.809998,170.520004,166.740005,167.399994,160.301437,2502000
2020-10-22,167.979996,169.850006,166.889999,169.660004,162.465607,2356800
2020-10-23,169.369995,170.649994,167.559998,168.589996,162.427063,2857300
2020-10-26,166.639999,166.639999,160.830002,163.199997,157.234100,4506600
2020-10-27,160.960007,161.850006,157.009995,157.910004,152.137497,4857900
2020-10-28,153.800003,155.429993,150.520004,151.160004,145.634247,5645100
2020-10-29,150.600006,155.509995,149.630005,154.669998,149.015915,3867200
2020-10-30,153.960007,157.289993,153.039993,157.050003,151.308929,4373500
2020-11-02,159.199997,163.850006,157.649994,163.270004,157.301559,4072400
2020-11-03,165.000000,169.000000,163.070007,167.690002,161.559998,4843600
2020-11-04,159.179993,162.380005,155.229996,155.229996,149.555435,9081700
2020-11-05,157.669998,164.960007,157.600006,163.089996,157.128098,4821600
2020-11-06,163.940002,165.539993,160.759995,161.289993,155.393906,2983000
2020-11-09,174.029999,176.369995,170.119995,170.820007,164.575546,5969600
2020-11-10,171.899994,174.990005,170.770004,172.300003,166.001450,3499100
2020-11-11,172.380005,172.740005,167.470001,169.460007,163.265289,2345500
2020-11-12,168.830002,171.100006,167.649994,169.130005,162.947342,2185500
2020-11-13,170.300003,172.220001,169.190002,171.710007,165.433014,2120200
2020-11-16,175.000000,175.000000,171.830002,173.190002,166.858932,3902400
2020-11-17,172.169998,172.479996,170.190002,171.910004,165.625702,2110800
2020-11-18,172.039993,175.380005,172.039993,172.740005,166.425369,3165100
2020-11-19,172.500000,173.250000,170.710007,172.899994,166.579498,2012100
2020-11-20,172.449997,173.119995,171.309998,172.229996,165.934021,2449800
2020-11-23,173.759995,175.500000,173.240005,174.779999,168.390793,2403500
2020-11-24,176.250000,178.320007,175.270004,176.899994,170.433258,3447000
2020-11-25,176.460007,176.479996,172.779999,174.630005,168.246277,2506400
2020-11-27,174.410004,175.919998,173.880005,175.080002,168.679825,976900
2020-11-30,173.610001,174.880005,172.429993,173.589996,167.244293,2382600
2020-12-01,175.389999,176.570007,172.940002,173.259995,166.926331,2710200
2020-12-02,173.259995,174.419998,172.279999,173.869995,167.514053,1971000
2020-12-03,173.869995,175.080002,173.279999,174.630005,168.246277,2903900
2020-12-04,175.919998,183.809998,175.619995,182.210007,175.549194,6086200
2020-12-07,180.389999,180.389999,176.559998,178.710007,172.177139,4587400
2020-12-08,177.660004,180.740005,177.500000,178.839996,172.302383,2001600
2020-12-09,179.619995,180.479996,177.000000,180.070007,173.487427,2915500
2020-12-10,179.240005,179.529999,177.139999,178.850006,172.312027,3109400
2020-12-11,176.990005,179.779999,176.229996,179.289993,172.735947,2673400
2020-12-14,180.600006,183.330002,177.779999,178.050003,171.541229,2533600
2020-12-15,179.929993,182.759995,179.020004,181.740005,175.096375,2360300
2020-12-16,180.850006,181.270004,178.360001,179.500000,172.938248,2031800
2020-12-17,180.669998,180.729996,178.580002,179.169998,172.620300,2296500
2020-12-18,180.070007,181.300003,177.470001,180.960007,174.344864,5262700
2020-12-21,176.940002,180.889999,176.320007,180.160004,173.574127,2071000
2020-12-22,179.289993,180.160004,176.479996,176.580002,170.125000,2493300
2020-12-23,177.449997,179.289993,177.009995,178.419998,171.897705,1862500
2020-12-24,179.449997,179.850006,178.350006,179.559998,172.996063,585700
2020-12-28,180.479996,181.119995,178.309998,178.369995,171.849579,1508800
2020-12-29,179.169998,179.380005,175.110001,176.649994,170.192413,1490300
2020-12-30,179.770004,182.229996,178.690002,180.039993,173.458481,2720600
2020-12-31,180.250000,182.100006,178.750000,182.020004,175.366119,1717800
2021-01-04,183.000000,185.979996,180.250000,182.149994,175.491364,4078300
2021-01-05,181.210007,185.800003,181.210007,183.639999,176.926910,2933700
2021-01-06,187.149994,197.279999,186.149994,193.860001,186.773300,8034700
2021-01-07,196.850006,197.369995,192.199997,194.229996,187.129776,5297500
2021-01-08,193.850006,195.259995,191.320007,194.259995,187.158676,3186600
2021-01-11,191.559998,195.460007,190.309998,193.860001,186.773300,2540800
2021-01-12,194.679993,198.000000,193.309998,197.539993,190.318771,2466100
2021-01-13,198.789993,200.169998,195.800003,195.889999,188.729080,3154700
2021-01-14,196.100006,197.910004,195.360001,197.399994,190.183914,2486600
2021-01-15,195.660004,195.710007,190.880005,194.619995,187.505539,3317100
2021-01-19,194.289993,196.110001,193.440002,194.059998,187.960754,2361200
2021-01-20,192.660004,193.899994,190.419998,192.339996,186.294800,2501100
2021-01-21,192.350006,193.720001,190.050003,192.190002,186.149521,1951200
2021-01-22,190.850006,192.820007,189.309998,191.940002,185.907394,2027000
2021-01-25,190.559998,191.369995,186.970001,187.339996,181.451965,3837100
2021-01-26,187.600006,189.410004,186.830002,187.210007,181.326050,2506000
2021-01-27,184.199997,185.550003,179.339996,180.630005,174.952850,4095300
2021-01-28,182.259995,187.610001,181.309998,184.339996,178.546265,3445400
2021-01-29,183.500000,188.820007,180.729996,182.839996,177.093399,4541400
2021-02-01,185.960007,186.800003,182.020004,184.720001,178.914291,2738200
2021-02-02,186.500000,192.779999,185.639999,192.500000,186.449783,5265400
2021-02-03,190.910004,191.529999,189.059998,191.449997,185.432770,2979000
2021-02-04,192.000000,192.610001,190.199997,191.649994,185.626495,2253800
2021-02-05,192.520004,194.330002,190.009995,193.000000,186.934052,2240000
2021-02-08,195.000000,197.539993,194.669998,197.449997,191.244202,2725700
2021-02-09,197.539993,198.660004,194.889999,197.279999,191.079544,2331600
2021-02-10,198.500000,199.710007,196.259995,197.720001,191.505722,2816400
2021-02-11,197.589996,198.419998,194.389999,198.350006,192.115921,2178200
2021-02-12,197.979996,198.759995,196.759995,197.990005,191.767242,1804200
2021-02-16,199.750000,205.179993,199.240005,202.380005,196.019257,3722700
2021-02-17,202.389999,202.899994,199.789993,202.300003,195.941788,2290400
2021-02-18,201.550003,202.880005,198.580002,199.919998,193.636566,2345800
2021-02-19,203.250000,211.460007,202.699997,209.910004,203.312576,4937300
2021-02-22,209.630005,218.869995,209.339996,218.059998,211.206436,4578300
2021-02-23,219.529999,220.740005,213.279999,220.179993,213.259796,4125100
2021-02-24,220.410004,226.669998,219.880005,222.470001,215.477829,4925000
2021-02-25,223.619995,224.399994,219.720001,221.820007,214.848251,4313000
2021-02-26,220.750000,222.399994,215.820007,215.880005,209.094971,4461300
2021-03-01,219.309998,222.580002,218.899994,219.759995,212.853012,2871200
2021-03-02,218.690002,219.339996,215.009995,215.820007,209.036835,2854300
2021-03-03,212.139999,217.550003,212.009995,214.910004,208.155457,2664000
2021-03-04,214.479996,216.669998,208.470001,212.770004,206.082703,3568400
2021-03-05,214.339996,220.779999,211.500000,220.160004,213.240433,3602300
2021-03-08,220.970001,224.300003,218.210007,221.580002,214.615814,3048700
2021-03-09,221.380005,222.330002,216.139999,216.800003,209.986038,2902400
2021-03-10,217.729996,222.050003,217.190002,221.059998,214.112152,2435800
2021-03-11,223.000000,223.600006,219.149994,219.759995,212.853012,2960000
2021-03-12,219.000000,229.020004,218.119995,229.000000,221.802612,4756500
2021-03-15,228.869995,231.800003,225.830002,230.740005,223.487900,4215300
2021-03-16,227.720001,231.210007,224.770004,226.460007,219.342438,3539200
2021-03-17,228.130005,234.300003,227.130005,233.630005,226.287079,3518500
2021-03-18,234.000000,237.779999,229.740005,230.679993,223.429794,4336200
2021-03-19,228.750000,229.649994,224.050003,225.289993,218.209183,7485100
2021-03-22,226.619995,227.179993,223.570007,226.020004,218.916260,2211600
2021-03-23,222.059998,225.240005,216.649994,218.250000,211.390457,4017600
2021-03-24,220.509995,227.110001,220.509995,221.229996,214.276794,4258000
2021-03-25,219.229996,224.970001,216.039993,224.250000,217.201889,2901800
2021-03-26,226.350006,229.839996,225.210007,229.500000,222.286880,3040100
2021-03-29,228.100006,231.850006,227.710007,230.220001,222.984253,3003200
2021-03-30,231.199997,234.720001,231.139999,233.080002,225.754364,3139100
2021-03-31,234.350006,237.009995,228.850006,231.869995,224.582382,4512300
2021-04-01,231.300003,235.000000,227.589996,232.740005,225.425064,3787100
2021-04-05,235.000000,235.660004,232.369995,233.710007,226.364578,2323400
2021-04-06,232.500000,236.679993,230.229996,230.639999,223.391052,2614500
2021-04-07,231.960007,234.190002,229.350006,230.410004,223.168274,2449600
2021-04-08,230.130005,231.050003,227.169998,230.479996,223.236069,2158900
2021-04-09,231.300003,232.199997,227.539993,230.750000,223.497589,2482900
2021-04-12,230.300003,231.300003,228.929993,230.929993,223.671921,1688200
2021-04-13,233.410004,233.500000,228.050003,229.350006,222.141586,2286400
2021-04-14,229.600006,234.220001,229.550003,232.580002,225.270096,2491000
2021-04-15,233.149994,233.440002,230.740005,232.520004,225.211945,1860200
2021-04-16,234.619995,235.940002,232.270004,233.360001,226.025558,2128400
2021-04-19,232.899994,233.100006,229.910004,232.389999,225.086044,1712600
2021-04-20,230.899994,231.300003,225.600006,227.630005,220.475647,2815800
2021-04-21,227.320007,232.610001,226.020004,232.460007,225.153854,1977700
2021-04-22,233.250000,233.429993,228.770004,228.889999,221.696045,2410700
2021-04-23,229.360001,231.649994,227.880005,230.110001,223.885193,3458300
2021-04-26,230.570007,232.850006,229.960007,230.559998,224.322998,1864800
2021-04-27,230.289993,230.860001,228.080002,230.339996,224.108963,1959300
2021-04-28,230.050003,233.720001,229.380005,232.300003,226.015945,2965300
2021-04-29,235.000000,235.199997,223.199997,227.470001,221.316605,5442400
2021-04-30,225.520004,228.389999,224.880005,228.110001,221.939285,3953500
2021-05-03,230.000000,230.929993,227.210007,228.169998,221.997665,3182900
2021-05-04,227.000000,234.000000,225.350006,233.410004,227.095917,4040700
2021-05-05,234.619995,239.330002,231.850006,237.880005,231.445007,3690600
2021-05-06,238.000000,240.979996,236.000000,237.070007,230.656937,4527000
2021-05-07,235.639999,241.889999,233.160004,240.990005,234.470871,3327900
2021-05-10,243.500000,245.779999,242.589996,242.610001,236.047043,3752900
2021-05-11,238.779999,242.990005,236.539993,239.300003,232.826584,3163100
2021-05-12,241.270004,243.229996,236.440002,237.320007,230.900162,3668500
2021-05-13,236.039993,240.990005,234.570007,240.070007,233.575775,2228100
2021-05-14,242.000000,243.350006,240.080002,242.229996,235.677322,2041600
2021-05-17,242.740005,245.449997,241.119995,244.789993,238.168076,1998400
2021-05-18,244.789993,245.539993,239.410004,239.470001,232.991974,2436200
2021-05-19,236.100006,237.080002,231.940002,236.869995,230.462326,3143100
2021-05-20,237.479996,237.600006,232.589996,234.990005,228.633163,3339200
2021-05-21,236.600006,239.399994,235.009995,237.240005,230.822311,2479100
2021-05-24,237.690002,239.710007,236.220001,239.050003,232.583328,2372700
2021-05-25,239.509995,241.889999,236.740005,237.169998,230.754196,2265700
2021-05-26,237.410004,239.500000,236.619995,237.710007,231.279602,2070000
2021-05-27,241.500000,243.369995,238.929993,241.279999,234.753021,3594700
2021-05-28,241.910004,242.259995,238.789993,241.080002,234.558411,2290700
2021-06-01,244.009995,244.929993,241.809998,242.759995,236.192978,2476000
2021-06-02,243.070007,245.100006,240.699997,243.460007,236.874054,2348500
2021-06-03,242.429993,246.440002,240.869995,243.839996,237.243774,1923200
2021-06-04,245.119995,246.690002,242.320007,244.020004,237.418900,1837900
2021-06-07,244.050003,244.330002,238.619995,239.759995,233.274139,2330700
2021-06-08,239.399994,241.210007,236.059998,240.160004,233.663315,2212300
2021-06-09,239.000000,239.190002,234.449997,234.649994,228.302368,2919600
2021-06-10,236.139999,236.649994,225.580002,225.729996,219.623657,6281800
2021-06-11,226.300003,227.919998,220.029999,220.699997,214.729752,8734900
2021-06-14,220.070007,221.970001,215.600006,219.009995,213.085449,7213300
2021-06-15,219.889999,220.779999,216.259995,219.460007,213.523300,5055900
2021-06-16,219.009995,219.389999,216.699997,217.160004,211.285507,4156900
2021-06-17,216.970001,218.270004,207.880005,209.449997,203.784073,7995300
2021-06-18,206.179993,211.809998,205.500000,208.860001,203.210052,7156400
2021-06-21,211.550003,215.229996,211.399994,213.210007,207.442368,5633900
2021-06-22,213.490005,214.830002,211.179993,213.130005,207.364517,3776400
2021-06-23,213.600006,216.770004,212.580002,213.789993,208.006668,3283400
2021-06-24,216.539993,221.929993,215.330002,219.339996,213.406540,6827600
2021-06-25,221.179993,221.750000,215.270004,216.309998,210.458496,11274200
2021-06-28,216.449997,216.779999,213.559998,216.270004,210.419586,3172000
2021-06-29,218.039993,218.699997,214.589996,215.100006,209.281235,3443400
2021-06-30,214.619995,217.949997,214.059998,217.630005,211.742798,3249500
2021-07-01,219.160004,219.789993,216.149994,216.710007,210.847672,2426300
2021-07-02,217.660004,218.369995,215.580002,217.759995,211.869247,2433600
2021-07-06,217.410004,217.559998,211.339996,213.520004,207.743973,4348100
2021-07-07,212.690002,215.059998,211.160004,214.690002,208.882324,2707700
2021-07-08,210.000000,213.899994,209.929993,212.110001,206.372101,3723800
2021-07-09,215.899994,218.589996,214.399994,217.419998,211.538452,3163800
2021-07-12,216.020004,218.949997,214.850006,218.580002,212.667084,2509000
2021-07-13,218.960007,219.050003,214.699997,215.190002,209.368805,2373300
2021-07-14,215.259995,215.639999,211.220001,211.639999,205.914810,3185200
2021-07-15,210.279999,213.389999,210.119995,211.410004,205.691071,2737500
2021-07-16,212.460007,212.699997,207.009995,207.949997,202.324631,4368800
2021-07-19,202.270004,203.750000,199.229996,203.080002,198.646744,5391100
2021-07-20,203.039993,208.630005,202.309998,207.960007,203.420212,3934300
2021-07-21,208.720001,210.960007,207.580002,210.729996,206.129730,3407300
2021-07-22,211.000000,211.380005,208.539993,209.160004,204.594009,1931500
2021-07-23,209.500000,210.369995,207.860001,209.529999,204.955948,2302600
2021-07-26,209.839996,212.070007,209.500000,211.029999,206.423172,2157600
2021-07-27,207.529999,211.059998,207.000000,209.899994,205.317841,2472000
2021-07-28,210.000000,212.690002,208.100006,211.440002,206.824219,3246900
2021-07-29,214.000000,214.509995,209.690002,212.559998,207.919769,3419700
2021-07-30,207.899994,208.669998,203.149994,206.750000,202.236603,5834900
2021-08-02,208.000000,210.899994,204.949997,205.160004,200.681335,3977100
2021-08-03,205.309998,209.289993,203.429993,208.500000,203.948410,3580500
2021-08-04,208.220001,209.589996,204.369995,204.520004,200.055298,2948700
2021-08-05,205.250000,207.660004,204.699997,207.190002,202.667023,2685800
2021-08-06,209.009995,210.389999,207.649994,208.350006,203.801682,2677100
2021-08-09,207.289993,209.880005,206.119995,208.889999,204.329895,2747200
2021-08-10,210.000000,214.899994,208.960007,214.070007,209.396835,4193600
2021-08-11,215.729996,222.570007,214.570007,221.660004,216.821106,7794100
2021-08-12,222.240005,223.759995,218.470001,220.240005,215.432129,4444500
2021-08-13,219.880005,220.550003,217.729996,218.570007,213.798584,2049400
2021-08-16,217.360001,218.000000,214.339996,217.710007,212.957367,3132500
2021-08-17,216.220001,216.389999,210.580002,213.440002,208.780579,4022800
2021-08-18,212.500000,213.550003,209.720001,209.809998,205.229828,2947700
2021-08-19,208.169998,208.960007,203.210007,204.449997,199.986816,4788100
2021-08-20,205.419998,207.259995,203.589996,204.940002,200.466141,2765500
2021-08-23,207.250000,209.750000,205.830002,209.139999,204.574432,2827400
2021-08-24,209.750000,213.270004,209.529999,212.589996,207.949127,2485900
2021-08-25,213.169998,215.699997,212.149994,214.759995,210.071747,2599800
2021-08-26,214.509995,214.509995,210.479996,211.240005,206.628601,2513900
2021-08-27,212.259995,214.029999,212.220001,212.830002,208.183884,2511400
2021-08-30,213.220001,213.740005,210.800003,211.449997,206.834015,1922100
2021-08-31,211.279999,212.300003,210.419998,210.869995,206.266663,2857900
2021-09-01,210.869995,210.990005,206.610001,207.960007,203.420212,4122900
2021-09-02,208.919998,212.949997,208.919998,211.779999,207.156799,2921600
2021-09-03,211.149994,212.800003,210.000000,210.369995,205.777588,2512000
2021-09-07,210.039993,210.339996,207.850006,208.229996,203.684296,2641100
2021-09-08,207.119995,208.119995,204.770004,206.770004,202.256180,2603100
2021-09-09,206.500000,208.149994,204.899994,205.419998,200.935638,2777900
2021-09-10,207.100006,207.880005,204.820007,205.009995,200.534592,2551200
2021-09-13,207.160004,207.860001,203.929993,206.199997,201.698608,2699100
2021-09-14,206.039993,206.100006,201.639999,202.330002,197.913101,3757600
2021-09-15,202.169998,206.589996,201.869995,205.729996,201.238876,3342700
2021-09-16,205.449997,206.389999,202.820007,203.600006,199.155396,3120100
2021-09-17,202.630005,203.270004,199.449997,199.750000,195.389420,6351100
2021-09-20,193.059998,193.990005,188.479996,190.820007,186.654388,9151100
2021-09-21,192.000000,192.710007,186.979996,189.839996,185.695755,5699900
2021-09-22,192.000000,194.500000,191.160004,191.350006,187.172806,3924400
2021-09-23,192.910004,197.600006,192.850006,196.619995,192.327744,3367800
2021-09-24,195.649994,197.789993,194.929993,196.820007,192.523392,2199500
2021-09-27,197.600006,201.990005,197.600006,200.000000,195.633972,3033100
2021-09-28,200.199997,201.889999,198.750000,200.550003,196.171967,3247500
2021-09-29,200.479996,201.160004,197.699997,197.869995,193.550461,2954700
2021-09-30,198.619995,198.869995,191.630005,191.970001,187.779266,4978100
2021-10-01,192.899994,195.869995,191.240005,194.330002,190.087753,3695500
2021-10-04,194.740005,195.910004,192.410004,193.130005,188.913940,2864600
2021-10-05,192.759995,194.399994,190.729996,192.500000,188.297699,3074600
2021-10-06,190.000000,192.389999,187.800003,191.860001,187.671677,3777700
2021-10-07,193.729996,196.389999,193.610001,195.750000,191.476746,3510500
2021-10-08,195.800003,196.580002,194.740005,195.160004,190.899628,2713200
2021-10-11,196.339996,197.169998,192.679993,192.889999,188.679184,2015200
2021-10-12,192.320007,193.580002,189.580002,189.919998,185.774002,4706700
2021-10-13,190.500000,191.250000,187.720001,188.940002,184.815414,3253200
2021-10-14,193.550003,194.800003,192.610001,194.330002,190.087753,5212900
2021-10-15,195.960007,199.449997,195.300003,199.020004,194.675385,4736300
2021-10-18,197.380005,198.679993,195.550003,198.179993,193.853699,2809400
2021-10-19,198.600006,201.479996,198.460007,201.139999,196.749084,2626900
2021-10-20,201.160004,205.179993,200.529999,204.190002,199.732513,2936000
2021-10-21,201.600006,202.300003,199.740005,202.139999,197.727249,3071300
2021-10-22,200.639999,202.350006,199.199997,200.649994,197.353485,2632400
2021-10-25,201.279999,203.309998,200.509995,202.210007,198.887878,3294700
2021-10-26,202.750000,202.789993,199.470001,199.639999,196.360092,2933600
2021-10-27,200.250000,200.429993,195.919998,196.130005,192.907761,3406700
2021-10-28,197.360001,204.500000,197.050003,204.089996,200.736984,4462700
2021-10-29,207.990005,209.750000,203.240005,204.009995,200.658279,4292200
2021-11-01,204.289993,206.880005,203.809998,205.380005,202.005798,3215200
2021-11-02,205.750000,207.809998,203.000000,207.119995,203.717194,3429600
2021-11-03,206.259995,206.580002,201.820007,203.550003,200.205856,3137000
2021-11-04,204.000000,204.889999,202.610001,203.589996,200.245178,2543500
2021-11-05,205.479996,208.880005,205.229996,205.880005,202.497574,2591300
2021-11-08,215.889999,216.470001,211.250000,214.250000,210.730057,5944700
2021-11-09,215.179993,215.570007,208.960007,209.809998,206.363007,3310300
2021-11-10,209.270004,209.949997,206.429993,206.669998,203.274582,3261800
2021-11-11,207.880005,210.440002,207.880005,208.529999,205.104034,4819800
2021-11-12,209.350006,210.690002,208.300003,209.270004,205.831879,2018000
2021-11-15,210.000000,210.690002,206.759995,207.710007,204.297531,2392600
2021-11-16,208.000000,208.179993,205.259995,205.429993,202.054947,2138000
2021-11-17,205.000000,205.190002,200.850006,202.979996,199.645218,3135700
2021-11-18,203.270004,203.710007,200.660004,201.419998,198.110840,2119900
2021-11-19,200.919998,202.919998,199.660004,200.440002,197.146942,2980100
2021-11-22,201.490005,204.529999,200.089996,202.380005,199.055084,2596500
2021-11-23,203.050003,205.570007,201.589996,205.330002,201.956619,3127100
2021-11-24,203.660004,208.259995,203.080002,207.070007,203.668030,3880500
2021-11-26,201.000000,201.449997,196.610001,198.729996,195.465042,3496000
2021-11-29,201.229996,201.500000,193.279999,195.919998,192.701202,4559900
2021-11-30,193.839996,196.779999,191.550003,193.350006,190.173447,6358000
2021-12-01,197.580002,198.429993,191.360001,191.470001,188.324310,3425300
2021-12-02,192.309998,197.619995,191.809998,196.789993,193.556900,3445700
2021-12-03,197.669998,199.389999,195.740005,197.800003,194.550323,3250900
2021-12-06,199.580002,203.259995,198.339996,201.279999,197.973145,2838400
2021-12-07,203.289993,206.210007,203.070007,204.490005,201.130432,2818000
2021-12-08,204.410004,206.199997,203.610001,204.190002,200.835358,2341200
2021-12-09,203.100006,204.970001,200.880005,204.130005,200.776337,1646600
2021-12-10,205.399994,205.899994,202.110001,203.460007,200.117325,3315200
2021-12-13,203.820007,204.250000,200.449997,201.250000,197.943634,1868500
2021-12-14,200.000000,203.979996,199.800003,201.639999,198.327225,2248800
2021-12-15,201.000000,202.600006,198.639999,202.550003,199.222290,2193700
2021-12-16,205.000000,208.229996,204.649994,206.169998,202.782822,2856800
2021-12-17,204.949997,205.250000,201.229996,201.369995,198.061661,6079600
2021-12-20,197.550003,197.550003,193.059998,195.460007,192.248764,3605100
2021-12-21,197.000000,199.020004,196.740005,198.309998,195.051941,2303400
2021-12-22,200.979996,203.399994,200.830002,202.149994,198.828842,3558700
2021-12-23,203.419998,207.300003,203.289993,206.199997,202.812302,2669600
2021-12-27,205.940002,206.899994,205.139999,206.380005,202.989380,1711200
2021-12-28,206.179993,208.259995,206.139999,206.619995,203.225403,1393000
2021-12-29,206.270004,208.550003,206.080002,207.330002,203.923752,1334900
2021-12-30,207.330002,208.910004,205.929993,206.080002,202.694290,1465900
2021-12-31,206.199997,207.740005,205.669998,206.740005,203.343445,1374500
2022-01-03,207.330002,208.600006,205.800003,207.000000,203.599182,2055600
2022-01-04,208.279999,218.919998,207.940002,218.080002,214.497147,5242300
2022-01-05,218.179993,223.360001,218.179993,219.750000,216.139709,5378200
2022-01-06,221.490005,222.710007,218.059998,221.990005,218.342911,3913200
2022-01-07,222.500000,225.970001,222.229996,224.190002,220.506744,3673400
2022-01-10,224.949997,225.750000,220.610001,221.639999,217.998642,3734900
2022-01-11,222.000000,222.089996,216.589996,219.949997,216.336411,2944300
2022-01-12,222.119995,223.690002,220.070007,222.399994,218.746155,2506900
2022-01-13,222.889999,227.880005,222.639999,227.000000,223.270584,5002300
2022-01-14,224.720001,229.639999,223.580002,228.940002,225.178726,3970600
2022-01-18,227.710007,230.429993,226.860001,229.869995,226.093430,5411900
2022-01-19,229.660004,229.809998,220.929993,221.660004,219.076202,4991700
2022-01-20,221.080002,221.869995,216.039993,216.630005,214.104828,3545600
2022-01-21,217.509995,217.509995,212.419998,214.089996,211.594437,3754700
2022-01-24,211.160004,214.970001,206.660004,214.330002,211.831650,5107300
2022-01-25,212.080002,216.830002,207.100006,214.309998,211.811874,4554300
2022-01-26,215.000000,218.880005,212.240005,214.289993,211.792099,3558500
2022-01-27,215.210007,217.899994,210.149994,212.169998,209.696823,3678100
2022-01-28,205.589996,208.000000,196.800003,201.160004,198.815170,10747300
2022-01-31,199.449997,201.600006,194.679993,201.559998,199.210495,6179000
2022-02-01,200.800003,205.789993,200.539993,205.350006,202.956329,4026400
2022-02-02,203.199997,205.800003,201.399994,204.940002,202.551102,3492300
2022-02-03,205.000000,205.869995,200.089996,200.589996,198.251801,2748200
2022-02-04,200.210007,201.009995,196.490005,198.410004,196.097229,3930800
2022-02-07,198.839996,201.529999,198.029999,199.820007,197.490784,2402000
2022-02-08,200.259995,202.309998,199.229996,201.500000,199.151199,2407100
2022-02-09,202.639999,204.100006,202.089996,203.600006,201.226730,2743700
2022-02-10,202.570007,206.750000,201.559998,203.070007,200.702896,3538500
2022-02-11,203.419998,204.649994,200.130005,201.240005,198.894241,3826700
2022-02-14,200.949997,201.699997,198.110001,199.889999,197.559967,2730500
2022-02-15,200.699997,204.449997,200.009995,203.410004,201.038940,2752600
2022-02-16,203.110001,205.419998,203.000000,203.639999,201.266251,2253900
2022-02-17,201.000000,201.759995,194.440002,194.740005,192.470001,4699600
2022-02-18,193.360001,195.619995,191.179993,191.949997,189.712509,4385200
2022-02-22,191.949997,194.899994,190.550003,191.210007,188.981140,3488000
2022-02-23,191.720001,192.320007,186.369995,186.669998,184.494064,3550400
2022-02-24,182.029999,185.270004,179.669998,184.690002,182.537155,5919500
2022-02-25,184.940002,187.929993,184.119995,187.059998,184.879517,3594600
2022-02-28,184.339996,188.770004,183.669998,187.580002,185.393463,5168500
2022-03-01,187.770004,188.220001,180.639999,182.830002,180.698822,5110600
2022-03-02,185.199997,193.559998,185.000000,192.610001,190.364822,5849900
2022-03-03,193.320007,196.580002,192.339996,194.850006,192.578720,4429700
2022-03-04,191.100006,196.009995,190.309998,195.660004,193.379272,4334700
2022-03-07,194.789993,203.500000,193.619995,196.699997,194.407150,6912300
2022-03-08,203.869995,214.889999,203.000000,210.000000,207.552124,9318600
2022-03-09,212.570007,213.600006,207.449997,209.779999,207.334686,4798300
2022-03-10,209.389999,217.520004,208.179993,211.789993,209.321243,4886300
2022-03-11,212.300003,217.770004,212.300003,214.830002,212.325806,4045500
2022-03-14,216.300003,218.479996,212.929993,215.440002,212.928711,3530700
2022-03-15,216.119995,217.380005,210.509995,216.460007,213.936829,4364200
2022-03-16,217.500000,219.490005,212.320007,216.080002,213.561249,4378700
2022-03-17,215.320007,221.779999,214.339996,221.699997,219.115723,3600400
2022-03-18,219.479996,221.699997,218.000000,220.910004,218.334946,4105100
2022-03-21,221.000000,227.050003,220.990005,223.710007,221.102310,2902200
2022-03-22,224.460007,225.850006,221.339996,222.710007,220.113968,2461500
2022-03-23,221.690002,224.779999,221.690002,222.169998,219.580246,2001700
2022-03-24,222.539993,225.000000,221.509995,222.210007,219.619797,2110900
2022-03-25,222.089996,223.800003,221.139999,223.360001,220.756393,1581100
2022-03-28,222.339996,222.679993,219.039993,221.850006,219.263992,3072500
2022-03-29,220.800003,221.429993,216.539993,221.039993,218.463409,3667800
2022-03-30,222.000000,225.880005,220.699997,223.080002,220.479660,2507400
2022-03-31,223.210007,225.190002,222.429993,222.820007,220.222687,3152100
2022-04-01,224.350006,225.520004,218.169998,219.770004,217.208237,2618300
2022-04-04,219.160004,221.350006,216.600006,220.809998,218.236115,2181300
2022-04-05,220.000000,222.369995,215.139999,216.020004,213.501953,3582100
2022-04-06,215.119995,217.130005,213.550003,216.210007,213.689743,2783300
2022-04-07,215.460007,216.309998,213.559998,215.899994,213.383331,2253600
2022-04-08,215.789993,217.880005,214.029999,217.029999,214.500168,2450200
2022-04-11,217.029999,218.759995,215.750000,216.050003,213.531586,2494700
2022-04-12,215.449997,219.479996,214.979996,216.699997,214.174011,2508200
2022-04-13,216.929993,219.679993,216.399994,218.270004,215.725723,1898900
2022-04-14,219.910004,229.220001,218.610001,227.809998,225.154510,5337900
2022-04-18,228.000000,234.380005,228.000000,229.919998,227.239914,3644000
2022-04-19,230.250000,232.940002,227.570007,232.160004,229.453812,2689400
2022-04-20,233.550003,236.369995,232.580002,235.080002,232.339767,2907700
2022-04-21,237.240005,237.899994,231.649994,232.570007,229.859039,3571400
2022-04-22,228.399994,229.789993,215.600006,216.300003,214.803894,5053700
2022-04-25,215.309998,217.000000,209.570007,216.699997,215.201126,4145500
2022-04-26,216.130005,218.199997,209.350006,210.300003,208.845398,4176700
2022-04-27,211.110001,215.550003,207.300003,213.960007,212.480087,3358300
2022-04-28,207.429993,212.960007,202.000000,212.440002,210.970596,6092800
2022-04-29,212.699997,217.210007,210.160004,210.539993,209.083725,3404000
2022-05-02,210.000000,212.770004,207.660004,212.070007,210.603165,2639500
2022-05-03,211.899994,215.360001,210.789993,213.619995,212.142426,2121100
2022-05-04,214.949997,223.289993,213.830002,222.589996,221.050385,3023700
2022-05-05,222.399994,223.149994,213.770004,215.929993,214.436447,3005600
2022-05-06,217.009995,217.009995,210.350006,214.649994,213.165298,2268400
2022-05-09,212.029999,212.050003,205.440002,206.289993,204.863129,2929900
2022-05-10,208.240005,209.520004,201.389999,202.990005,201.585953,3040400
2022-05-11,205.559998,209.710007,203.589996,205.210007,203.790604,2552400
2022-05-12,203.610001,205.339996,199.300003,203.029999,201.625671,3282000
2022-05-13,205.149994,206.460007,202.919998,204.330002,202.916687,2323800
2022-05-16,205.020004,209.210007,203.679993,207.190002,205.756912,2540800
2022-05-17,212.800003,213.770004,209.139999,213.089996,211.616089,2275900
2022-05-18,213.839996,217.899994,207.520004,207.940002,206.501724,4723300
2022-05-19,205.860001,209.279999,201.710007,206.759995,205.329880,2887700
2022-05-20,206.449997,206.630005,194.039993,197.820007,196.451721,5404500
2022-05-23,199.929993,205.490005,199.160004,204.149994,202.737930,3246600
2022-05-24,202.009995,205.699997,201.289993,205.649994,204.227554,2467800
2022-05-25,205.000000,210.089996,204.820007,209.309998,207.862244,3080200
2022-05-26,211.550003,213.639999,210.399994,212.990005,211.516785,2016000
2022-05-27,215.000000,217.630005,214.160004,217.139999,215.638077,2020400
2022-05-31,214.789993,218.089996,213.490005,215.850006,214.357010,3773500
2022-06-01,218.460007,219.000000,214.300003,217.570007,216.065109,2314000
2022-06-02,219.589996,220.839996,217.250000,220.000000,218.478302,1784100
2022-06-03,218.250000,224.100006,218.250000,222.899994,221.358231,2222500
2022-06-06,222.899994,224.759995,222.250000,223.630005,222.083191,1565400
2022-06-07,222.000000,227.270004,221.649994,227.100006,225.529190,1799000
2022-06-08,225.289993,232.350006,224.619995,229.800003,228.210510,4171300
2022-06-09,227.429993,228.210007,223.619995,223.669998,222.122910,3045700
2022-06-10,219.500000,220.220001,215.009995,215.179993,213.691635,2604100
2022-06-13,209.580002,209.869995,204.899994,206.880005,205.449051,3559400
2022-06-14,208.059998,209.729996,205.270004,206.690002,205.260361,2359000
2022-06-15,207.479996,208.649994,203.130005,206.000000,204.575134,2343100
2022-06-16,201.070007,201.250000,193.250000,194.789993,193.442673,4789900
2022-06-17,195.679993,197.740005,190.869995,192.639999,191.307541,7226100
2022-06-21,197.100006,198.419998,193.869995,196.369995,195.011734,2755400
2022-06-22,190.000000,192.789993,187.710007,187.830002,186.530823,4008700
2022-06-23,186.580002,187.229996,176.020004,178.669998,177.434174,6667900
2022-06-24,181.339996,185.600006,179.369995,185.490005,184.207001,4868900
2022-06-27,188.080002,190.080002,185.820007,187.589996,186.292465,3061100
2022-06-28,189.970001,193.100006,187.429993,187.440002,186.143509,3327200
2022-06-29,187.320007,187.570007,182.130005,183.479996,182.210892,2436900
2022-06-30,180.259995,182.139999,177.119995,178.759995,177.523544,4197100
2022-07-01,179.309998,181.320007,173.720001,178.289993,177.056793,3423100
2022-07-05,173.770004,174.419998,170.600006,173.759995,172.558121,3724900
2022-07-06,173.479996,174.669998,169.289993,172.309998,171.118164,3190600
2022-07-07,182.500000,182.500000,176.330002,180.279999,179.033035,4677600
2022-07-08,180.229996,181.240005,176.389999,179.100006,177.861206,2491100
2022-07-11,177.410004,179.770004,174.619995,175.020004,173.809418,2773300
2022-07-12,174.740005,177.240005,172.600006,174.490005,173.283096,2718400
2022-07-13,172.250000,175.250000,171.860001,173.869995,172.667374,2389000
2022-07-14,169.750000,170.699997,167.080002,169.940002,168.764557,2531200
2022-07-15,172.250000,173.380005,169.199997,173.380005,172.180771,2282100
2022-07-18,176.130005,176.699997,172.710007,173.490005,172.290009,2476400
2022-07-19,173.899994,179.699997,172.880005,179.490005,179.490005,2671400
2022-07-20,178.779999,180.800003,177.070007,179.970001,179.970001,2175900
2022-07-21,178.419998,181.070007,176.479996,180.990005,180.990005,2214500
2022-07-22,181.490005,182.800003,177.339996,178.619995,178.619995,1961500
2022-07-25,179.169998,182.600006,177.770004,181.809998,181.809998,1845600
2022-07-26,181.160004,183.649994,180.580002,181.229996,181.229996,1767700
2022-07-27,182.919998,186.179993,180.320007,185.250000,185.250000,1856500
2022-07-28,186.850006,189.520004,184.199997,187.839996,187.839996,2229200
2022-07-29,189.190002,199.490005,189.119995,198.250000,198.250000,5188100
2022-08-01,195.080002,197.190002,193.399994,194.860001,194.860001,3185100
2022-08-02,188.000000,189.470001,183.160004,183.509995,183.509995,8193100
2022-08-03,183.320007,185.440002,181.600006,182.869995,182.869995,4155900
2022-08-04,182.860001,185.929993,181.119995,183.639999,183.639999,2478900
2022-08-05,183.580002,186.100006,183.229996,185.389999,185.389999,1908500
2022-08-08,186.770004,188.000000,184.160004,185.809998,185.809998,2655000
2022-08-09,185.949997,187.880005,185.160004,186.029999,186.029999,2460000
2022-08-10,188.729996,191.520004,187.449997,190.720001,190.720001,2304300
2022-08-11,192.830002,195.580002,191.910004,194.000000,194.000000,2538900
2022-08-12,194.889999,196.970001,193.800003,196.839996,196.839996,1864800
2022-08-15,193.399994,196.500000,193.070007,195.949997,195.949997,1752400
2022-08-16,195.320007,198.399994,194.949997,197.520004,197.520004,1959300
2022-08-17,195.000000,196.899994,193.869995,195.929993,195.929993,1576200
2022-08-18,197.050003,197.630005,195.250000,197.350006,197.350006,1750900
2022-08-19,195.270004,197.220001,193.809998,195.600006,195.600006,2003600
2022-08-22,193.110001,193.929993,191.550003,191.759995,191.759995,2008900
2022-08-23,192.750000,198.139999,192.479996,197.210007,197.210007,2444900
2022-08-24,197.559998,198.679993,193.449997,194.160004,194.160004,2503200
2022-08-25,195.490005,198.910004,194.570007,198.880005,198.880005,1888700
2022-08-26,199.399994,200.369995,191.729996,191.919998,191.919998,2560400
2022-08-29,190.000000,193.169998,189.000000,191.779999,191.779999,1996600
2022-08-30,191.500000,191.960007,184.589996,186.940002,186.940002,2691200
2022-08-31,186.630005,188.059998,184.500000,184.710007,184.710007,2656600
2022-09-01,182.270004,183.210007,180.100006,182.440002,182.440002,2686200
2022-09-02,184.850006,185.740005,179.850006,180.830002,180.830002,2185400
2022-09-06,182.899994,183.660004,179.589996,180.660004,180.660004,2141700
2022-09-07,179.110001,181.839996,178.190002,180.860001,180.860001,2166900
2022-09-08,179.679993,183.279999,178.080002,183.149994,183.149994,2245700
2022-09-09,187.550003,189.759995,187.220001,189.490005,189.490005,2279600
2022-09-12,190.850006,192.699997,190.610001,192.399994,192.399994,1937200
2022-09-13,187.850006,190.050003,183.500000,184.309998,184.309998,2207500
2022-09-14,183.919998,185.139999,181.869995,184.649994,184.649994,2295000
2022-09-15,184.669998,186.539993,181.679993,182.490005,182.490005,1933100
2022-09-16,180.000000,180.339996,177.770004,179.470001,179.470001,5087600
2022-09-19,177.250000,182.729996,176.800003,182.110001,182.110001,2923700
2022-09-20,180.589996,180.720001,176.309998,177.990005,177.990005,2512400
2022-09-21,179.279999,180.490005,171.880005,171.949997,171.949997,4061900
2022-09-22,172.699997,174.619995,170.289993,170.550003,170.550003,2508400
2022-09-23,168.660004,169.440002,161.729996,164.240005,164.240005,4045900
2022-09-26,164.000000,165.850006,162.220001,162.619995,162.619995,3213400
2022-09-27,164.460007,164.570007,160.600006,162.440002,162.440002,2753500
2022-09-28,164.500000,168.479996,163.539993,167.759995,167.759995,3694800
2022-09-29,165.699997,166.589996,163.539993,165.899994,165.899994,3518100
2022-09-30,165.889999,167.779999,163.889999,164.080002,164.080002,2963000
2022-10-03,167.429993,173.369995,166.050003,171.229996,171.229996,3444700
2022-10-04,174.300003,180.190002,174.210007,179.630005,179.630005,4008200